INFO 2026-01-17 09:40:21,500 django.utils.autoreload Watching for file changes with StatReloader
INFO 2026-01-17 09:40:21,500 django.utils.autoreload Watching for file changes with StatReloader
INFO 2026-01-17 09:42:35,680 django.utils.autoreload C:\Users\SHAHEEM\OneDrive\Desktop\IMPORTANT\BRO\WEEK24\KAAIZEN\Backend\auth_api\otp_service.py changed, reloading.
INFO 2026-01-17 09:42:35,680 django.utils.autoreload C:\Users\SHAHEEM\OneDrive\Desktop\IMPORTANT\BRO\WEEK24\KAAIZEN\Backend\auth_api\otp_service.py changed, reloading.
INFO 2026-01-17 09:42:37,776 django.utils.autoreload Watching for file changes with StatReloader
INFO 2026-01-17 09:42:37,776 django.utils.autoreload Watching for file changes with StatReloader
INFO 2026-01-17 09:42:44,103 django.utils.autoreload C:\Users\SHAHEEM\OneDrive\Desktop\IMPORTANT\BRO\WEEK24\KAAIZEN\Backend\auth_api\otp_service.py changed, reloading.
INFO 2026-01-17 09:42:44,103 django.utils.autoreload C:\Users\SHAHEEM\OneDrive\Desktop\IMPORTANT\BRO\WEEK24\KAAIZEN\Backend\auth_api\otp_service.py changed, reloading.
INFO 2026-01-17 09:42:45,634 django.utils.autoreload Watching for file changes with StatReloader
INFO 2026-01-17 09:42:45,634 django.utils.autoreload Watching for file changes with StatReloader
INFO 2026-01-17 09:42:48,210 django.utils.autoreload C:\Users\SHAHEEM\OneDrive\Desktop\IMPORTANT\BRO\WEEK24\KAAIZEN\Backend\auth_api\otp_service.py changed, reloading.
INFO 2026-01-17 09:42:48,210 django.utils.autoreload C:\Users\SHAHEEM\OneDrive\Desktop\IMPORTANT\BRO\WEEK24\KAAIZEN\Backend\auth_api\otp_service.py changed, reloading.
INFO 2026-01-17 09:42:49,670 django.utils.autoreload Watching for file changes with StatReloader
INFO 2026-01-17 09:42:49,670 django.utils.autoreload Watching for file changes with StatReloader
INFO 2026-01-17 09:43:08,916 django.utils.autoreload C:\Users\SHAHEEM\OneDrive\Desktop\IMPORTANT\BRO\WEEK24\KAAIZEN\Backend\auth_api\views.py changed, reloading.
INFO 2026-01-17 09:43:08,916 django.utils.autoreload C:\Users\SHAHEEM\OneDrive\Desktop\IMPORTANT\BRO\WEEK24\KAAIZEN\Backend\auth_api\views.py changed, reloading.
INFO 2026-01-17 09:43:10,402 django.utils.autoreload Watching for file changes with StatReloader
INFO 2026-01-17 09:43:10,402 django.utils.autoreload Watching for file changes with StatReloader
INFO 2026-01-17 09:43:16,544 django.utils.autoreload C:\Users\SHAHEEM\OneDrive\Desktop\IMPORTANT\BRO\WEEK24\KAAIZEN\Backend\auth_api\views.py changed, reloading.
INFO 2026-01-17 09:43:16,544 django.utils.autoreload C:\Users\SHAHEEM\OneDrive\Desktop\IMPORTANT\BRO\WEEK24\KAAIZEN\Backend\auth_api\views.py changed, reloading.
INFO 2026-01-17 09:43:17,935 django.utils.autoreload Watching for file changes with StatReloader
INFO 2026-01-17 09:43:17,935 django.utils.autoreload Watching for file changes with StatReloader
INFO 2026-01-17 09:43:21,527 django.utils.autoreload C:\Users\SHAHEEM\OneDrive\Desktop\IMPORTANT\BRO\WEEK24\KAAIZEN\Backend\auth_api\views.py changed, reloading.
INFO 2026-01-17 09:43:21,527 django.utils.autoreload C:\Users\SHAHEEM\OneDrive\Desktop\IMPORTANT\BRO\WEEK24\KAAIZEN\Backend\auth_api\views.py changed, reloading.
INFO 2026-01-17 09:43:22,916 django.utils.autoreload Watching for file changes with StatReloader
INFO 2026-01-17 09:43:22,916 django.utils.autoreload Watching for file changes with StatReloader
INFO 2026-01-17 09:43:26,416 django.utils.autoreload C:\Users\SHAHEEM\OneDrive\Desktop\IMPORTANT\BRO\WEEK24\KAAIZEN\Backend\auth_api\views.py changed, reloading.
INFO 2026-01-17 09:43:26,416 django.utils.autoreload C:\Users\SHAHEEM\OneDrive\Desktop\IMPORTANT\BRO\WEEK24\KAAIZEN\Backend\auth_api\views.py changed, reloading.
INFO 2026-01-17 09:43:28,010 django.utils.autoreload Watching for file changes with StatReloader
INFO 2026-01-17 09:43:28,010 django.utils.autoreload Watching for file changes with StatReloader
INFO 2026-01-17 09:43:30,532 django.utils.autoreload C:\Users\SHAHEEM\OneDrive\Desktop\IMPORTANT\BRO\WEEK24\KAAIZEN\Backend\auth_api\views.py changed, reloading.
INFO 2026-01-17 09:43:30,532 django.utils.autoreload C:\Users\SHAHEEM\OneDrive\Desktop\IMPORTANT\BRO\WEEK24\KAAIZEN\Backend\auth_api\views.py changed, reloading.
INFO 2026-01-17 09:43:31,941 django.utils.autoreload Watching for file changes with StatReloader
INFO 2026-01-17 09:43:31,941 django.utils.autoreload Watching for file changes with StatReloader
INFO 2026-01-17 09:43:34,480 django.utils.autoreload C:\Users\SHAHEEM\OneDrive\Desktop\IMPORTANT\BRO\WEEK24\KAAIZEN\Backend\auth_api\views.py changed, reloading.
INFO 2026-01-17 09:43:34,480 django.utils.autoreload C:\Users\SHAHEEM\OneDrive\Desktop\IMPORTANT\BRO\WEEK24\KAAIZEN\Backend\auth_api\views.py changed, reloading.
INFO 2026-01-17 09:43:35,845 django.utils.autoreload Watching for file changes with StatReloader
INFO 2026-01-17 09:43:35,845 django.utils.autoreload Watching for file changes with StatReloader
INFO 2026-01-17 09:43:40,913 django.utils.autoreload C:\Users\SHAHEEM\OneDrive\Desktop\IMPORTANT\BRO\WEEK24\KAAIZEN\Backend\auth_api\views.py changed, reloading.
INFO 2026-01-17 09:43:40,913 django.utils.autoreload C:\Users\SHAHEEM\OneDrive\Desktop\IMPORTANT\BRO\WEEK24\KAAIZEN\Backend\auth_api\views.py changed, reloading.
INFO 2026-01-17 09:43:42,585 django.utils.autoreload Watching for file changes with StatReloader
INFO 2026-01-17 09:43:42,585 django.utils.autoreload Watching for file changes with StatReloader
INFO 2026-01-17 09:43:45,154 django.utils.autoreload C:\Users\SHAHEEM\OneDrive\Desktop\IMPORTANT\BRO\WEEK24\KAAIZEN\Backend\auth_api\views.py changed, reloading.
INFO 2026-01-17 09:43:45,154 django.utils.autoreload C:\Users\SHAHEEM\OneDrive\Desktop\IMPORTANT\BRO\WEEK24\KAAIZEN\Backend\auth_api\views.py changed, reloading.
INFO 2026-01-17 09:43:46,467 django.utils.autoreload Watching for file changes with StatReloader
INFO 2026-01-17 09:43:46,467 django.utils.autoreload Watching for file changes with StatReloader
INFO 2026-01-17 09:43:51,322 django.utils.autoreload C:\Users\SHAHEEM\OneDrive\Desktop\IMPORTANT\BRO\WEEK24\KAAIZEN\Backend\auth_api\views.py changed, reloading.
INFO 2026-01-17 09:43:51,322 django.utils.autoreload C:\Users\SHAHEEM\OneDrive\Desktop\IMPORTANT\BRO\WEEK24\KAAIZEN\Backend\auth_api\views.py changed, reloading.
INFO 2026-01-17 09:43:53,463 django.utils.autoreload Watching for file changes with StatReloader
INFO 2026-01-17 09:43:53,463 django.utils.autoreload Watching for file changes with StatReloader
INFO 2026-01-17 09:43:58,684 django.utils.autoreload C:\Users\SHAHEEM\OneDrive\Desktop\IMPORTANT\BRO\WEEK24\KAAIZEN\Backend\auth_api\views.py changed, reloading.
INFO 2026-01-17 09:43:58,684 django.utils.autoreload C:\Users\SHAHEEM\OneDrive\Desktop\IMPORTANT\BRO\WEEK24\KAAIZEN\Backend\auth_api\views.py changed, reloading.
INFO 2026-01-17 09:44:00,116 django.utils.autoreload Watching for file changes with StatReloader
INFO 2026-01-17 09:44:00,116 django.utils.autoreload Watching for file changes with StatReloader
INFO 2026-01-17 09:44:06,006 django.utils.autoreload C:\Users\SHAHEEM\OneDrive\Desktop\IMPORTANT\BRO\WEEK24\KAAIZEN\Backend\auth_api\views.py changed, reloading.
INFO 2026-01-17 09:44:06,006 django.utils.autoreload C:\Users\SHAHEEM\OneDrive\Desktop\IMPORTANT\BRO\WEEK24\KAAIZEN\Backend\auth_api\views.py changed, reloading.
INFO 2026-01-17 09:44:07,527 django.utils.autoreload Watching for file changes with StatReloader
INFO 2026-01-17 09:44:07,527 django.utils.autoreload Watching for file changes with StatReloader
INFO 2026-01-17 09:44:30,042 django.utils.autoreload C:\Users\SHAHEEM\OneDrive\Desktop\IMPORTANT\BRO\WEEK24\KAAIZEN\Backend\auth_api\views.py changed, reloading.
INFO 2026-01-17 09:44:30,042 django.utils.autoreload C:\Users\SHAHEEM\OneDrive\Desktop\IMPORTANT\BRO\WEEK24\KAAIZEN\Backend\auth_api\views.py changed, reloading.
INFO 2026-01-17 09:44:31,482 django.utils.autoreload Watching for file changes with StatReloader
INFO 2026-01-17 09:44:31,482 django.utils.autoreload Watching for file changes with StatReloader
INFO 2026-01-17 09:44:48,325 django.utils.autoreload C:\Users\SHAHEEM\OneDrive\Desktop\IMPORTANT\BRO\WEEK24\KAAIZEN\Backend\admin_api\views.py changed, reloading.
INFO 2026-01-17 09:44:48,325 django.utils.autoreload C:\Users\SHAHEEM\OneDrive\Desktop\IMPORTANT\BRO\WEEK24\KAAIZEN\Backend\admin_api\views.py changed, reloading.
INFO 2026-01-17 09:44:49,956 django.utils.autoreload Watching for file changes with StatReloader
INFO 2026-01-17 09:44:49,956 django.utils.autoreload Watching for file changes with StatReloader
INFO 2026-01-17 09:45:21,757 django.utils.autoreload C:\Users\SHAHEEM\OneDrive\Desktop\IMPORTANT\BRO\WEEK24\KAAIZEN\Backend\clients\serializers\client_profile.py changed, reloading.
INFO 2026-01-17 09:45:21,757 django.utils.autoreload C:\Users\SHAHEEM\OneDrive\Desktop\IMPORTANT\BRO\WEEK24\KAAIZEN\Backend\clients\serializers\client_profile.py changed, reloading.
INFO 2026-01-17 09:45:23,259 django.utils.autoreload Watching for file changes with StatReloader
INFO 2026-01-17 09:45:23,259 django.utils.autoreload Watching for file changes with StatReloader
INFO 2026-01-17 09:45:42,597 django.utils.autoreload C:\Users\SHAHEEM\OneDrive\Desktop\IMPORTANT\BRO\WEEK24\KAAIZEN\Backend\clients\services\calculations.py changed, reloading.
INFO 2026-01-17 09:45:42,597 django.utils.autoreload C:\Users\SHAHEEM\OneDrive\Desktop\IMPORTANT\BRO\WEEK24\KAAIZEN\Backend\clients\services\calculations.py changed, reloading.
INFO 2026-01-17 09:45:44,944 django.utils.autoreload Watching for file changes with StatReloader
INFO 2026-01-17 09:45:44,944 django.utils.autoreload Watching for file changes with StatReloader
INFO 2026-01-17 09:45:47,320 django.utils.autoreload C:\Users\SHAHEEM\OneDrive\Desktop\IMPORTANT\BRO\WEEK24\KAAIZEN\Backend\clients\services\calculations.py changed, reloading.
INFO 2026-01-17 09:45:47,320 django.utils.autoreload C:\Users\SHAHEEM\OneDrive\Desktop\IMPORTANT\BRO\WEEK24\KAAIZEN\Backend\clients\services\calculations.py changed, reloading.
INFO 2026-01-17 09:45:48,844 django.utils.autoreload Watching for file changes with StatReloader
INFO 2026-01-17 09:45:48,844 django.utils.autoreload Watching for file changes with StatReloader
INFO 2026-01-17 09:45:52,560 django.utils.autoreload C:\Users\SHAHEEM\OneDrive\Desktop\IMPORTANT\BRO\WEEK24\KAAIZEN\Backend\clients\services\calculations.py changed, reloading.
INFO 2026-01-17 09:45:52,560 django.utils.autoreload C:\Users\SHAHEEM\OneDrive\Desktop\IMPORTANT\BRO\WEEK24\KAAIZEN\Backend\clients\services\calculations.py changed, reloading.
INFO 2026-01-17 09:45:54,540 django.utils.autoreload Watching for file changes with StatReloader
INFO 2026-01-17 09:45:54,540 django.utils.autoreload Watching for file changes with StatReloader
INFO 2026-01-17 09:51:32,435 django.utils.autoreload C:\Users\SHAHEEM\OneDrive\Desktop\IMPORTANT\BRO\WEEK24\KAAIZEN\Backend\clients\views.py changed, reloading.
INFO 2026-01-17 09:51:32,435 django.utils.autoreload C:\Users\SHAHEEM\OneDrive\Desktop\IMPORTANT\BRO\WEEK24\KAAIZEN\Backend\clients\views.py changed, reloading.
INFO 2026-01-17 09:51:34,332 django.utils.autoreload Watching for file changes with StatReloader
INFO 2026-01-17 09:51:34,332 django.utils.autoreload Watching for file changes with StatReloader
INFO 2026-01-17 09:51:39,268 django.utils.autoreload C:\Users\SHAHEEM\OneDrive\Desktop\IMPORTANT\BRO\WEEK24\KAAIZEN\Backend\clients\views.py changed, reloading.
INFO 2026-01-17 09:51:39,268 django.utils.autoreload C:\Users\SHAHEEM\OneDrive\Desktop\IMPORTANT\BRO\WEEK24\KAAIZEN\Backend\clients\views.py changed, reloading.
INFO 2026-01-17 09:51:41,921 django.utils.autoreload Watching for file changes with StatReloader
INFO 2026-01-17 09:51:41,921 django.utils.autoreload Watching for file changes with StatReloader
INFO 2026-01-17 09:51:48,940 django.utils.autoreload C:\Users\SHAHEEM\OneDrive\Desktop\IMPORTANT\BRO\WEEK24\KAAIZEN\Backend\clients\views.py changed, reloading.
INFO 2026-01-17 09:51:48,940 django.utils.autoreload C:\Users\SHAHEEM\OneDrive\Desktop\IMPORTANT\BRO\WEEK24\KAAIZEN\Backend\clients\views.py changed, reloading.
INFO 2026-01-17 09:51:51,066 django.utils.autoreload Watching for file changes with StatReloader
INFO 2026-01-17 09:51:51,066 django.utils.autoreload Watching for file changes with StatReloader
INFO 2026-01-17 09:51:53,080 django.utils.autoreload C:\Users\SHAHEEM\OneDrive\Desktop\IMPORTANT\BRO\WEEK24\KAAIZEN\Backend\clients\views.py changed, reloading.
INFO 2026-01-17 09:51:53,080 django.utils.autoreload C:\Users\SHAHEEM\OneDrive\Desktop\IMPORTANT\BRO\WEEK24\KAAIZEN\Backend\clients\views.py changed, reloading.
INFO 2026-01-17 09:51:55,275 django.utils.autoreload Watching for file changes with StatReloader
INFO 2026-01-17 09:51:55,275 django.utils.autoreload Watching for file changes with StatReloader
INFO 2026-01-17 09:51:57,270 django.utils.autoreload C:\Users\SHAHEEM\OneDrive\Desktop\IMPORTANT\BRO\WEEK24\KAAIZEN\Backend\clients\views.py changed, reloading.
INFO 2026-01-17 09:51:57,270 django.utils.autoreload C:\Users\SHAHEEM\OneDrive\Desktop\IMPORTANT\BRO\WEEK24\KAAIZEN\Backend\clients\views.py changed, reloading.
INFO 2026-01-17 09:51:59,153 django.utils.autoreload Watching for file changes with StatReloader
INFO 2026-01-17 09:51:59,153 django.utils.autoreload Watching for file changes with StatReloader
INFO 2026-01-17 09:53:18,746 django.utils.autoreload C:\Users\SHAHEEM\OneDrive\Desktop\IMPORTANT\BRO\WEEK24\KAAIZEN\Backend\clients\views.py changed, reloading.
INFO 2026-01-17 09:53:18,746 django.utils.autoreload C:\Users\SHAHEEM\OneDrive\Desktop\IMPORTANT\BRO\WEEK24\KAAIZEN\Backend\clients\views.py changed, reloading.
INFO 2026-01-17 09:53:20,425 django.utils.autoreload Watching for file changes with StatReloader
INFO 2026-01-17 09:53:20,425 django.utils.autoreload Watching for file changes with StatReloader
INFO 2026-01-17 09:54:38,428 django.utils.autoreload C:\Users\SHAHEEM\OneDrive\Desktop\IMPORTANT\BRO\WEEK24\KAAIZEN\Backend\clients\views.py changed, reloading.
INFO 2026-01-17 09:54:38,428 django.utils.autoreload C:\Users\SHAHEEM\OneDrive\Desktop\IMPORTANT\BRO\WEEK24\KAAIZEN\Backend\clients\views.py changed, reloading.
INFO 2026-01-17 09:54:40,338 django.utils.autoreload Watching for file changes with StatReloader
INFO 2026-01-17 09:54:40,338 django.utils.autoreload Watching for file changes with StatReloader
INFO 2026-01-17 09:56:19,564 django.utils.autoreload C:\Users\SHAHEEM\OneDrive\Desktop\IMPORTANT\BRO\WEEK24\KAAIZEN\Backend\clients\serializers\client_profile.py changed, reloading.
INFO 2026-01-17 09:56:19,564 django.utils.autoreload C:\Users\SHAHEEM\OneDrive\Desktop\IMPORTANT\BRO\WEEK24\KAAIZEN\Backend\clients\serializers\client_profile.py changed, reloading.
INFO 2026-01-17 09:56:21,094 django.utils.autoreload Watching for file changes with StatReloader
INFO 2026-01-17 09:56:21,094 django.utils.autoreload Watching for file changes with StatReloader
INFO 2026-01-17 09:56:27,925 django.utils.autoreload C:\Users\SHAHEEM\OneDrive\Desktop\IMPORTANT\BRO\WEEK24\KAAIZEN\Backend\clients\services\calculations.py changed, reloading.
INFO 2026-01-17 09:56:27,925 django.utils.autoreload C:\Users\SHAHEEM\OneDrive\Desktop\IMPORTANT\BRO\WEEK24\KAAIZEN\Backend\clients\services\calculations.py changed, reloading.
INFO 2026-01-17 09:56:29,582 django.utils.autoreload Watching for file changes with StatReloader
INFO 2026-01-17 09:56:29,582 django.utils.autoreload Watching for file changes with StatReloader
INFO 2026-01-17 09:57:03,398 django.utils.autoreload C:\Users\SHAHEEM\OneDrive\Desktop\IMPORTANT\BRO\WEEK24\KAAIZEN\Backend\clients\views.py changed, reloading.
INFO 2026-01-17 09:57:03,398 django.utils.autoreload C:\Users\SHAHEEM\OneDrive\Desktop\IMPORTANT\BRO\WEEK24\KAAIZEN\Backend\clients\views.py changed, reloading.
INFO 2026-01-17 09:57:05,049 django.utils.autoreload Watching for file changes with StatReloader
INFO 2026-01-17 09:57:05,049 django.utils.autoreload Watching for file changes with StatReloader
INFO 2026-01-17 09:57:07,520 django.utils.autoreload C:\Users\SHAHEEM\OneDrive\Desktop\IMPORTANT\BRO\WEEK24\KAAIZEN\Backend\clients\views.py changed, reloading.
INFO 2026-01-17 09:57:07,520 django.utils.autoreload C:\Users\SHAHEEM\OneDrive\Desktop\IMPORTANT\BRO\WEEK24\KAAIZEN\Backend\clients\views.py changed, reloading.
INFO 2026-01-17 09:57:09,134 django.utils.autoreload Watching for file changes with StatReloader
INFO 2026-01-17 09:57:09,134 django.utils.autoreload Watching for file changes with StatReloader
INFO 2026-01-17 09:57:11,481 django.utils.autoreload C:\Users\SHAHEEM\OneDrive\Desktop\IMPORTANT\BRO\WEEK24\KAAIZEN\Backend\clients\views.py changed, reloading.
INFO 2026-01-17 09:57:11,481 django.utils.autoreload C:\Users\SHAHEEM\OneDrive\Desktop\IMPORTANT\BRO\WEEK24\KAAIZEN\Backend\clients\views.py changed, reloading.
INFO 2026-01-17 09:57:12,873 django.utils.autoreload Watching for file changes with StatReloader
INFO 2026-01-17 09:57:12,873 django.utils.autoreload Watching for file changes with StatReloader
INFO 2026-01-17 09:57:17,555 django.utils.autoreload C:\Users\SHAHEEM\OneDrive\Desktop\IMPORTANT\BRO\WEEK24\KAAIZEN\Backend\clients\views.py changed, reloading.
INFO 2026-01-17 09:57:17,555 django.utils.autoreload C:\Users\SHAHEEM\OneDrive\Desktop\IMPORTANT\BRO\WEEK24\KAAIZEN\Backend\clients\views.py changed, reloading.
INFO 2026-01-17 09:57:18,965 django.utils.autoreload Watching for file changes with StatReloader
INFO 2026-01-17 09:57:18,965 django.utils.autoreload Watching for file changes with StatReloader
INFO 2026-01-17 09:57:39,737 django.utils.autoreload C:\Users\SHAHEEM\OneDrive\Desktop\IMPORTANT\BRO\WEEK24\KAAIZEN\Backend\clients\views.py changed, reloading.
INFO 2026-01-17 09:57:39,737 django.utils.autoreload C:\Users\SHAHEEM\OneDrive\Desktop\IMPORTANT\BRO\WEEK24\KAAIZEN\Backend\clients\views.py changed, reloading.
INFO 2026-01-17 09:57:41,161 django.utils.autoreload Watching for file changes with StatReloader
INFO 2026-01-17 09:57:41,161 django.utils.autoreload Watching for file changes with StatReloader
INFO 2026-01-17 09:57:43,790 django.utils.autoreload C:\Users\SHAHEEM\OneDrive\Desktop\IMPORTANT\BRO\WEEK24\KAAIZEN\Backend\clients\views.py changed, reloading.
INFO 2026-01-17 09:57:43,790 django.utils.autoreload C:\Users\SHAHEEM\OneDrive\Desktop\IMPORTANT\BRO\WEEK24\KAAIZEN\Backend\clients\views.py changed, reloading.
INFO 2026-01-17 09:57:45,354 django.utils.autoreload Watching for file changes with StatReloader
INFO 2026-01-17 09:57:45,354 django.utils.autoreload Watching for file changes with StatReloader
INFO 2026-01-17 09:57:52,592 django.utils.autoreload C:\Users\SHAHEEM\OneDrive\Desktop\IMPORTANT\BRO\WEEK24\KAAIZEN\Backend\clients\views.py changed, reloading.
INFO 2026-01-17 09:57:52,592 django.utils.autoreload C:\Users\SHAHEEM\OneDrive\Desktop\IMPORTANT\BRO\WEEK24\KAAIZEN\Backend\clients\views.py changed, reloading.
INFO 2026-01-17 09:57:54,302 django.utils.autoreload Watching for file changes with StatReloader
INFO 2026-01-17 09:57:54,302 django.utils.autoreload Watching for file changes with StatReloader
INFO 2026-01-17 09:57:57,161 django.utils.autoreload C:\Users\SHAHEEM\OneDrive\Desktop\IMPORTANT\BRO\WEEK24\KAAIZEN\Backend\clients\views.py changed, reloading.
INFO 2026-01-17 09:57:57,161 django.utils.autoreload C:\Users\SHAHEEM\OneDrive\Desktop\IMPORTANT\BRO\WEEK24\KAAIZEN\Backend\clients\views.py changed, reloading.
INFO 2026-01-17 09:57:58,611 django.utils.autoreload Watching for file changes with StatReloader
INFO 2026-01-17 09:57:58,611 django.utils.autoreload Watching for file changes with StatReloader
INFO 2026-01-17 09:58:19,313 django.utils.autoreload C:\Users\SHAHEEM\OneDrive\Desktop\IMPORTANT\BRO\WEEK24\KAAIZEN\Backend\clients\serializers\client_profile.py changed, reloading.
INFO 2026-01-17 09:58:19,313 django.utils.autoreload C:\Users\SHAHEEM\OneDrive\Desktop\IMPORTANT\BRO\WEEK24\KAAIZEN\Backend\clients\serializers\client_profile.py changed, reloading.
INFO 2026-01-17 09:58:20,808 django.utils.autoreload Watching for file changes with StatReloader
INFO 2026-01-17 09:58:20,808 django.utils.autoreload Watching for file changes with StatReloader
INFO 2026-01-17 09:58:22,755 django.utils.autoreload C:\Users\SHAHEEM\OneDrive\Desktop\IMPORTANT\BRO\WEEK24\KAAIZEN\Backend\clients\serializers\client_profile.py changed, reloading.
INFO 2026-01-17 09:58:22,755 django.utils.autoreload C:\Users\SHAHEEM\OneDrive\Desktop\IMPORTANT\BRO\WEEK24\KAAIZEN\Backend\clients\serializers\client_profile.py changed, reloading.
INFO 2026-01-17 09:58:24,255 django.utils.autoreload Watching for file changes with StatReloader
INFO 2026-01-17 09:58:24,255 django.utils.autoreload Watching for file changes with StatReloader
INFO 2026-01-17 09:58:24,610 clients.serializers.client_profile from post of client rpofile view
INFO 2026-01-17 09:58:27,816 django.utils.autoreload C:\Users\SHAHEEM\OneDrive\Desktop\IMPORTANT\BRO\WEEK24\KAAIZEN\Backend\clients\serializers\client_profile.py changed, reloading.
INFO 2026-01-17 09:58:27,816 django.utils.autoreload C:\Users\SHAHEEM\OneDrive\Desktop\IMPORTANT\BRO\WEEK24\KAAIZEN\Backend\clients\serializers\client_profile.py changed, reloading.
INFO 2026-01-17 09:58:29,366 django.utils.autoreload Watching for file changes with StatReloader
INFO 2026-01-17 09:58:29,366 django.utils.autoreload Watching for file changes with StatReloader
INFO 2026-01-17 09:58:29,702 clients.serializers.client_profile from pot of client rpofile view
INFO 2026-01-17 09:58:31,845 django.utils.autoreload C:\Users\SHAHEEM\OneDrive\Desktop\IMPORTANT\BRO\WEEK24\KAAIZEN\Backend\clients\serializers\client_profile.py changed, reloading.
INFO 2026-01-17 09:58:31,845 django.utils.autoreload C:\Users\SHAHEEM\OneDrive\Desktop\IMPORTANT\BRO\WEEK24\KAAIZEN\Backend\clients\serializers\client_profile.py changed, reloading.
INFO 2026-01-17 09:58:33,378 django.utils.autoreload Watching for file changes with StatReloader
INFO 2026-01-17 09:58:33,378 django.utils.autoreload Watching for file changes with StatReloader
INFO 2026-01-17 09:58:33,826 clients.serializers.client_profile from client of client rpofile view
INFO 2026-01-17 09:58:36,172 django.utils.autoreload C:\Users\SHAHEEM\OneDrive\Desktop\IMPORTANT\BRO\WEEK24\KAAIZEN\Backend\clients\serializers\client_profile.py changed, reloading.
INFO 2026-01-17 09:58:36,172 django.utils.autoreload C:\Users\SHAHEEM\OneDrive\Desktop\IMPORTANT\BRO\WEEK24\KAAIZEN\Backend\clients\serializers\client_profile.py changed, reloading.
INFO 2026-01-17 09:58:38,241 django.utils.autoreload Watching for file changes with StatReloader
INFO 2026-01-17 09:58:38,241 django.utils.autoreload Watching for file changes with StatReloader
INFO 2026-01-17 09:58:38,660 clients.serializers.client_profile from client profile seria; of client rpofile view
INFO 2026-01-17 09:58:41,013 django.utils.autoreload C:\Users\SHAHEEM\OneDrive\Desktop\IMPORTANT\BRO\WEEK24\KAAIZEN\Backend\clients\serializers\client_profile.py changed, reloading.
INFO 2026-01-17 09:58:41,013 django.utils.autoreload C:\Users\SHAHEEM\OneDrive\Desktop\IMPORTANT\BRO\WEEK24\KAAIZEN\Backend\clients\serializers\client_profile.py changed, reloading.
INFO 2026-01-17 09:58:42,530 django.utils.autoreload Watching for file changes with StatReloader
INFO 2026-01-17 09:58:42,530 django.utils.autoreload Watching for file changes with StatReloader
INFO 2026-01-17 09:58:43,004 clients.serializers.client_profile from client profile serializer of client rpofile view
INFO 2026-01-17 09:58:45,049 django.utils.autoreload C:\Users\SHAHEEM\OneDrive\Desktop\IMPORTANT\BRO\WEEK24\KAAIZEN\Backend\clients\serializers\client_profile.py changed, reloading.
INFO 2026-01-17 09:58:45,049 django.utils.autoreload C:\Users\SHAHEEM\OneDrive\Desktop\IMPORTANT\BRO\WEEK24\KAAIZEN\Backend\clients\serializers\client_profile.py changed, reloading.
INFO 2026-01-17 09:58:46,835 django.utils.autoreload Watching for file changes with StatReloader
INFO 2026-01-17 09:58:46,835 django.utils.autoreload Watching for file changes with StatReloader
INFO 2026-01-17 09:58:47,212 clients.serializers.client_profile from client profile serializer
INFO 2026-01-17 09:58:56,240 django.utils.autoreload C:\Users\SHAHEEM\OneDrive\Desktop\IMPORTANT\BRO\WEEK24\KAAIZEN\Backend\clients\serializers\client_profile.py changed, reloading.
INFO 2026-01-17 09:58:56,240 django.utils.autoreload C:\Users\SHAHEEM\OneDrive\Desktop\IMPORTANT\BRO\WEEK24\KAAIZEN\Backend\clients\serializers\client_profile.py changed, reloading.
INFO 2026-01-17 09:58:57,667 django.utils.autoreload Watching for file changes with StatReloader
INFO 2026-01-17 09:58:57,667 django.utils.autoreload Watching for file changes with StatReloader
INFO 2026-01-17 09:58:58,036 clients.serializers.client_profile from client profile serializer
INFO 2026-01-17 09:59:41,959 django.utils.autoreload C:\Users\SHAHEEM\OneDrive\Desktop\IMPORTANT\BRO\WEEK24\KAAIZEN\Backend\clients\serializers\client_profile.py changed, reloading.
INFO 2026-01-17 09:59:41,959 django.utils.autoreload C:\Users\SHAHEEM\OneDrive\Desktop\IMPORTANT\BRO\WEEK24\KAAIZEN\Backend\clients\serializers\client_profile.py changed, reloading.
INFO 2026-01-17 09:59:43,350 django.utils.autoreload Watching for file changes with StatReloader
INFO 2026-01-17 09:59:43,350 django.utils.autoreload Watching for file changes with StatReloader
INFO 2026-01-17 09:59:50,010 django.utils.autoreload C:\Users\SHAHEEM\OneDrive\Desktop\IMPORTANT\BRO\WEEK24\KAAIZEN\Backend\clients\serializers\client_profile.py changed, reloading.
INFO 2026-01-17 09:59:50,010 django.utils.autoreload C:\Users\SHAHEEM\OneDrive\Desktop\IMPORTANT\BRO\WEEK24\KAAIZEN\Backend\clients\serializers\client_profile.py changed, reloading.
INFO 2026-01-17 09:59:51,508 django.utils.autoreload Watching for file changes with StatReloader
INFO 2026-01-17 09:59:51,508 django.utils.autoreload Watching for file changes with StatReloader
INFO 2026-01-17 09:59:51,815 clients.serializers.client_profile from client profile serializer
INFO 2026-01-17 09:59:53,544 django.utils.autoreload C:\Users\SHAHEEM\OneDrive\Desktop\IMPORTANT\BRO\WEEK24\KAAIZEN\Backend\clients\serializers\client_profile.py changed, reloading.
INFO 2026-01-17 09:59:53,544 django.utils.autoreload C:\Users\SHAHEEM\OneDrive\Desktop\IMPORTANT\BRO\WEEK24\KAAIZEN\Backend\clients\serializers\client_profile.py changed, reloading.
INFO 2026-01-17 09:59:54,611 django.utils.autoreload Watching for file changes with StatReloader
INFO 2026-01-17 09:59:54,611 django.utils.autoreload Watching for file changes with StatReloader
INFO 2026-01-17 09:59:54,946 clients.serializers.client_profile from client profile serializer
INFO 2026-01-17 10:00:00,728 django.utils.autoreload C:\Users\SHAHEEM\OneDrive\Desktop\IMPORTANT\BRO\WEEK24\KAAIZEN\Backend\clients\services\calculations.py changed, reloading.
INFO 2026-01-17 10:00:00,728 django.utils.autoreload C:\Users\SHAHEEM\OneDrive\Desktop\IMPORTANT\BRO\WEEK24\KAAIZEN\Backend\clients\services\calculations.py changed, reloading.
INFO 2026-01-17 10:00:02,086 django.utils.autoreload Watching for file changes with StatReloader
INFO 2026-01-17 10:00:02,086 django.utils.autoreload Watching for file changes with StatReloader
INFO 2026-01-17 10:00:04,996 django.utils.autoreload C:\Users\SHAHEEM\OneDrive\Desktop\IMPORTANT\BRO\WEEK24\KAAIZEN\Backend\clients\services\calculations.py changed, reloading.
INFO 2026-01-17 10:00:04,996 django.utils.autoreload C:\Users\SHAHEEM\OneDrive\Desktop\IMPORTANT\BRO\WEEK24\KAAIZEN\Backend\clients\services\calculations.py changed, reloading.
INFO 2026-01-17 10:00:06,289 django.utils.autoreload Watching for file changes with StatReloader
INFO 2026-01-17 10:00:06,289 django.utils.autoreload Watching for file changes with StatReloader
INFO 2026-01-17 10:00:06,586 clients.serializers.client_profile from client profile serializer
INFO 2026-01-17 10:00:10,901 django.utils.autoreload C:\Users\SHAHEEM\OneDrive\Desktop\IMPORTANT\BRO\WEEK24\KAAIZEN\Backend\clients\services\calculations.py changed, reloading.
INFO 2026-01-17 10:00:10,901 django.utils.autoreload C:\Users\SHAHEEM\OneDrive\Desktop\IMPORTANT\BRO\WEEK24\KAAIZEN\Backend\clients\services\calculations.py changed, reloading.
INFO 2026-01-17 10:00:13,139 django.utils.autoreload Watching for file changes with StatReloader
INFO 2026-01-17 10:00:13,139 django.utils.autoreload Watching for file changes with StatReloader
INFO 2026-01-17 10:00:13,488 clients.serializers.client_profile from client profile serializer
INFO 2026-01-17 10:00:15,517 django.utils.autoreload C:\Users\SHAHEEM\OneDrive\Desktop\IMPORTANT\BRO\WEEK24\KAAIZEN\Backend\clients\services\calculations.py changed, reloading.
INFO 2026-01-17 10:00:15,517 django.utils.autoreload C:\Users\SHAHEEM\OneDrive\Desktop\IMPORTANT\BRO\WEEK24\KAAIZEN\Backend\clients\services\calculations.py changed, reloading.
INFO 2026-01-17 10:00:17,109 django.utils.autoreload Watching for file changes with StatReloader
INFO 2026-01-17 10:00:17,109 django.utils.autoreload Watching for file changes with StatReloader
INFO 2026-01-17 10:00:17,482 clients.serializers.client_profile from client profile serializer
INFO 2026-01-17 10:00:25,133 django.utils.autoreload C:\Users\SHAHEEM\OneDrive\Desktop\IMPORTANT\BRO\WEEK24\KAAIZEN\Backend\clients\services\calculations.py changed, reloading.
INFO 2026-01-17 10:00:25,133 django.utils.autoreload C:\Users\SHAHEEM\OneDrive\Desktop\IMPORTANT\BRO\WEEK24\KAAIZEN\Backend\clients\services\calculations.py changed, reloading.
INFO 2026-01-17 10:00:26,298 django.utils.autoreload Watching for file changes with StatReloader
INFO 2026-01-17 10:00:26,298 django.utils.autoreload Watching for file changes with StatReloader
INFO 2026-01-17 10:00:26,555 clients.serializers.client_profile from client profile serializer
INFO 2026-01-17 10:00:31,808 django.utils.autoreload C:\Users\SHAHEEM\OneDrive\Desktop\IMPORTANT\BRO\WEEK24\KAAIZEN\Backend\clients\services\calculations.py changed, reloading.
INFO 2026-01-17 10:00:31,808 django.utils.autoreload C:\Users\SHAHEEM\OneDrive\Desktop\IMPORTANT\BRO\WEEK24\KAAIZEN\Backend\clients\services\calculations.py changed, reloading.
INFO 2026-01-17 10:00:33,226 django.utils.autoreload Watching for file changes with StatReloader
INFO 2026-01-17 10:00:33,226 django.utils.autoreload Watching for file changes with StatReloader
INFO 2026-01-17 10:00:33,524 clients.serializers.client_profile from client profile serializer
INFO 2026-01-17 10:00:35,388 django.utils.autoreload C:\Users\SHAHEEM\OneDrive\Desktop\IMPORTANT\BRO\WEEK24\KAAIZEN\Backend\clients\services\calculations.py changed, reloading.
INFO 2026-01-17 10:00:35,388 django.utils.autoreload C:\Users\SHAHEEM\OneDrive\Desktop\IMPORTANT\BRO\WEEK24\KAAIZEN\Backend\clients\services\calculations.py changed, reloading.
INFO 2026-01-17 10:00:36,878 django.utils.autoreload Watching for file changes with StatReloader
INFO 2026-01-17 10:00:36,878 django.utils.autoreload Watching for file changes with StatReloader
INFO 2026-01-17 10:00:37,192 clients.serializers.client_profile from client profile serializer
INFO 2026-01-17 10:00:39,794 django.utils.autoreload C:\Users\SHAHEEM\OneDrive\Desktop\IMPORTANT\BRO\WEEK24\KAAIZEN\Backend\clients\services\calculations.py changed, reloading.
INFO 2026-01-17 10:00:39,794 django.utils.autoreload C:\Users\SHAHEEM\OneDrive\Desktop\IMPORTANT\BRO\WEEK24\KAAIZEN\Backend\clients\services\calculations.py changed, reloading.
INFO 2026-01-17 10:00:40,963 django.utils.autoreload Watching for file changes with StatReloader
INFO 2026-01-17 10:00:40,963 django.utils.autoreload Watching for file changes with StatReloader
INFO 2026-01-17 10:00:41,400 clients.serializers.client_profile from client profile serializer
INFO 2026-01-17 10:00:44,450 django.utils.autoreload C:\Users\SHAHEEM\OneDrive\Desktop\IMPORTANT\BRO\WEEK24\KAAIZEN\Backend\clients\services\calculations.py changed, reloading.
INFO 2026-01-17 10:00:44,450 django.utils.autoreload C:\Users\SHAHEEM\OneDrive\Desktop\IMPORTANT\BRO\WEEK24\KAAIZEN\Backend\clients\services\calculations.py changed, reloading.
INFO 2026-01-17 10:00:45,902 django.utils.autoreload Watching for file changes with StatReloader
INFO 2026-01-17 10:00:45,902 django.utils.autoreload Watching for file changes with StatReloader
INFO 2026-01-17 10:00:46,150 clients.serializers.client_profile from client profile serializer
INFO 2026-01-17 10:00:48,167 django.utils.autoreload C:\Users\SHAHEEM\OneDrive\Desktop\IMPORTANT\BRO\WEEK24\KAAIZEN\Backend\clients\services\calculations.py changed, reloading.
INFO 2026-01-17 10:00:48,167 django.utils.autoreload C:\Users\SHAHEEM\OneDrive\Desktop\IMPORTANT\BRO\WEEK24\KAAIZEN\Backend\clients\services\calculations.py changed, reloading.
INFO 2026-01-17 10:00:49,944 django.utils.autoreload Watching for file changes with StatReloader
INFO 2026-01-17 10:00:49,944 django.utils.autoreload Watching for file changes with StatReloader
INFO 2026-01-17 10:00:50,239 clients.serializers.client_profile from client profile serializer
INFO 2026-01-17 10:00:52,031 django.utils.autoreload C:\Users\SHAHEEM\OneDrive\Desktop\IMPORTANT\BRO\WEEK24\KAAIZEN\Backend\clients\services\calculations.py changed, reloading.
INFO 2026-01-17 10:00:52,031 django.utils.autoreload C:\Users\SHAHEEM\OneDrive\Desktop\IMPORTANT\BRO\WEEK24\KAAIZEN\Backend\clients\services\calculations.py changed, reloading.
INFO 2026-01-17 10:00:53,175 django.utils.autoreload Watching for file changes with StatReloader
INFO 2026-01-17 10:00:53,175 django.utils.autoreload Watching for file changes with StatReloader
INFO 2026-01-17 10:00:53,451 clients.serializers.client_profile from client profile serializer
INFO 2026-01-17 10:00:55,361 django.utils.autoreload C:\Users\SHAHEEM\OneDrive\Desktop\IMPORTANT\BRO\WEEK24\KAAIZEN\Backend\clients\services\calculations.py changed, reloading.
INFO 2026-01-17 10:00:55,361 django.utils.autoreload C:\Users\SHAHEEM\OneDrive\Desktop\IMPORTANT\BRO\WEEK24\KAAIZEN\Backend\clients\services\calculations.py changed, reloading.
INFO 2026-01-17 10:00:56,354 django.utils.autoreload Watching for file changes with StatReloader
INFO 2026-01-17 10:00:56,354 django.utils.autoreload Watching for file changes with StatReloader
INFO 2026-01-17 10:00:56,619 clients.serializers.client_profile from client profile serializer
INFO 2026-01-17 10:01:09,351 django.utils.autoreload C:\Users\SHAHEEM\OneDrive\Desktop\IMPORTANT\BRO\WEEK24\KAAIZEN\Backend\clients\services\calculations.py changed, reloading.
INFO 2026-01-17 10:01:09,351 django.utils.autoreload C:\Users\SHAHEEM\OneDrive\Desktop\IMPORTANT\BRO\WEEK24\KAAIZEN\Backend\clients\services\calculations.py changed, reloading.
INFO 2026-01-17 10:01:10,707 django.utils.autoreload Watching for file changes with StatReloader
INFO 2026-01-17 10:01:10,707 django.utils.autoreload Watching for file changes with StatReloader
INFO 2026-01-17 10:01:10,970 clients.serializers.client_profile from client profile serializer
INFO 2026-01-17 10:01:15,196 django.utils.autoreload C:\Users\SHAHEEM\OneDrive\Desktop\IMPORTANT\BRO\WEEK24\KAAIZEN\Backend\clients\services\calculations.py changed, reloading.
INFO 2026-01-17 10:01:15,196 django.utils.autoreload C:\Users\SHAHEEM\OneDrive\Desktop\IMPORTANT\BRO\WEEK24\KAAIZEN\Backend\clients\services\calculations.py changed, reloading.
INFO 2026-01-17 10:01:16,410 django.utils.autoreload Watching for file changes with StatReloader
INFO 2026-01-17 10:01:16,410 django.utils.autoreload Watching for file changes with StatReloader
INFO 2026-01-17 10:01:16,729 clients.serializers.client_profile from client profile serializer
INFO 2026-01-17 10:01:18,873 django.utils.autoreload C:\Users\SHAHEEM\OneDrive\Desktop\IMPORTANT\BRO\WEEK24\KAAIZEN\Backend\clients\services\calculations.py changed, reloading.
INFO 2026-01-17 10:01:18,873 django.utils.autoreload C:\Users\SHAHEEM\OneDrive\Desktop\IMPORTANT\BRO\WEEK24\KAAIZEN\Backend\clients\services\calculations.py changed, reloading.
INFO 2026-01-17 10:01:20,121 django.utils.autoreload Watching for file changes with StatReloader
INFO 2026-01-17 10:01:20,121 django.utils.autoreload Watching for file changes with StatReloader
INFO 2026-01-17 10:01:25,413 django.utils.autoreload C:\Users\SHAHEEM\OneDrive\Desktop\IMPORTANT\BRO\WEEK24\KAAIZEN\Backend\clients\services\calculations.py changed, reloading.
INFO 2026-01-17 10:01:25,413 django.utils.autoreload C:\Users\SHAHEEM\OneDrive\Desktop\IMPORTANT\BRO\WEEK24\KAAIZEN\Backend\clients\services\calculations.py changed, reloading.
INFO 2026-01-17 10:01:26,477 django.utils.autoreload Watching for file changes with StatReloader
INFO 2026-01-17 10:01:26,477 django.utils.autoreload Watching for file changes with StatReloader
INFO 2026-01-17 10:01:26,739 clients.serializers.client_profile from client profile serializer
INFO 2026-01-17 10:01:30,121 django.utils.autoreload C:\Users\SHAHEEM\OneDrive\Desktop\IMPORTANT\BRO\WEEK24\KAAIZEN\Backend\clients\services\calculations.py changed, reloading.
INFO 2026-01-17 10:01:30,121 django.utils.autoreload C:\Users\SHAHEEM\OneDrive\Desktop\IMPORTANT\BRO\WEEK24\KAAIZEN\Backend\clients\services\calculations.py changed, reloading.
INFO 2026-01-17 10:01:31,331 django.utils.autoreload Watching for file changes with StatReloader
INFO 2026-01-17 10:01:31,331 django.utils.autoreload Watching for file changes with StatReloader
INFO 2026-01-17 10:01:31,591 clients.serializers.client_profile from client profile serializer
INFO 2026-01-17 10:01:43,734 django.utils.autoreload C:\Users\SHAHEEM\OneDrive\Desktop\IMPORTANT\BRO\WEEK24\KAAIZEN\Backend\clients\services\calculations.py changed, reloading.
INFO 2026-01-17 10:01:43,734 django.utils.autoreload C:\Users\SHAHEEM\OneDrive\Desktop\IMPORTANT\BRO\WEEK24\KAAIZEN\Backend\clients\services\calculations.py changed, reloading.
INFO 2026-01-17 10:01:45,035 django.utils.autoreload Watching for file changes with StatReloader
INFO 2026-01-17 10:01:45,035 django.utils.autoreload Watching for file changes with StatReloader
INFO 2026-01-17 10:01:45,299 clients.serializers.client_profile from client profile serializer
INFO 2026-01-17 10:01:56,554 django.utils.autoreload C:\Users\SHAHEEM\OneDrive\Desktop\IMPORTANT\BRO\WEEK24\KAAIZEN\Backend\clients\services\calculations.py changed, reloading.
INFO 2026-01-17 10:01:56,554 django.utils.autoreload C:\Users\SHAHEEM\OneDrive\Desktop\IMPORTANT\BRO\WEEK24\KAAIZEN\Backend\clients\services\calculations.py changed, reloading.
INFO 2026-01-17 10:01:57,828 django.utils.autoreload Watching for file changes with StatReloader
INFO 2026-01-17 10:01:57,828 django.utils.autoreload Watching for file changes with StatReloader
INFO 2026-01-17 10:01:58,119 clients.serializers.client_profile from client profile serializer
INFO 2026-01-17 10:02:03,356 django.utils.autoreload C:\Users\SHAHEEM\OneDrive\Desktop\IMPORTANT\BRO\WEEK24\KAAIZEN\Backend\clients\services\calculations.py changed, reloading.
INFO 2026-01-17 10:02:03,356 django.utils.autoreload C:\Users\SHAHEEM\OneDrive\Desktop\IMPORTANT\BRO\WEEK24\KAAIZEN\Backend\clients\services\calculations.py changed, reloading.
INFO 2026-01-17 10:02:04,677 django.utils.autoreload Watching for file changes with StatReloader
INFO 2026-01-17 10:02:04,677 django.utils.autoreload Watching for file changes with StatReloader
INFO 2026-01-17 10:02:04,939 clients.serializers.client_profile from client profile serializer
INFO 2026-01-17 10:02:10,198 django.utils.autoreload C:\Users\SHAHEEM\OneDrive\Desktop\IMPORTANT\BRO\WEEK24\KAAIZEN\Backend\clients\services\calculations.py changed, reloading.
INFO 2026-01-17 10:02:10,198 django.utils.autoreload C:\Users\SHAHEEM\OneDrive\Desktop\IMPORTANT\BRO\WEEK24\KAAIZEN\Backend\clients\services\calculations.py changed, reloading.
INFO 2026-01-17 10:02:11,447 django.utils.autoreload Watching for file changes with StatReloader
INFO 2026-01-17 10:02:11,447 django.utils.autoreload Watching for file changes with StatReloader
INFO 2026-01-17 10:02:11,799 clients.serializers.client_profile from client profile serializer
INFO 2026-01-17 10:02:13,690 django.utils.autoreload C:\Users\SHAHEEM\OneDrive\Desktop\IMPORTANT\BRO\WEEK24\KAAIZEN\Backend\clients\services\calculations.py changed, reloading.
INFO 2026-01-17 10:02:13,690 django.utils.autoreload C:\Users\SHAHEEM\OneDrive\Desktop\IMPORTANT\BRO\WEEK24\KAAIZEN\Backend\clients\services\calculations.py changed, reloading.
INFO 2026-01-17 10:02:14,949 django.utils.autoreload Watching for file changes with StatReloader
INFO 2026-01-17 10:02:14,949 django.utils.autoreload Watching for file changes with StatReloader
INFO 2026-01-17 10:02:15,282 clients.serializers.client_profile from client profile serializer
INFO 2026-01-17 10:02:18,265 django.utils.autoreload C:\Users\SHAHEEM\OneDrive\Desktop\IMPORTANT\BRO\WEEK24\KAAIZEN\Backend\clients\services\calculations.py changed, reloading.
INFO 2026-01-17 10:02:18,265 django.utils.autoreload C:\Users\SHAHEEM\OneDrive\Desktop\IMPORTANT\BRO\WEEK24\KAAIZEN\Backend\clients\services\calculations.py changed, reloading.
INFO 2026-01-17 10:02:19,886 django.utils.autoreload Watching for file changes with StatReloader
INFO 2026-01-17 10:02:19,886 django.utils.autoreload Watching for file changes with StatReloader
INFO 2026-01-17 10:02:20,194 clients.serializers.client_profile from client profile serializer
INFO 2026-01-17 10:02:23,537 django.utils.autoreload C:\Users\SHAHEEM\OneDrive\Desktop\IMPORTANT\BRO\WEEK24\KAAIZEN\Backend\clients\services\calculations.py changed, reloading.
INFO 2026-01-17 10:02:23,537 django.utils.autoreload C:\Users\SHAHEEM\OneDrive\Desktop\IMPORTANT\BRO\WEEK24\KAAIZEN\Backend\clients\services\calculations.py changed, reloading.
INFO 2026-01-17 10:02:24,977 django.utils.autoreload Watching for file changes with StatReloader
INFO 2026-01-17 10:02:24,977 django.utils.autoreload Watching for file changes with StatReloader
INFO 2026-01-17 10:02:25,239 clients.serializers.client_profile from client profile serializer
INFO 2026-01-17 10:02:27,043 django.utils.autoreload C:\Users\SHAHEEM\OneDrive\Desktop\IMPORTANT\BRO\WEEK24\KAAIZEN\Backend\clients\services\calculations.py changed, reloading.
INFO 2026-01-17 10:02:27,043 django.utils.autoreload C:\Users\SHAHEEM\OneDrive\Desktop\IMPORTANT\BRO\WEEK24\KAAIZEN\Backend\clients\services\calculations.py changed, reloading.
INFO 2026-01-17 10:02:28,271 django.utils.autoreload Watching for file changes with StatReloader
INFO 2026-01-17 10:02:28,271 django.utils.autoreload Watching for file changes with StatReloader
INFO 2026-01-17 10:02:28,750 clients.serializers.client_profile from client profile serializer
INFO 2026-01-17 10:02:44,813 django.utils.autoreload C:\Users\SHAHEEM\OneDrive\Desktop\IMPORTANT\BRO\WEEK24\KAAIZEN\Backend\clients\services\calculations.py changed, reloading.
INFO 2026-01-17 10:02:44,813 django.utils.autoreload C:\Users\SHAHEEM\OneDrive\Desktop\IMPORTANT\BRO\WEEK24\KAAIZEN\Backend\clients\services\calculations.py changed, reloading.
INFO 2026-01-17 10:02:46,057 django.utils.autoreload Watching for file changes with StatReloader
INFO 2026-01-17 10:02:46,057 django.utils.autoreload Watching for file changes with StatReloader
INFO 2026-01-17 10:02:46,329 clients.serializers.client_profile from client profile serializer
INFO 2026-01-17 10:02:56,162 django.utils.autoreload C:\Users\SHAHEEM\OneDrive\Desktop\IMPORTANT\BRO\WEEK24\KAAIZEN\Backend\clients\services\calculations.py changed, reloading.
INFO 2026-01-17 10:02:56,162 django.utils.autoreload C:\Users\SHAHEEM\OneDrive\Desktop\IMPORTANT\BRO\WEEK24\KAAIZEN\Backend\clients\services\calculations.py changed, reloading.
INFO 2026-01-17 10:02:57,521 django.utils.autoreload Watching for file changes with StatReloader
INFO 2026-01-17 10:02:57,521 django.utils.autoreload Watching for file changes with StatReloader
INFO 2026-01-17 10:03:05,322 django.utils.autoreload C:\Users\SHAHEEM\OneDrive\Desktop\IMPORTANT\BRO\WEEK24\KAAIZEN\Backend\clients\services\calculations.py changed, reloading.
INFO 2026-01-17 10:03:05,322 django.utils.autoreload C:\Users\SHAHEEM\OneDrive\Desktop\IMPORTANT\BRO\WEEK24\KAAIZEN\Backend\clients\services\calculations.py changed, reloading.
INFO 2026-01-17 10:03:06,444 django.utils.autoreload Watching for file changes with StatReloader
INFO 2026-01-17 10:03:06,444 django.utils.autoreload Watching for file changes with StatReloader
INFO 2026-01-17 10:03:06,772 clients.serializers.client_profile from client profile serializer
INFO 2026-01-17 10:03:10,980 django.utils.autoreload C:\Users\SHAHEEM\OneDrive\Desktop\IMPORTANT\BRO\WEEK24\KAAIZEN\Backend\clients\services\calculations.py changed, reloading.
INFO 2026-01-17 10:03:10,980 django.utils.autoreload C:\Users\SHAHEEM\OneDrive\Desktop\IMPORTANT\BRO\WEEK24\KAAIZEN\Backend\clients\services\calculations.py changed, reloading.
INFO 2026-01-17 10:03:12,241 django.utils.autoreload Watching for file changes with StatReloader
INFO 2026-01-17 10:03:12,241 django.utils.autoreload Watching for file changes with StatReloader
INFO 2026-01-17 10:03:12,528 clients.serializers.client_profile from client profile serializer
INFO 2026-01-17 10:03:14,309 django.utils.autoreload C:\Users\SHAHEEM\OneDrive\Desktop\IMPORTANT\BRO\WEEK24\KAAIZEN\Backend\clients\services\calculations.py changed, reloading.
INFO 2026-01-17 10:03:14,309 django.utils.autoreload C:\Users\SHAHEEM\OneDrive\Desktop\IMPORTANT\BRO\WEEK24\KAAIZEN\Backend\clients\services\calculations.py changed, reloading.
INFO 2026-01-17 10:03:15,399 django.utils.autoreload Watching for file changes with StatReloader
INFO 2026-01-17 10:03:15,399 django.utils.autoreload Watching for file changes with StatReloader
INFO 2026-01-17 10:03:15,664 clients.serializers.client_profile from client profile serializer
INFO 2026-01-17 10:03:17,586 django.utils.autoreload C:\Users\SHAHEEM\OneDrive\Desktop\IMPORTANT\BRO\WEEK24\KAAIZEN\Backend\clients\services\calculations.py changed, reloading.
INFO 2026-01-17 10:03:17,586 django.utils.autoreload C:\Users\SHAHEEM\OneDrive\Desktop\IMPORTANT\BRO\WEEK24\KAAIZEN\Backend\clients\services\calculations.py changed, reloading.
INFO 2026-01-17 10:03:19,032 django.utils.autoreload Watching for file changes with StatReloader
INFO 2026-01-17 10:03:19,032 django.utils.autoreload Watching for file changes with StatReloader
INFO 2026-01-17 10:03:19,397 clients.serializers.client_profile from client profile serializer
INFO 2026-01-17 10:03:21,758 django.utils.autoreload C:\Users\SHAHEEM\OneDrive\Desktop\IMPORTANT\BRO\WEEK24\KAAIZEN\Backend\clients\services\calculations.py changed, reloading.
INFO 2026-01-17 10:03:21,758 django.utils.autoreload C:\Users\SHAHEEM\OneDrive\Desktop\IMPORTANT\BRO\WEEK24\KAAIZEN\Backend\clients\services\calculations.py changed, reloading.
INFO 2026-01-17 10:03:22,912 django.utils.autoreload Watching for file changes with StatReloader
INFO 2026-01-17 10:03:22,912 django.utils.autoreload Watching for file changes with StatReloader
INFO 2026-01-17 10:03:23,273 clients.serializers.client_profile from client profile serializer
INFO 2026-01-17 10:03:38,000 django.utils.autoreload C:\Users\SHAHEEM\OneDrive\Desktop\IMPORTANT\BRO\WEEK24\KAAIZEN\Backend\clients\services\calculations.py changed, reloading.
INFO 2026-01-17 10:03:38,000 django.utils.autoreload C:\Users\SHAHEEM\OneDrive\Desktop\IMPORTANT\BRO\WEEK24\KAAIZEN\Backend\clients\services\calculations.py changed, reloading.
INFO 2026-01-17 10:03:39,024 django.utils.autoreload Watching for file changes with StatReloader
INFO 2026-01-17 10:03:39,024 django.utils.autoreload Watching for file changes with StatReloader
INFO 2026-01-17 10:03:39,326 clients.serializers.client_profile from client profile serializer
INFO 2026-01-17 10:03:49,647 django.utils.autoreload C:\Users\SHAHEEM\OneDrive\Desktop\IMPORTANT\BRO\WEEK24\KAAIZEN\Backend\clients\services\calculations.py changed, reloading.
INFO 2026-01-17 10:03:49,647 django.utils.autoreload C:\Users\SHAHEEM\OneDrive\Desktop\IMPORTANT\BRO\WEEK24\KAAIZEN\Backend\clients\services\calculations.py changed, reloading.
INFO 2026-01-17 10:03:51,034 django.utils.autoreload Watching for file changes with StatReloader
INFO 2026-01-17 10:03:51,034 django.utils.autoreload Watching for file changes with StatReloader
INFO 2026-01-17 10:03:55,118 django.utils.autoreload C:\Users\SHAHEEM\OneDrive\Desktop\IMPORTANT\BRO\WEEK24\KAAIZEN\Backend\clients\services\calculations.py changed, reloading.
INFO 2026-01-17 10:03:55,118 django.utils.autoreload C:\Users\SHAHEEM\OneDrive\Desktop\IMPORTANT\BRO\WEEK24\KAAIZEN\Backend\clients\services\calculations.py changed, reloading.
INFO 2026-01-17 10:03:56,336 django.utils.autoreload Watching for file changes with StatReloader
INFO 2026-01-17 10:03:56,336 django.utils.autoreload Watching for file changes with StatReloader
INFO 2026-01-17 10:03:56,625 clients.serializers.client_profile from client profile serializer
INFO 2026-01-17 10:04:10,633 django.utils.autoreload C:\Users\SHAHEEM\OneDrive\Desktop\IMPORTANT\BRO\WEEK24\KAAIZEN\Backend\clients\services\calculations.py changed, reloading.
INFO 2026-01-17 10:04:10,633 django.utils.autoreload C:\Users\SHAHEEM\OneDrive\Desktop\IMPORTANT\BRO\WEEK24\KAAIZEN\Backend\clients\services\calculations.py changed, reloading.
INFO 2026-01-17 10:04:11,837 django.utils.autoreload Watching for file changes with StatReloader
INFO 2026-01-17 10:04:11,837 django.utils.autoreload Watching for file changes with StatReloader
INFO 2026-01-17 10:04:12,150 clients.serializers.client_profile from client profile serializer
INFO 2026-01-17 10:04:14,101 django.utils.autoreload C:\Users\SHAHEEM\OneDrive\Desktop\IMPORTANT\BRO\WEEK24\KAAIZEN\Backend\clients\services\calculations.py changed, reloading.
INFO 2026-01-17 10:04:14,101 django.utils.autoreload C:\Users\SHAHEEM\OneDrive\Desktop\IMPORTANT\BRO\WEEK24\KAAIZEN\Backend\clients\services\calculations.py changed, reloading.
INFO 2026-01-17 10:04:15,249 django.utils.autoreload Watching for file changes with StatReloader
INFO 2026-01-17 10:04:15,249 django.utils.autoreload Watching for file changes with StatReloader
INFO 2026-01-17 10:04:17,030 django.utils.autoreload C:\Users\SHAHEEM\OneDrive\Desktop\IMPORTANT\BRO\WEEK24\KAAIZEN\Backend\clients\services\calculations.py changed, reloading.
INFO 2026-01-17 10:04:17,030 django.utils.autoreload C:\Users\SHAHEEM\OneDrive\Desktop\IMPORTANT\BRO\WEEK24\KAAIZEN\Backend\clients\services\calculations.py changed, reloading.
INFO 2026-01-17 10:04:18,180 django.utils.autoreload Watching for file changes with StatReloader
INFO 2026-01-17 10:04:18,180 django.utils.autoreload Watching for file changes with StatReloader
INFO 2026-01-17 10:04:18,449 clients.serializers.client_profile from client profile serializer
INFO 2026-01-17 10:04:21,450 django.utils.autoreload C:\Users\SHAHEEM\OneDrive\Desktop\IMPORTANT\BRO\WEEK24\KAAIZEN\Backend\clients\services\calculations.py changed, reloading.
INFO 2026-01-17 10:04:21,450 django.utils.autoreload C:\Users\SHAHEEM\OneDrive\Desktop\IMPORTANT\BRO\WEEK24\KAAIZEN\Backend\clients\services\calculations.py changed, reloading.
INFO 2026-01-17 10:04:22,775 django.utils.autoreload Watching for file changes with StatReloader
INFO 2026-01-17 10:04:22,775 django.utils.autoreload Watching for file changes with StatReloader
INFO 2026-01-17 10:04:23,141 clients.serializers.client_profile from client profile serializer
INFO 2026-01-17 10:04:25,080 django.utils.autoreload C:\Users\SHAHEEM\OneDrive\Desktop\IMPORTANT\BRO\WEEK24\KAAIZEN\Backend\clients\services\calculations.py changed, reloading.
INFO 2026-01-17 10:04:25,080 django.utils.autoreload C:\Users\SHAHEEM\OneDrive\Desktop\IMPORTANT\BRO\WEEK24\KAAIZEN\Backend\clients\services\calculations.py changed, reloading.
INFO 2026-01-17 10:04:26,144 django.utils.autoreload Watching for file changes with StatReloader
INFO 2026-01-17 10:04:26,144 django.utils.autoreload Watching for file changes with StatReloader
INFO 2026-01-17 10:04:26,376 clients.serializers.client_profile from client profile serializer
INFO 2026-01-17 10:04:43,496 django.utils.autoreload C:\Users\SHAHEEM\OneDrive\Desktop\IMPORTANT\BRO\WEEK24\KAAIZEN\Backend\clients\services\calculations.py changed, reloading.
INFO 2026-01-17 10:04:43,496 django.utils.autoreload C:\Users\SHAHEEM\OneDrive\Desktop\IMPORTANT\BRO\WEEK24\KAAIZEN\Backend\clients\services\calculations.py changed, reloading.
INFO 2026-01-17 10:04:44,643 django.utils.autoreload Watching for file changes with StatReloader
INFO 2026-01-17 10:04:44,643 django.utils.autoreload Watching for file changes with StatReloader
INFO 2026-01-17 10:04:45,003 clients.serializers.client_profile from client profile serializer
INFO 2026-01-17 10:04:46,992 django.utils.autoreload C:\Users\SHAHEEM\OneDrive\Desktop\IMPORTANT\BRO\WEEK24\KAAIZEN\Backend\clients\services\calculations.py changed, reloading.
INFO 2026-01-17 10:04:46,992 django.utils.autoreload C:\Users\SHAHEEM\OneDrive\Desktop\IMPORTANT\BRO\WEEK24\KAAIZEN\Backend\clients\services\calculations.py changed, reloading.
INFO 2026-01-17 10:04:48,187 django.utils.autoreload Watching for file changes with StatReloader
INFO 2026-01-17 10:04:48,187 django.utils.autoreload Watching for file changes with StatReloader
INFO 2026-01-17 10:04:48,512 clients.serializers.client_profile from client profile serializer
INFO 2026-01-17 10:04:53,614 django.utils.autoreload C:\Users\SHAHEEM\OneDrive\Desktop\IMPORTANT\BRO\WEEK24\KAAIZEN\Backend\clients\services\calculations.py changed, reloading.
INFO 2026-01-17 10:04:53,614 django.utils.autoreload C:\Users\SHAHEEM\OneDrive\Desktop\IMPORTANT\BRO\WEEK24\KAAIZEN\Backend\clients\services\calculations.py changed, reloading.
INFO 2026-01-17 10:04:55,441 django.utils.autoreload Watching for file changes with StatReloader
INFO 2026-01-17 10:04:55,441 django.utils.autoreload Watching for file changes with StatReloader
INFO 2026-01-17 10:04:55,926 clients.serializers.client_profile from client profile serializer
INFO 2026-01-17 10:04:57,770 django.utils.autoreload C:\Users\SHAHEEM\OneDrive\Desktop\IMPORTANT\BRO\WEEK24\KAAIZEN\Backend\clients\services\calculations.py changed, reloading.
INFO 2026-01-17 10:04:57,770 django.utils.autoreload C:\Users\SHAHEEM\OneDrive\Desktop\IMPORTANT\BRO\WEEK24\KAAIZEN\Backend\clients\services\calculations.py changed, reloading.
INFO 2026-01-17 10:04:58,870 django.utils.autoreload Watching for file changes with StatReloader
INFO 2026-01-17 10:04:58,870 django.utils.autoreload Watching for file changes with StatReloader
INFO 2026-01-17 10:04:59,234 clients.serializers.client_profile from client profile serializer
WARNING 2026-01-17 10:05:08,514 django.request Unauthorized: /api/client/me/profile/
WARNING 2026-01-17 10:05:08,514 django.request Unauthorized: /api/client/me/profile/
WARNING 2026-01-17 10:05:08,517 django.server "POST /api/client/me/profile/ HTTP/1.1" 401 37
WARNING 2026-01-17 10:05:08,517 django.server "POST /api/client/me/profile/ HTTP/1.1" 401 37
INFO 2026-01-17 10:05:14,246 django.server "POST /api/auth/login/ HTTP/1.1" 200 77
INFO 2026-01-17 10:05:14,246 django.server "POST /api/auth/login/ HTTP/1.1" 200 77
INFO 2026-01-17 10:05:16,434 clients.views from post of client rpofile view
INFO 2026-01-17 10:05:16,482 clients.serializers.client_profile from create of client profile serializer
INFO 2026-01-17 10:05:16,483 clients.services.calculations from calculate daily calory
INFO 2026-01-17 10:05:16,574 django.server "POST /api/client/me/profile/ HTTP/1.1" 201 407
INFO 2026-01-17 10:05:16,574 django.server "POST /api/client/me/profile/ HTTP/1.1" 201 407
INFO 2026-01-17 10:18:44,655 django.utils.autoreload C:\Users\SHAHEEM\OneDrive\Desktop\IMPORTANT\BRO\WEEK24\KAAIZEN\Backend\clients\services\calculations.py changed, reloading.
INFO 2026-01-17 10:18:44,655 django.utils.autoreload C:\Users\SHAHEEM\OneDrive\Desktop\IMPORTANT\BRO\WEEK24\KAAIZEN\Backend\clients\services\calculations.py changed, reloading.
INFO 2026-01-17 10:18:46,380 django.utils.autoreload Watching for file changes with StatReloader
INFO 2026-01-17 10:18:46,380 django.utils.autoreload Watching for file changes with StatReloader
INFO 2026-01-17 10:18:46,753 clients.serializers.client_profile from client profile serializer
INFO 2026-01-17 10:18:52,048 django.utils.autoreload C:\Users\SHAHEEM\OneDrive\Desktop\IMPORTANT\BRO\WEEK24\KAAIZEN\Backend\clients\services\calculations.py changed, reloading.
INFO 2026-01-17 10:18:52,048 django.utils.autoreload C:\Users\SHAHEEM\OneDrive\Desktop\IMPORTANT\BRO\WEEK24\KAAIZEN\Backend\clients\services\calculations.py changed, reloading.
INFO 2026-01-17 10:18:53,023 django.utils.autoreload Watching for file changes with StatReloader
INFO 2026-01-17 10:18:53,023 django.utils.autoreload Watching for file changes with StatReloader
INFO 2026-01-17 10:18:53,245 clients.serializers.client_profile from client profile serializer
INFO 2026-01-17 10:19:09,263 django.utils.autoreload C:\Users\SHAHEEM\OneDrive\Desktop\IMPORTANT\BRO\WEEK24\KAAIZEN\Backend\clients\services\calculations.py changed, reloading.
INFO 2026-01-17 10:19:09,263 django.utils.autoreload C:\Users\SHAHEEM\OneDrive\Desktop\IMPORTANT\BRO\WEEK24\KAAIZEN\Backend\clients\services\calculations.py changed, reloading.
INFO 2026-01-17 10:19:10,464 django.utils.autoreload Watching for file changes with StatReloader
INFO 2026-01-17 10:19:10,464 django.utils.autoreload Watching for file changes with StatReloader
INFO 2026-01-17 10:19:13,209 django.utils.autoreload C:\Users\SHAHEEM\OneDrive\Desktop\IMPORTANT\BRO\WEEK24\KAAIZEN\Backend\clients\services\calculations.py changed, reloading.
INFO 2026-01-17 10:19:13,209 django.utils.autoreload C:\Users\SHAHEEM\OneDrive\Desktop\IMPORTANT\BRO\WEEK24\KAAIZEN\Backend\clients\services\calculations.py changed, reloading.
INFO 2026-01-17 10:19:14,227 django.utils.autoreload Watching for file changes with StatReloader
INFO 2026-01-17 10:19:14,227 django.utils.autoreload Watching for file changes with StatReloader
INFO 2026-01-17 10:19:14,488 clients.serializers.client_profile from client profile serializer
INFO 2026-01-17 10:19:17,429 django.utils.autoreload C:\Users\SHAHEEM\OneDrive\Desktop\IMPORTANT\BRO\WEEK24\KAAIZEN\Backend\clients\services\calculations.py changed, reloading.
INFO 2026-01-17 10:19:17,429 django.utils.autoreload C:\Users\SHAHEEM\OneDrive\Desktop\IMPORTANT\BRO\WEEK24\KAAIZEN\Backend\clients\services\calculations.py changed, reloading.
INFO 2026-01-17 10:19:18,713 django.utils.autoreload Watching for file changes with StatReloader
INFO 2026-01-17 10:19:18,713 django.utils.autoreload Watching for file changes with StatReloader
INFO 2026-01-17 10:19:19,134 clients.serializers.client_profile from client profile serializer
INFO 2026-01-17 10:19:21,088 django.utils.autoreload C:\Users\SHAHEEM\OneDrive\Desktop\IMPORTANT\BRO\WEEK24\KAAIZEN\Backend\clients\services\calculations.py changed, reloading.
INFO 2026-01-17 10:19:21,088 django.utils.autoreload C:\Users\SHAHEEM\OneDrive\Desktop\IMPORTANT\BRO\WEEK24\KAAIZEN\Backend\clients\services\calculations.py changed, reloading.
INFO 2026-01-17 10:19:22,580 django.utils.autoreload Watching for file changes with StatReloader
INFO 2026-01-17 10:19:22,580 django.utils.autoreload Watching for file changes with StatReloader
INFO 2026-01-17 10:19:22,823 clients.serializers.client_profile from client profile serializer
INFO 2026-01-17 10:19:31,366 django.utils.autoreload C:\Users\SHAHEEM\OneDrive\Desktop\IMPORTANT\BRO\WEEK24\KAAIZEN\Backend\clients\services\calculations.py changed, reloading.
INFO 2026-01-17 10:19:31,366 django.utils.autoreload C:\Users\SHAHEEM\OneDrive\Desktop\IMPORTANT\BRO\WEEK24\KAAIZEN\Backend\clients\services\calculations.py changed, reloading.
INFO 2026-01-17 10:19:32,798 django.utils.autoreload Watching for file changes with StatReloader
INFO 2026-01-17 10:19:32,798 django.utils.autoreload Watching for file changes with StatReloader
INFO 2026-01-17 10:19:33,170 clients.serializers.client_profile from client profile serializer
INFO 2026-01-17 10:19:34,965 django.utils.autoreload C:\Users\SHAHEEM\OneDrive\Desktop\IMPORTANT\BRO\WEEK24\KAAIZEN\Backend\clients\services\calculations.py changed, reloading.
INFO 2026-01-17 10:19:34,965 django.utils.autoreload C:\Users\SHAHEEM\OneDrive\Desktop\IMPORTANT\BRO\WEEK24\KAAIZEN\Backend\clients\services\calculations.py changed, reloading.
INFO 2026-01-17 10:19:36,050 django.utils.autoreload Watching for file changes with StatReloader
INFO 2026-01-17 10:19:36,050 django.utils.autoreload Watching for file changes with StatReloader
INFO 2026-01-17 10:19:36,312 clients.serializers.client_profile from client profile serializer
INFO 2026-01-17 10:19:38,294 django.utils.autoreload C:\Users\SHAHEEM\OneDrive\Desktop\IMPORTANT\BRO\WEEK24\KAAIZEN\Backend\clients\services\calculations.py changed, reloading.
INFO 2026-01-17 10:19:38,294 django.utils.autoreload C:\Users\SHAHEEM\OneDrive\Desktop\IMPORTANT\BRO\WEEK24\KAAIZEN\Backend\clients\services\calculations.py changed, reloading.
INFO 2026-01-17 10:19:39,312 django.utils.autoreload Watching for file changes with StatReloader
INFO 2026-01-17 10:19:39,312 django.utils.autoreload Watching for file changes with StatReloader
INFO 2026-01-17 10:19:39,619 clients.serializers.client_profile from client profile serializer
INFO 2026-01-17 10:19:41,580 django.utils.autoreload C:\Users\SHAHEEM\OneDrive\Desktop\IMPORTANT\BRO\WEEK24\KAAIZEN\Backend\clients\services\calculations.py changed, reloading.
INFO 2026-01-17 10:19:41,580 django.utils.autoreload C:\Users\SHAHEEM\OneDrive\Desktop\IMPORTANT\BRO\WEEK24\KAAIZEN\Backend\clients\services\calculations.py changed, reloading.
INFO 2026-01-17 10:19:42,733 django.utils.autoreload Watching for file changes with StatReloader
INFO 2026-01-17 10:19:42,733 django.utils.autoreload Watching for file changes with StatReloader
INFO 2026-01-17 10:19:43,003 clients.serializers.client_profile from client profile serializer
INFO 2026-01-17 10:20:51,835 clients.views from post of client rpofile view
ERROR 2026-01-17 10:20:52,417 django.request Internal Server Error: /api/client/me/profile/
Traceback (most recent call last):
  File "C:\Users\SHAHEEM\OneDrive\Desktop\IMPORTANT\BRO\WEEK24\KAAIZEN\Backend\env\Lib\site-packages\django\db\models\fields\__init__.py", line 2766, in to_python
    return uuid.UUID(**{input_form: value})
           ^^^^^^^^^^^^^^^^^^^^^^^^^^^^^^^^
  File "C:\Users\SHAHEEM\AppData\Local\Programs\Python\Python312\Lib\uuid.py", line 175, in __init__
    hex = hex.replace('urn:', '').replace('uuid:', '')
          ^^^^^^^^^^^
AttributeError: 'AnonymousUser' object has no attribute 'replace'

During handling of the above exception, another exception occurred:

Traceback (most recent call last):
  File "C:\Users\SHAHEEM\OneDrive\Desktop\IMPORTANT\BRO\WEEK24\KAAIZEN\Backend\env\Lib\site-packages\django\core\handlers\exception.py", line 55, in inner
    response = get_response(request)
               ^^^^^^^^^^^^^^^^^^^^^
  File "C:\Users\SHAHEEM\OneDrive\Desktop\IMPORTANT\BRO\WEEK24\KAAIZEN\Backend\env\Lib\site-packages\django\core\handlers\base.py", line 198, in _get_response
    response = wrapped_callback(request, *callback_args, **callback_kwargs)
               ^^^^^^^^^^^^^^^^^^^^^^^^^^^^^^^^^^^^^^^^^^^^^^^^^^^^^^^^^^^^
  File "C:\Users\SHAHEEM\OneDrive\Desktop\IMPORTANT\BRO\WEEK24\KAAIZEN\Backend\env\Lib\site-packages\django\views\decorators\csrf.py", line 65, in _view_wrapper
    return view_func(request, *args, **kwargs)
           ^^^^^^^^^^^^^^^^^^^^^^^^^^^^^^^^^^^
  File "C:\Users\SHAHEEM\OneDrive\Desktop\IMPORTANT\BRO\WEEK24\KAAIZEN\Backend\env\Lib\site-packages\django\views\generic\base.py", line 106, in view
    return self.dispatch(request, *args, **kwargs)
           ^^^^^^^^^^^^^^^^^^^^^^^^^^^^^^^^^^^^^^^
  File "C:\Users\SHAHEEM\OneDrive\Desktop\IMPORTANT\BRO\WEEK24\KAAIZEN\Backend\env\Lib\site-packages\rest_framework\views.py", line 515, in dispatch
    response = self.handle_exception(exc)
               ^^^^^^^^^^^^^^^^^^^^^^^^^^
  File "C:\Users\SHAHEEM\OneDrive\Desktop\IMPORTANT\BRO\WEEK24\KAAIZEN\Backend\env\Lib\site-packages\rest_framework\views.py", line 475, in handle_exception
    self.raise_uncaught_exception(exc)
  File "C:\Users\SHAHEEM\OneDrive\Desktop\IMPORTANT\BRO\WEEK24\KAAIZEN\Backend\env\Lib\site-packages\rest_framework\views.py", line 486, in raise_uncaught_exception
    raise exc
  File "C:\Users\SHAHEEM\OneDrive\Desktop\IMPORTANT\BRO\WEEK24\KAAIZEN\Backend\env\Lib\site-packages\rest_framework\views.py", line 512, in dispatch
    response = handler(request, *args, **kwargs)
               ^^^^^^^^^^^^^^^^^^^^^^^^^^^^^^^^^
  File "C:\Users\SHAHEEM\OneDrive\Desktop\IMPORTANT\BRO\WEEK24\KAAIZEN\Backend\clients\views.py", line 34, in post
    if self.get_profile(request.user):
       ^^^^^^^^^^^^^^^^^^^^^^^^^^^^^^
  File "C:\Users\SHAHEEM\OneDrive\Desktop\IMPORTANT\BRO\WEEK24\KAAIZEN\Backend\clients\views.py", line 19, in get_profile
    return ClientProfile.objects.filter(user=user).first()
           ^^^^^^^^^^^^^^^^^^^^^^^^^^^^^^^^^^^^^^^
  File "C:\Users\SHAHEEM\OneDrive\Desktop\IMPORTANT\BRO\WEEK24\KAAIZEN\Backend\env\Lib\site-packages\django\db\models\manager.py", line 87, in manager_method
    return getattr(self.get_queryset(), name)(*args, **kwargs)
           ^^^^^^^^^^^^^^^^^^^^^^^^^^^^^^^^^^^^^^^^^^^^^^^^^^^
  File "C:\Users\SHAHEEM\OneDrive\Desktop\IMPORTANT\BRO\WEEK24\KAAIZEN\Backend\env\Lib\site-packages\django\db\models\query.py", line 1542, in filter
    return self._filter_or_exclude(False, args, kwargs)
           ^^^^^^^^^^^^^^^^^^^^^^^^^^^^^^^^^^^^^^^^^^^^
  File "C:\Users\SHAHEEM\OneDrive\Desktop\IMPORTANT\BRO\WEEK24\KAAIZEN\Backend\env\Lib\site-packages\django\db\models\query.py", line 1560, in _filter_or_exclude
    clone._filter_or_exclude_inplace(negate, args, kwargs)
  File "C:\Users\SHAHEEM\OneDrive\Desktop\IMPORTANT\BRO\WEEK24\KAAIZEN\Backend\env\Lib\site-packages\django\db\models\query.py", line 1570, in _filter_or_exclude_inplace
    self._query.add_q(Q(*args, **kwargs))
  File "C:\Users\SHAHEEM\OneDrive\Desktop\IMPORTANT\BRO\WEEK24\KAAIZEN\Backend\env\Lib\site-packages\django\db\models\sql\query.py", line 1671, in add_q
    clause, _ = self._add_q(q_object, can_reuse)
                ^^^^^^^^^^^^^^^^^^^^^^^^^^^^^^^^
  File "C:\Users\SHAHEEM\OneDrive\Desktop\IMPORTANT\BRO\WEEK24\KAAIZEN\Backend\env\Lib\site-packages\django\db\models\sql\query.py", line 1703, in _add_q
    child_clause, needed_inner = self.build_filter(
                                 ^^^^^^^^^^^^^^^^^^
  File "C:\Users\SHAHEEM\OneDrive\Desktop\IMPORTANT\BRO\WEEK24\KAAIZEN\Backend\env\Lib\site-packages\django\db\models\sql\query.py", line 1613, in build_filter
    condition = self.build_lookup(lookups, col, value)
                ^^^^^^^^^^^^^^^^^^^^^^^^^^^^^^^^^^^^^^
  File "C:\Users\SHAHEEM\OneDrive\Desktop\IMPORTANT\BRO\WEEK24\KAAIZEN\Backend\env\Lib\site-packages\django\db\models\sql\query.py", line 1440, in build_lookup
    lookup = lookup_class(lhs, rhs)
             ^^^^^^^^^^^^^^^^^^^^^^
  File "C:\Users\SHAHEEM\OneDrive\Desktop\IMPORTANT\BRO\WEEK24\KAAIZEN\Backend\env\Lib\site-packages\django\db\models\lookups.py", line 35, in __init__
    self.rhs = self.get_prep_lookup()
               ^^^^^^^^^^^^^^^^^^^^^^
  File "C:\Users\SHAHEEM\OneDrive\Desktop\IMPORTANT\BRO\WEEK24\KAAIZEN\Backend\env\Lib\site-packages\django\db\models\fields\related_lookups.py", line 113, in get_prep_lookup
    self.rhs = target_field.get_prep_value(self.rhs)
               ^^^^^^^^^^^^^^^^^^^^^^^^^^^^^^^^^^^^^
  File "C:\Users\SHAHEEM\OneDrive\Desktop\IMPORTANT\BRO\WEEK24\KAAIZEN\Backend\env\Lib\site-packages\django\db\models\fields\__init__.py", line 2750, in get_prep_value
    return self.to_python(value)
           ^^^^^^^^^^^^^^^^^^^^^
  File "C:\Users\SHAHEEM\OneDrive\Desktop\IMPORTANT\BRO\WEEK24\KAAIZEN\Backend\env\Lib\site-packages\django\db\models\fields\__init__.py", line 2768, in to_python
    raise exceptions.ValidationError(
django.core.exceptions.ValidationError: ['“AnonymousUser” is not a valid UUID.']
ERROR 2026-01-17 10:20:52,417 django.request Internal Server Error: /api/client/me/profile/
Traceback (most recent call last):
  File "C:\Users\SHAHEEM\OneDrive\Desktop\IMPORTANT\BRO\WEEK24\KAAIZEN\Backend\env\Lib\site-packages\django\db\models\fields\__init__.py", line 2766, in to_python
    return uuid.UUID(**{input_form: value})
           ^^^^^^^^^^^^^^^^^^^^^^^^^^^^^^^^
  File "C:\Users\SHAHEEM\AppData\Local\Programs\Python\Python312\Lib\uuid.py", line 175, in __init__
    hex = hex.replace('urn:', '').replace('uuid:', '')
          ^^^^^^^^^^^
AttributeError: 'AnonymousUser' object has no attribute 'replace'

During handling of the above exception, another exception occurred:

Traceback (most recent call last):
  File "C:\Users\SHAHEEM\OneDrive\Desktop\IMPORTANT\BRO\WEEK24\KAAIZEN\Backend\env\Lib\site-packages\django\core\handlers\exception.py", line 55, in inner
    response = get_response(request)
               ^^^^^^^^^^^^^^^^^^^^^
  File "C:\Users\SHAHEEM\OneDrive\Desktop\IMPORTANT\BRO\WEEK24\KAAIZEN\Backend\env\Lib\site-packages\django\core\handlers\base.py", line 198, in _get_response
    response = wrapped_callback(request, *callback_args, **callback_kwargs)
               ^^^^^^^^^^^^^^^^^^^^^^^^^^^^^^^^^^^^^^^^^^^^^^^^^^^^^^^^^^^^
  File "C:\Users\SHAHEEM\OneDrive\Desktop\IMPORTANT\BRO\WEEK24\KAAIZEN\Backend\env\Lib\site-packages\django\views\decorators\csrf.py", line 65, in _view_wrapper
    return view_func(request, *args, **kwargs)
           ^^^^^^^^^^^^^^^^^^^^^^^^^^^^^^^^^^^
  File "C:\Users\SHAHEEM\OneDrive\Desktop\IMPORTANT\BRO\WEEK24\KAAIZEN\Backend\env\Lib\site-packages\django\views\generic\base.py", line 106, in view
    return self.dispatch(request, *args, **kwargs)
           ^^^^^^^^^^^^^^^^^^^^^^^^^^^^^^^^^^^^^^^
  File "C:\Users\SHAHEEM\OneDrive\Desktop\IMPORTANT\BRO\WEEK24\KAAIZEN\Backend\env\Lib\site-packages\rest_framework\views.py", line 515, in dispatch
    response = self.handle_exception(exc)
               ^^^^^^^^^^^^^^^^^^^^^^^^^^
  File "C:\Users\SHAHEEM\OneDrive\Desktop\IMPORTANT\BRO\WEEK24\KAAIZEN\Backend\env\Lib\site-packages\rest_framework\views.py", line 475, in handle_exception
    self.raise_uncaught_exception(exc)
  File "C:\Users\SHAHEEM\OneDrive\Desktop\IMPORTANT\BRO\WEEK24\KAAIZEN\Backend\env\Lib\site-packages\rest_framework\views.py", line 486, in raise_uncaught_exception
    raise exc
  File "C:\Users\SHAHEEM\OneDrive\Desktop\IMPORTANT\BRO\WEEK24\KAAIZEN\Backend\env\Lib\site-packages\rest_framework\views.py", line 512, in dispatch
    response = handler(request, *args, **kwargs)
               ^^^^^^^^^^^^^^^^^^^^^^^^^^^^^^^^^
  File "C:\Users\SHAHEEM\OneDrive\Desktop\IMPORTANT\BRO\WEEK24\KAAIZEN\Backend\clients\views.py", line 34, in post
    if self.get_profile(request.user):
       ^^^^^^^^^^^^^^^^^^^^^^^^^^^^^^
  File "C:\Users\SHAHEEM\OneDrive\Desktop\IMPORTANT\BRO\WEEK24\KAAIZEN\Backend\clients\views.py", line 19, in get_profile
    return ClientProfile.objects.filter(user=user).first()
           ^^^^^^^^^^^^^^^^^^^^^^^^^^^^^^^^^^^^^^^
  File "C:\Users\SHAHEEM\OneDrive\Desktop\IMPORTANT\BRO\WEEK24\KAAIZEN\Backend\env\Lib\site-packages\django\db\models\manager.py", line 87, in manager_method
    return getattr(self.get_queryset(), name)(*args, **kwargs)
           ^^^^^^^^^^^^^^^^^^^^^^^^^^^^^^^^^^^^^^^^^^^^^^^^^^^
  File "C:\Users\SHAHEEM\OneDrive\Desktop\IMPORTANT\BRO\WEEK24\KAAIZEN\Backend\env\Lib\site-packages\django\db\models\query.py", line 1542, in filter
    return self._filter_or_exclude(False, args, kwargs)
           ^^^^^^^^^^^^^^^^^^^^^^^^^^^^^^^^^^^^^^^^^^^^
  File "C:\Users\SHAHEEM\OneDrive\Desktop\IMPORTANT\BRO\WEEK24\KAAIZEN\Backend\env\Lib\site-packages\django\db\models\query.py", line 1560, in _filter_or_exclude
    clone._filter_or_exclude_inplace(negate, args, kwargs)
  File "C:\Users\SHAHEEM\OneDrive\Desktop\IMPORTANT\BRO\WEEK24\KAAIZEN\Backend\env\Lib\site-packages\django\db\models\query.py", line 1570, in _filter_or_exclude_inplace
    self._query.add_q(Q(*args, **kwargs))
  File "C:\Users\SHAHEEM\OneDrive\Desktop\IMPORTANT\BRO\WEEK24\KAAIZEN\Backend\env\Lib\site-packages\django\db\models\sql\query.py", line 1671, in add_q
    clause, _ = self._add_q(q_object, can_reuse)
                ^^^^^^^^^^^^^^^^^^^^^^^^^^^^^^^^
  File "C:\Users\SHAHEEM\OneDrive\Desktop\IMPORTANT\BRO\WEEK24\KAAIZEN\Backend\env\Lib\site-packages\django\db\models\sql\query.py", line 1703, in _add_q
    child_clause, needed_inner = self.build_filter(
                                 ^^^^^^^^^^^^^^^^^^
  File "C:\Users\SHAHEEM\OneDrive\Desktop\IMPORTANT\BRO\WEEK24\KAAIZEN\Backend\env\Lib\site-packages\django\db\models\sql\query.py", line 1613, in build_filter
    condition = self.build_lookup(lookups, col, value)
                ^^^^^^^^^^^^^^^^^^^^^^^^^^^^^^^^^^^^^^
  File "C:\Users\SHAHEEM\OneDrive\Desktop\IMPORTANT\BRO\WEEK24\KAAIZEN\Backend\env\Lib\site-packages\django\db\models\sql\query.py", line 1440, in build_lookup
    lookup = lookup_class(lhs, rhs)
             ^^^^^^^^^^^^^^^^^^^^^^
  File "C:\Users\SHAHEEM\OneDrive\Desktop\IMPORTANT\BRO\WEEK24\KAAIZEN\Backend\env\Lib\site-packages\django\db\models\lookups.py", line 35, in __init__
    self.rhs = self.get_prep_lookup()
               ^^^^^^^^^^^^^^^^^^^^^^
  File "C:\Users\SHAHEEM\OneDrive\Desktop\IMPORTANT\BRO\WEEK24\KAAIZEN\Backend\env\Lib\site-packages\django\db\models\fields\related_lookups.py", line 113, in get_prep_lookup
    self.rhs = target_field.get_prep_value(self.rhs)
               ^^^^^^^^^^^^^^^^^^^^^^^^^^^^^^^^^^^^^
  File "C:\Users\SHAHEEM\OneDrive\Desktop\IMPORTANT\BRO\WEEK24\KAAIZEN\Backend\env\Lib\site-packages\django\db\models\fields\__init__.py", line 2750, in get_prep_value
    return self.to_python(value)
           ^^^^^^^^^^^^^^^^^^^^^
  File "C:\Users\SHAHEEM\OneDrive\Desktop\IMPORTANT\BRO\WEEK24\KAAIZEN\Backend\env\Lib\site-packages\django\db\models\fields\__init__.py", line 2768, in to_python
    raise exceptions.ValidationError(
django.core.exceptions.ValidationError: ['“AnonymousUser” is not a valid UUID.']
ERROR 2026-01-17 10:20:52,428 django.server "POST /api/client/me/profile/ HTTP/1.1" 500 178182
ERROR 2026-01-17 10:20:52,428 django.server "POST /api/client/me/profile/ HTTP/1.1" 500 178182
INFO 2026-01-17 10:21:19,929 django.server "POST /api/auth/login/ HTTP/1.1" 200 77
INFO 2026-01-17 10:21:19,929 django.server "POST /api/auth/login/ HTTP/1.1" 200 77
INFO 2026-01-17 10:21:22,679 clients.views from post of client rpofile view
INFO 2026-01-17 10:21:22,688 clients.serializers.client_profile from create of client profile serializer
INFO 2026-01-17 10:21:22,688 clients.services.calculations from calculate daily calory
INFO 2026-01-17 10:21:22,954 django.server "POST /api/client/me/profile/ HTTP/1.1" 201 407
INFO 2026-01-17 10:21:22,954 django.server "POST /api/client/me/profile/ HTTP/1.1" 201 407
INFO 2026-01-17 10:24:57,211 django.utils.autoreload C:\Users\SHAHEEM\OneDrive\Desktop\IMPORTANT\BRO\WEEK24\KAAIZEN\Backend\clients\services\calculations.py changed, reloading.
INFO 2026-01-17 10:24:57,211 django.utils.autoreload C:\Users\SHAHEEM\OneDrive\Desktop\IMPORTANT\BRO\WEEK24\KAAIZEN\Backend\clients\services\calculations.py changed, reloading.
INFO 2026-01-17 10:24:58,661 django.utils.autoreload Watching for file changes with StatReloader
INFO 2026-01-17 10:24:58,661 django.utils.autoreload Watching for file changes with StatReloader
INFO 2026-01-17 10:26:46,888 django.utils.autoreload Watching for file changes with StatReloader
INFO 2026-01-17 10:26:46,888 django.utils.autoreload Watching for file changes with StatReloader
INFO 2026-01-17 10:26:47,235 clients.serializers.client_profile from client profile serializer
INFO 2026-01-17 10:26:51,556 django.server "POST /api/auth/login/ HTTP/1.1" 200 77
INFO 2026-01-17 10:26:51,556 django.server "POST /api/auth/login/ HTTP/1.1" 200 77
INFO 2026-01-17 10:26:54,991 clients.views from post of client rpofile view
INFO 2026-01-17 10:26:55,007 clients.serializers.client_profile from create of client profile serializer
INFO 2026-01-17 10:26:55,007 clients.services.calculations from calculate daily calory
INFO 2026-01-17 10:26:55,108 django.server "POST /api/client/me/profile/ HTTP/1.1" 201 407
INFO 2026-01-17 10:26:55,108 django.server "POST /api/client/me/profile/ HTTP/1.1" 201 407
INFO 2026-01-17 10:29:29,396 django.utils.autoreload C:\Users\SHAHEEM\OneDrive\Desktop\IMPORTANT\BRO\WEEK24\KAAIZEN\Backend\clients\services\calculations.py changed, reloading.
INFO 2026-01-17 10:29:29,396 django.utils.autoreload C:\Users\SHAHEEM\OneDrive\Desktop\IMPORTANT\BRO\WEEK24\KAAIZEN\Backend\clients\services\calculations.py changed, reloading.
INFO 2026-01-17 10:29:31,089 django.utils.autoreload Watching for file changes with StatReloader
INFO 2026-01-17 10:29:31,089 django.utils.autoreload Watching for file changes with StatReloader
INFO 2026-01-17 10:29:31,376 clients.serializers.client_profile from client profile serializer
INFO 2026-01-17 10:30:11,029 django.utils.autoreload C:\Users\SHAHEEM\OneDrive\Desktop\IMPORTANT\BRO\WEEK24\KAAIZEN\Backend\clients\services\calculations.py changed, reloading.
INFO 2026-01-17 10:30:11,029 django.utils.autoreload C:\Users\SHAHEEM\OneDrive\Desktop\IMPORTANT\BRO\WEEK24\KAAIZEN\Backend\clients\services\calculations.py changed, reloading.
INFO 2026-01-17 10:30:12,582 django.utils.autoreload Watching for file changes with StatReloader
INFO 2026-01-17 10:30:12,582 django.utils.autoreload Watching for file changes with StatReloader
INFO 2026-01-17 10:30:14,402 django.utils.autoreload C:\Users\SHAHEEM\OneDrive\Desktop\IMPORTANT\BRO\WEEK24\KAAIZEN\Backend\clients\services\calculations.py changed, reloading.
INFO 2026-01-17 10:30:14,402 django.utils.autoreload C:\Users\SHAHEEM\OneDrive\Desktop\IMPORTANT\BRO\WEEK24\KAAIZEN\Backend\clients\services\calculations.py changed, reloading.
INFO 2026-01-17 10:30:15,845 django.utils.autoreload Watching for file changes with StatReloader
INFO 2026-01-17 10:30:15,845 django.utils.autoreload Watching for file changes with StatReloader
INFO 2026-01-17 10:30:16,096 clients.serializers.client_profile from client profile serializer
INFO 2026-01-17 10:30:17,794 django.utils.autoreload C:\Users\SHAHEEM\OneDrive\Desktop\IMPORTANT\BRO\WEEK24\KAAIZEN\Backend\clients\services\calculations.py changed, reloading.
INFO 2026-01-17 10:30:17,794 django.utils.autoreload C:\Users\SHAHEEM\OneDrive\Desktop\IMPORTANT\BRO\WEEK24\KAAIZEN\Backend\clients\services\calculations.py changed, reloading.
INFO 2026-01-17 10:30:19,152 django.utils.autoreload Watching for file changes with StatReloader
INFO 2026-01-17 10:30:19,152 django.utils.autoreload Watching for file changes with StatReloader
INFO 2026-01-17 10:30:19,475 clients.serializers.client_profile from client profile serializer
INFO 2026-01-17 10:30:21,446 django.utils.autoreload C:\Users\SHAHEEM\OneDrive\Desktop\IMPORTANT\BRO\WEEK24\KAAIZEN\Backend\clients\services\calculations.py changed, reloading.
INFO 2026-01-17 10:30:21,446 django.utils.autoreload C:\Users\SHAHEEM\OneDrive\Desktop\IMPORTANT\BRO\WEEK24\KAAIZEN\Backend\clients\services\calculations.py changed, reloading.
INFO 2026-01-17 10:30:22,758 django.utils.autoreload Watching for file changes with StatReloader
INFO 2026-01-17 10:30:22,758 django.utils.autoreload Watching for file changes with StatReloader
INFO 2026-01-17 10:30:23,096 clients.serializers.client_profile from client profile serializer
INFO 2026-01-17 10:30:24,913 django.utils.autoreload C:\Users\SHAHEEM\OneDrive\Desktop\IMPORTANT\BRO\WEEK24\KAAIZEN\Backend\clients\services\calculations.py changed, reloading.
INFO 2026-01-17 10:30:24,913 django.utils.autoreload C:\Users\SHAHEEM\OneDrive\Desktop\IMPORTANT\BRO\WEEK24\KAAIZEN\Backend\clients\services\calculations.py changed, reloading.
INFO 2026-01-17 10:30:26,505 django.utils.autoreload Watching for file changes with StatReloader
INFO 2026-01-17 10:30:26,505 django.utils.autoreload Watching for file changes with StatReloader
INFO 2026-01-17 10:30:26,875 clients.serializers.client_profile from client profile serializer
INFO 2026-01-17 10:30:29,929 django.utils.autoreload C:\Users\SHAHEEM\OneDrive\Desktop\IMPORTANT\BRO\WEEK24\KAAIZEN\Backend\clients\services\calculations.py changed, reloading.
INFO 2026-01-17 10:30:29,929 django.utils.autoreload C:\Users\SHAHEEM\OneDrive\Desktop\IMPORTANT\BRO\WEEK24\KAAIZEN\Backend\clients\services\calculations.py changed, reloading.
INFO 2026-01-17 10:30:31,172 django.utils.autoreload Watching for file changes with StatReloader
INFO 2026-01-17 10:30:31,172 django.utils.autoreload Watching for file changes with StatReloader
INFO 2026-01-17 10:30:31,453 clients.serializers.client_profile from client profile serializer
INFO 2026-01-17 10:31:25,046 django.server "POST /api/auth/login/ HTTP/1.1" 200 77
INFO 2026-01-17 10:31:25,046 django.server "POST /api/auth/login/ HTTP/1.1" 200 77
INFO 2026-01-17 10:31:28,854 clients.views from post of client rpofile view
INFO 2026-01-17 10:31:28,865 clients.serializers.client_profile from create of client profile serializer
INFO 2026-01-17 10:31:28,865 clients.services.calculations from calculate daily calory
INFO 2026-01-17 10:31:28,865 clients.services.calculations from calculation:
INFO 2026-01-17 10:31:28,915 django.server "POST /api/client/me/profile/ HTTP/1.1" 201 407
INFO 2026-01-17 10:31:28,915 django.server "POST /api/client/me/profile/ HTTP/1.1" 201 407
INFO 2026-01-17 10:32:25,406 django.utils.autoreload C:\Users\SHAHEEM\OneDrive\Desktop\IMPORTANT\BRO\WEEK24\KAAIZEN\Backend\clients\services\calculations.py changed, reloading.
INFO 2026-01-17 10:32:25,406 django.utils.autoreload C:\Users\SHAHEEM\OneDrive\Desktop\IMPORTANT\BRO\WEEK24\KAAIZEN\Backend\clients\services\calculations.py changed, reloading.
INFO 2026-01-17 10:32:27,037 django.utils.autoreload Watching for file changes with StatReloader
INFO 2026-01-17 10:32:27,037 django.utils.autoreload Watching for file changes with StatReloader
INFO 2026-01-17 10:32:27,332 clients.serializers.client_profile from client profile serializer
INFO 2026-01-17 10:32:29,227 django.utils.autoreload C:\Users\SHAHEEM\OneDrive\Desktop\IMPORTANT\BRO\WEEK24\KAAIZEN\Backend\clients\services\calculations.py changed, reloading.
INFO 2026-01-17 10:32:29,227 django.utils.autoreload C:\Users\SHAHEEM\OneDrive\Desktop\IMPORTANT\BRO\WEEK24\KAAIZEN\Backend\clients\services\calculations.py changed, reloading.
INFO 2026-01-17 10:32:30,384 django.utils.autoreload Watching for file changes with StatReloader
INFO 2026-01-17 10:32:30,384 django.utils.autoreload Watching for file changes with StatReloader
INFO 2026-01-17 10:32:30,683 clients.serializers.client_profile from client profile serializer
INFO 2026-01-17 10:33:05,628 clients.views from post of client rpofile view
INFO 2026-01-17 10:33:05,636 clients.serializers.client_profile from create of client profile serializer
INFO 2026-01-17 10:33:05,637 clients.services.calculations from calculate daily calory
INFO 2026-01-17 10:33:05,693 django.server "POST /api/client/me/profile/ HTTP/1.1" 201 407
INFO 2026-01-17 10:33:05,693 django.server "POST /api/client/me/profile/ HTTP/1.1" 201 407
INFO 2026-01-17 10:40:17,538 django.utils.autoreload C:\Users\SHAHEEM\OneDrive\Desktop\IMPORTANT\BRO\WEEK24\KAAIZEN\Backend\clients\services\calculations.py changed, reloading.
INFO 2026-01-17 10:40:17,538 django.utils.autoreload C:\Users\SHAHEEM\OneDrive\Desktop\IMPORTANT\BRO\WEEK24\KAAIZEN\Backend\clients\services\calculations.py changed, reloading.
INFO 2026-01-17 10:40:19,870 django.utils.autoreload Watching for file changes with StatReloader
INFO 2026-01-17 10:40:19,870 django.utils.autoreload Watching for file changes with StatReloader
INFO 2026-01-17 10:40:23,265 django.utils.autoreload C:\Users\SHAHEEM\OneDrive\Desktop\IMPORTANT\BRO\WEEK24\KAAIZEN\Backend\clients\services\calculations.py changed, reloading.
INFO 2026-01-17 10:40:23,265 django.utils.autoreload C:\Users\SHAHEEM\OneDrive\Desktop\IMPORTANT\BRO\WEEK24\KAAIZEN\Backend\clients\services\calculations.py changed, reloading.
INFO 2026-01-17 10:40:24,617 django.utils.autoreload Watching for file changes with StatReloader
INFO 2026-01-17 10:40:24,617 django.utils.autoreload Watching for file changes with StatReloader
INFO 2026-01-17 10:40:25,015 clients.serializers.client_profile from client profile serializer
INFO 2026-01-17 10:41:16,316 django.server "POST /api/auth/login/ HTTP/1.1" 200 77
INFO 2026-01-17 10:41:16,316 django.server "POST /api/auth/login/ HTTP/1.1" 200 77
INFO 2026-01-17 10:42:05,827 clients.views from post of client rpofile view
INFO 2026-01-17 10:42:05,835 clients.serializers.client_profile from create of client profile serializer
INFO 2026-01-17 10:42:05,836 clients.services.calculations from calculate daily calory
INFO 2026-01-17 10:42:05,884 django.server "POST /api/client/me/profile/ HTTP/1.1" 201 407
INFO 2026-01-17 10:42:05,884 django.server "POST /api/client/me/profile/ HTTP/1.1" 201 407
INFO 2026-01-17 10:43:07,943 django.utils.autoreload C:\Users\SHAHEEM\OneDrive\Desktop\IMPORTANT\BRO\WEEK24\KAAIZEN\Backend\clients\services\calculations.py changed, reloading.
INFO 2026-01-17 10:43:07,943 django.utils.autoreload C:\Users\SHAHEEM\OneDrive\Desktop\IMPORTANT\BRO\WEEK24\KAAIZEN\Backend\clients\services\calculations.py changed, reloading.
INFO 2026-01-17 10:43:10,621 django.utils.autoreload Watching for file changes with StatReloader
INFO 2026-01-17 10:43:10,621 django.utils.autoreload Watching for file changes with StatReloader
INFO 2026-01-17 10:43:10,999 clients.serializers.client_profile from client profile serializer
INFO 2026-01-17 10:43:13,131 django.utils.autoreload C:\Users\SHAHEEM\OneDrive\Desktop\IMPORTANT\BRO\WEEK24\KAAIZEN\Backend\clients\services\calculations.py changed, reloading.
INFO 2026-01-17 10:43:13,131 django.utils.autoreload C:\Users\SHAHEEM\OneDrive\Desktop\IMPORTANT\BRO\WEEK24\KAAIZEN\Backend\clients\services\calculations.py changed, reloading.
INFO 2026-01-17 10:43:14,459 django.utils.autoreload Watching for file changes with StatReloader
INFO 2026-01-17 10:43:14,459 django.utils.autoreload Watching for file changes with StatReloader
INFO 2026-01-17 10:43:14,802 clients.serializers.client_profile from client profile serializer
INFO 2026-01-17 10:43:17,090 django.utils.autoreload C:\Users\SHAHEEM\OneDrive\Desktop\IMPORTANT\BRO\WEEK24\KAAIZEN\Backend\clients\services\calculations.py changed, reloading.
INFO 2026-01-17 10:43:17,090 django.utils.autoreload C:\Users\SHAHEEM\OneDrive\Desktop\IMPORTANT\BRO\WEEK24\KAAIZEN\Backend\clients\services\calculations.py changed, reloading.
INFO 2026-01-17 10:43:18,710 django.utils.autoreload Watching for file changes with StatReloader
INFO 2026-01-17 10:43:18,710 django.utils.autoreload Watching for file changes with StatReloader
INFO 2026-01-17 10:43:19,119 clients.serializers.client_profile from client profile serializer
INFO 2026-01-17 10:43:23,362 django.utils.autoreload C:\Users\SHAHEEM\OneDrive\Desktop\IMPORTANT\BRO\WEEK24\KAAIZEN\Backend\clients\services\calculations.py changed, reloading.
INFO 2026-01-17 10:43:23,362 django.utils.autoreload C:\Users\SHAHEEM\OneDrive\Desktop\IMPORTANT\BRO\WEEK24\KAAIZEN\Backend\clients\services\calculations.py changed, reloading.
INFO 2026-01-17 10:43:24,990 django.utils.autoreload Watching for file changes with StatReloader
INFO 2026-01-17 10:43:24,990 django.utils.autoreload Watching for file changes with StatReloader
INFO 2026-01-17 10:43:25,455 clients.serializers.client_profile from client profile serializer
INFO 2026-01-17 10:43:27,850 django.utils.autoreload C:\Users\SHAHEEM\OneDrive\Desktop\IMPORTANT\BRO\WEEK24\KAAIZEN\Backend\clients\services\calculations.py changed, reloading.
INFO 2026-01-17 10:43:27,850 django.utils.autoreload C:\Users\SHAHEEM\OneDrive\Desktop\IMPORTANT\BRO\WEEK24\KAAIZEN\Backend\clients\services\calculations.py changed, reloading.
INFO 2026-01-17 10:43:29,155 django.utils.autoreload Watching for file changes with StatReloader
INFO 2026-01-17 10:43:29,155 django.utils.autoreload Watching for file changes with StatReloader
INFO 2026-01-17 10:43:29,528 clients.serializers.client_profile from client profile serializer
INFO 2026-01-17 10:43:31,969 django.utils.autoreload C:\Users\SHAHEEM\OneDrive\Desktop\IMPORTANT\BRO\WEEK24\KAAIZEN\Backend\clients\services\calculations.py changed, reloading.
INFO 2026-01-17 10:43:31,969 django.utils.autoreload C:\Users\SHAHEEM\OneDrive\Desktop\IMPORTANT\BRO\WEEK24\KAAIZEN\Backend\clients\services\calculations.py changed, reloading.
INFO 2026-01-17 10:43:33,306 django.utils.autoreload Watching for file changes with StatReloader
INFO 2026-01-17 10:43:33,306 django.utils.autoreload Watching for file changes with StatReloader
INFO 2026-01-17 10:43:33,686 clients.serializers.client_profile from client profile serializer
INFO 2026-01-17 10:44:18,803 clients.views from post of client rpofile view
INFO 2026-01-17 10:44:18,816 clients.serializers.client_profile from create of client profile serializer
INFO 2026-01-17 10:44:18,817 clients.services.calculations from calculate daily calory
INFO 2026-01-17 10:44:18,870 django.server "POST /api/client/me/profile/ HTTP/1.1" 201 407
INFO 2026-01-17 10:44:18,870 django.server "POST /api/client/me/profile/ HTTP/1.1" 201 407
INFO 2026-01-17 10:44:46,634 django.utils.autoreload C:\Users\SHAHEEM\OneDrive\Desktop\IMPORTANT\BRO\WEEK24\KAAIZEN\Backend\clients\services\calculations.py changed, reloading.
INFO 2026-01-17 10:44:46,634 django.utils.autoreload C:\Users\SHAHEEM\OneDrive\Desktop\IMPORTANT\BRO\WEEK24\KAAIZEN\Backend\clients\services\calculations.py changed, reloading.
INFO 2026-01-17 10:44:48,221 django.utils.autoreload Watching for file changes with StatReloader
INFO 2026-01-17 10:44:48,221 django.utils.autoreload Watching for file changes with StatReloader
INFO 2026-01-17 10:44:48,658 clients.serializers.client_profile from client profile serializer
INFO 2026-01-17 10:45:46,571 django.server "POST /api/auth/login/ HTTP/1.1" 200 77
INFO 2026-01-17 10:45:46,571 django.server "POST /api/auth/login/ HTTP/1.1" 200 77
INFO 2026-01-17 10:45:48,834 clients.views from post of client rpofile view
INFO 2026-01-17 10:45:48,840 clients.serializers.client_profile from create of client profile serializer
INFO 2026-01-17 10:45:48,841 clients.services.calculations from calculate daily calory
INFO 2026-01-17 10:45:48,880 django.server "POST /api/client/me/profile/ HTTP/1.1" 201 407
INFO 2026-01-17 10:45:48,880 django.server "POST /api/client/me/profile/ HTTP/1.1" 201 407
INFO 2026-01-17 10:48:16,179 django.utils.autoreload C:\Users\SHAHEEM\OneDrive\Desktop\IMPORTANT\BRO\WEEK24\KAAIZEN\Backend\clients\services\calculations.py changed, reloading.
INFO 2026-01-17 10:48:16,179 django.utils.autoreload C:\Users\SHAHEEM\OneDrive\Desktop\IMPORTANT\BRO\WEEK24\KAAIZEN\Backend\clients\services\calculations.py changed, reloading.
INFO 2026-01-17 10:48:17,732 django.utils.autoreload Watching for file changes with StatReloader
INFO 2026-01-17 10:48:17,732 django.utils.autoreload Watching for file changes with StatReloader
INFO 2026-01-17 10:48:18,072 clients.serializers.client_profile from client profile serializer
INFO 2026-01-17 10:48:25,871 django.utils.autoreload C:\Users\SHAHEEM\OneDrive\Desktop\IMPORTANT\BRO\WEEK24\KAAIZEN\Backend\clients\services\calculations.py changed, reloading.
INFO 2026-01-17 10:48:25,871 django.utils.autoreload C:\Users\SHAHEEM\OneDrive\Desktop\IMPORTANT\BRO\WEEK24\KAAIZEN\Backend\clients\services\calculations.py changed, reloading.
INFO 2026-01-17 10:48:27,356 django.utils.autoreload Watching for file changes with StatReloader
INFO 2026-01-17 10:48:27,356 django.utils.autoreload Watching for file changes with StatReloader
INFO 2026-01-17 10:48:29,344 django.utils.autoreload C:\Users\SHAHEEM\OneDrive\Desktop\IMPORTANT\BRO\WEEK24\KAAIZEN\Backend\clients\services\calculations.py changed, reloading.
INFO 2026-01-17 10:48:29,344 django.utils.autoreload C:\Users\SHAHEEM\OneDrive\Desktop\IMPORTANT\BRO\WEEK24\KAAIZEN\Backend\clients\services\calculations.py changed, reloading.
INFO 2026-01-17 10:48:30,829 django.utils.autoreload Watching for file changes with StatReloader
INFO 2026-01-17 10:48:30,829 django.utils.autoreload Watching for file changes with StatReloader
INFO 2026-01-17 10:48:32,699 django.utils.autoreload C:\Users\SHAHEEM\OneDrive\Desktop\IMPORTANT\BRO\WEEK24\KAAIZEN\Backend\clients\services\calculations.py changed, reloading.
INFO 2026-01-17 10:48:32,699 django.utils.autoreload C:\Users\SHAHEEM\OneDrive\Desktop\IMPORTANT\BRO\WEEK24\KAAIZEN\Backend\clients\services\calculations.py changed, reloading.
INFO 2026-01-17 10:48:34,699 django.utils.autoreload Watching for file changes with StatReloader
INFO 2026-01-17 10:48:34,699 django.utils.autoreload Watching for file changes with StatReloader
INFO 2026-01-17 10:48:35,086 clients.serializers.client_profile from client profile serializer
INFO 2026-01-17 10:49:17,347 django.server "POST /api/auth/login/ HTTP/1.1" 200 77
INFO 2026-01-17 10:49:17,347 django.server "POST /api/auth/login/ HTTP/1.1" 200 77
INFO 2026-01-17 10:49:20,693 clients.views from post of client rpofile view
INFO 2026-01-17 10:49:20,705 clients.serializers.client_profile from create of client profile serializer
INFO 2026-01-17 10:49:20,706 clients.services.calculations from calculate daily calory
INFO 2026-01-17 10:49:20,795 django.server "POST /api/client/me/profile/ HTTP/1.1" 201 407
INFO 2026-01-17 10:49:20,795 django.server "POST /api/client/me/profile/ HTTP/1.1" 201 407
INFO 2026-01-17 10:50:13,949 django.utils.autoreload C:\Users\SHAHEEM\OneDrive\Desktop\IMPORTANT\BRO\WEEK24\KAAIZEN\Backend\clients\services\calculations.py changed, reloading.
INFO 2026-01-17 10:50:13,949 django.utils.autoreload C:\Users\SHAHEEM\OneDrive\Desktop\IMPORTANT\BRO\WEEK24\KAAIZEN\Backend\clients\services\calculations.py changed, reloading.
INFO 2026-01-17 10:50:16,074 django.utils.autoreload Watching for file changes with StatReloader
INFO 2026-01-17 10:50:16,074 django.utils.autoreload Watching for file changes with StatReloader
INFO 2026-01-17 10:50:16,423 clients.serializers.client_profile from client profile serializer
INFO 2026-01-17 10:50:18,480 django.utils.autoreload C:\Users\SHAHEEM\OneDrive\Desktop\IMPORTANT\BRO\WEEK24\KAAIZEN\Backend\clients\services\calculations.py changed, reloading.
INFO 2026-01-17 10:50:18,480 django.utils.autoreload C:\Users\SHAHEEM\OneDrive\Desktop\IMPORTANT\BRO\WEEK24\KAAIZEN\Backend\clients\services\calculations.py changed, reloading.
INFO 2026-01-17 10:50:19,994 django.utils.autoreload Watching for file changes with StatReloader
INFO 2026-01-17 10:50:19,994 django.utils.autoreload Watching for file changes with StatReloader
INFO 2026-01-17 10:50:20,445 clients.serializers.client_profile from client profile serializer
INFO 2026-01-17 10:50:24,813 django.utils.autoreload C:\Users\SHAHEEM\OneDrive\Desktop\IMPORTANT\BRO\WEEK24\KAAIZEN\Backend\clients\services\calculations.py changed, reloading.
INFO 2026-01-17 10:50:24,813 django.utils.autoreload C:\Users\SHAHEEM\OneDrive\Desktop\IMPORTANT\BRO\WEEK24\KAAIZEN\Backend\clients\services\calculations.py changed, reloading.
INFO 2026-01-17 10:50:26,344 django.utils.autoreload Watching for file changes with StatReloader
INFO 2026-01-17 10:50:26,344 django.utils.autoreload Watching for file changes with StatReloader
INFO 2026-01-17 10:50:26,763 clients.serializers.client_profile from client profile serializer
INFO 2026-01-17 10:50:28,855 django.utils.autoreload C:\Users\SHAHEEM\OneDrive\Desktop\IMPORTANT\BRO\WEEK24\KAAIZEN\Backend\clients\services\calculations.py changed, reloading.
INFO 2026-01-17 10:50:28,855 django.utils.autoreload C:\Users\SHAHEEM\OneDrive\Desktop\IMPORTANT\BRO\WEEK24\KAAIZEN\Backend\clients\services\calculations.py changed, reloading.
INFO 2026-01-17 10:50:30,525 django.utils.autoreload Watching for file changes with StatReloader
INFO 2026-01-17 10:50:30,525 django.utils.autoreload Watching for file changes with StatReloader
INFO 2026-01-17 10:50:30,904 clients.serializers.client_profile from client profile serializer
INFO 2026-01-17 10:50:33,101 django.utils.autoreload C:\Users\SHAHEEM\OneDrive\Desktop\IMPORTANT\BRO\WEEK24\KAAIZEN\Backend\clients\services\calculations.py changed, reloading.
INFO 2026-01-17 10:50:33,101 django.utils.autoreload C:\Users\SHAHEEM\OneDrive\Desktop\IMPORTANT\BRO\WEEK24\KAAIZEN\Backend\clients\services\calculations.py changed, reloading.
INFO 2026-01-17 10:50:34,482 django.utils.autoreload Watching for file changes with StatReloader
INFO 2026-01-17 10:50:34,482 django.utils.autoreload Watching for file changes with StatReloader
INFO 2026-01-17 10:50:34,795 clients.serializers.client_profile from client profile serializer
INFO 2026-01-17 10:50:46,956 django.utils.autoreload C:\Users\SHAHEEM\OneDrive\Desktop\IMPORTANT\BRO\WEEK24\KAAIZEN\Backend\clients\services\calculations.py changed, reloading.
INFO 2026-01-17 10:50:46,956 django.utils.autoreload C:\Users\SHAHEEM\OneDrive\Desktop\IMPORTANT\BRO\WEEK24\KAAIZEN\Backend\clients\services\calculations.py changed, reloading.
INFO 2026-01-17 10:50:48,361 django.utils.autoreload Watching for file changes with StatReloader
INFO 2026-01-17 10:50:48,361 django.utils.autoreload Watching for file changes with StatReloader
INFO 2026-01-17 10:50:48,776 clients.serializers.client_profile from client profile serializer
INFO 2026-01-17 10:50:50,963 django.utils.autoreload C:\Users\SHAHEEM\OneDrive\Desktop\IMPORTANT\BRO\WEEK24\KAAIZEN\Backend\clients\services\calculations.py changed, reloading.
INFO 2026-01-17 10:50:50,963 django.utils.autoreload C:\Users\SHAHEEM\OneDrive\Desktop\IMPORTANT\BRO\WEEK24\KAAIZEN\Backend\clients\services\calculations.py changed, reloading.
INFO 2026-01-17 10:50:52,301 django.utils.autoreload Watching for file changes with StatReloader
INFO 2026-01-17 10:50:52,301 django.utils.autoreload Watching for file changes with StatReloader
INFO 2026-01-17 10:50:52,670 clients.serializers.client_profile from client profile serializer
INFO 2026-01-17 10:50:59,819 django.utils.autoreload C:\Users\SHAHEEM\OneDrive\Desktop\IMPORTANT\BRO\WEEK24\KAAIZEN\Backend\clients\services\calculations.py changed, reloading.
INFO 2026-01-17 10:50:59,819 django.utils.autoreload C:\Users\SHAHEEM\OneDrive\Desktop\IMPORTANT\BRO\WEEK24\KAAIZEN\Backend\clients\services\calculations.py changed, reloading.
INFO 2026-01-17 10:51:01,349 django.utils.autoreload Watching for file changes with StatReloader
INFO 2026-01-17 10:51:01,349 django.utils.autoreload Watching for file changes with StatReloader
INFO 2026-01-17 10:51:01,751 clients.serializers.client_profile from client profile serializer
INFO 2026-01-17 10:52:09,726 django.server "POST /api/auth/login/ HTTP/1.1" 200 77
INFO 2026-01-17 10:52:09,726 django.server "POST /api/auth/login/ HTTP/1.1" 200 77
INFO 2026-01-17 10:52:12,555 clients.views from post of client rpofile view
INFO 2026-01-17 10:52:12,566 clients.serializers.client_profile from create of client profile serializer
INFO 2026-01-17 10:52:12,566 clients.services.calculations from calculate daily calory
INFO 2026-01-17 10:52:12,666 django.server "POST /api/client/me/profile/ HTTP/1.1" 201 407
INFO 2026-01-17 10:52:12,666 django.server "POST /api/client/me/profile/ HTTP/1.1" 201 407
INFO 2026-01-17 11:47:56,935 django.utils.autoreload C:\Users\SHAHEEM\OneDrive\Desktop\IMPORTANT\BRO\WEEK24\KAAIZEN\Backend\clients\services\calculations.py changed, reloading.
INFO 2026-01-17 11:47:56,935 django.utils.autoreload C:\Users\SHAHEEM\OneDrive\Desktop\IMPORTANT\BRO\WEEK24\KAAIZEN\Backend\clients\services\calculations.py changed, reloading.
INFO 2026-01-17 11:48:00,926 django.utils.autoreload Watching for file changes with StatReloader
INFO 2026-01-17 11:48:00,926 django.utils.autoreload Watching for file changes with StatReloader
INFO 2026-01-17 11:48:20,048 django.utils.autoreload C:\Users\SHAHEEM\OneDrive\Desktop\IMPORTANT\BRO\WEEK24\KAAIZEN\Backend\clients\services\calculations.py changed, reloading.
INFO 2026-01-17 11:48:20,048 django.utils.autoreload C:\Users\SHAHEEM\OneDrive\Desktop\IMPORTANT\BRO\WEEK24\KAAIZEN\Backend\clients\services\calculations.py changed, reloading.
INFO 2026-01-17 11:48:22,450 django.utils.autoreload Watching for file changes with StatReloader
INFO 2026-01-17 11:48:22,450 django.utils.autoreload Watching for file changes with StatReloader
INFO 2026-01-17 11:48:23,357 clients.serializers.client_profile from client profile serializer
INFO 2026-01-17 11:48:25,913 django.utils.autoreload C:\Users\SHAHEEM\OneDrive\Desktop\IMPORTANT\BRO\WEEK24\KAAIZEN\Backend\clients\services\calculations.py changed, reloading.
INFO 2026-01-17 11:48:25,913 django.utils.autoreload C:\Users\SHAHEEM\OneDrive\Desktop\IMPORTANT\BRO\WEEK24\KAAIZEN\Backend\clients\services\calculations.py changed, reloading.
INFO 2026-01-17 11:48:27,811 django.utils.autoreload Watching for file changes with StatReloader
INFO 2026-01-17 11:48:27,811 django.utils.autoreload Watching for file changes with StatReloader
INFO 2026-01-17 11:48:28,457 clients.serializers.client_profile from client profile serializer
INFO 2026-01-17 11:48:32,980 django.utils.autoreload C:\Users\SHAHEEM\OneDrive\Desktop\IMPORTANT\BRO\WEEK24\KAAIZEN\Backend\clients\services\calculations.py changed, reloading.
INFO 2026-01-17 11:48:32,980 django.utils.autoreload C:\Users\SHAHEEM\OneDrive\Desktop\IMPORTANT\BRO\WEEK24\KAAIZEN\Backend\clients\services\calculations.py changed, reloading.
INFO 2026-01-17 11:48:34,398 django.utils.autoreload Watching for file changes with StatReloader
INFO 2026-01-17 11:48:34,398 django.utils.autoreload Watching for file changes with StatReloader
INFO 2026-01-17 11:48:34,656 clients.serializers.client_profile from client profile serializer
INFO 2026-01-17 11:48:51,057 django.utils.autoreload C:\Users\SHAHEEM\OneDrive\Desktop\IMPORTANT\BRO\WEEK24\KAAIZEN\Backend\clients\services\calculations.py changed, reloading.
INFO 2026-01-17 11:48:51,057 django.utils.autoreload C:\Users\SHAHEEM\OneDrive\Desktop\IMPORTANT\BRO\WEEK24\KAAIZEN\Backend\clients\services\calculations.py changed, reloading.
INFO 2026-01-17 11:48:52,191 django.utils.autoreload Watching for file changes with StatReloader
INFO 2026-01-17 11:48:52,191 django.utils.autoreload Watching for file changes with StatReloader
INFO 2026-01-17 11:48:54,990 django.utils.autoreload C:\Users\SHAHEEM\OneDrive\Desktop\IMPORTANT\BRO\WEEK24\KAAIZEN\Backend\clients\services\calculations.py changed, reloading.
INFO 2026-01-17 11:48:54,990 django.utils.autoreload C:\Users\SHAHEEM\OneDrive\Desktop\IMPORTANT\BRO\WEEK24\KAAIZEN\Backend\clients\services\calculations.py changed, reloading.
INFO 2026-01-17 11:48:56,018 django.utils.autoreload Watching for file changes with StatReloader
INFO 2026-01-17 11:48:56,018 django.utils.autoreload Watching for file changes with StatReloader
INFO 2026-01-17 11:48:56,254 clients.serializers.client_profile from client profile serializer
INFO 2026-01-17 11:49:00,158 django.utils.autoreload C:\Users\SHAHEEM\OneDrive\Desktop\IMPORTANT\BRO\WEEK24\KAAIZEN\Backend\clients\services\calculations.py changed, reloading.
INFO 2026-01-17 11:49:00,158 django.utils.autoreload C:\Users\SHAHEEM\OneDrive\Desktop\IMPORTANT\BRO\WEEK24\KAAIZEN\Backend\clients\services\calculations.py changed, reloading.
INFO 2026-01-17 11:49:01,060 django.utils.autoreload Watching for file changes with StatReloader
INFO 2026-01-17 11:49:01,060 django.utils.autoreload Watching for file changes with StatReloader
INFO 2026-01-17 11:49:01,308 clients.serializers.client_profile from client profile serializer
INFO 2026-01-17 11:49:51,203 django.utils.autoreload C:\Users\SHAHEEM\OneDrive\Desktop\IMPORTANT\BRO\WEEK24\KAAIZEN\Backend\clients\services\calculations.py changed, reloading.
INFO 2026-01-17 11:49:51,203 django.utils.autoreload C:\Users\SHAHEEM\OneDrive\Desktop\IMPORTANT\BRO\WEEK24\KAAIZEN\Backend\clients\services\calculations.py changed, reloading.
INFO 2026-01-17 11:49:52,602 django.utils.autoreload Watching for file changes with StatReloader
INFO 2026-01-17 11:49:52,602 django.utils.autoreload Watching for file changes with StatReloader
INFO 2026-01-17 11:49:55,436 django.utils.autoreload C:\Users\SHAHEEM\OneDrive\Desktop\IMPORTANT\BRO\WEEK24\KAAIZEN\Backend\clients\services\calculations.py changed, reloading.
INFO 2026-01-17 11:49:55,436 django.utils.autoreload C:\Users\SHAHEEM\OneDrive\Desktop\IMPORTANT\BRO\WEEK24\KAAIZEN\Backend\clients\services\calculations.py changed, reloading.
INFO 2026-01-17 11:49:56,859 django.utils.autoreload Watching for file changes with StatReloader
INFO 2026-01-17 11:49:56,859 django.utils.autoreload Watching for file changes with StatReloader
INFO 2026-01-17 11:49:57,147 clients.serializers.client_profile from client profile serializer
INFO 2026-01-17 11:50:09,230 django.utils.autoreload C:\Users\SHAHEEM\OneDrive\Desktop\IMPORTANT\BRO\WEEK24\KAAIZEN\Backend\clients\services\calculations.py changed, reloading.
INFO 2026-01-17 11:50:09,230 django.utils.autoreload C:\Users\SHAHEEM\OneDrive\Desktop\IMPORTANT\BRO\WEEK24\KAAIZEN\Backend\clients\services\calculations.py changed, reloading.
INFO 2026-01-17 11:50:10,269 django.utils.autoreload Watching for file changes with StatReloader
INFO 2026-01-17 11:50:10,269 django.utils.autoreload Watching for file changes with StatReloader
INFO 2026-01-17 11:50:15,602 django.utils.autoreload C:\Users\SHAHEEM\OneDrive\Desktop\IMPORTANT\BRO\WEEK24\KAAIZEN\Backend\clients\services\calculations.py changed, reloading.
INFO 2026-01-17 11:50:15,602 django.utils.autoreload C:\Users\SHAHEEM\OneDrive\Desktop\IMPORTANT\BRO\WEEK24\KAAIZEN\Backend\clients\services\calculations.py changed, reloading.
INFO 2026-01-17 11:50:16,783 django.utils.autoreload Watching for file changes with StatReloader
INFO 2026-01-17 11:50:16,783 django.utils.autoreload Watching for file changes with StatReloader
INFO 2026-01-17 11:50:18,457 django.utils.autoreload C:\Users\SHAHEEM\OneDrive\Desktop\IMPORTANT\BRO\WEEK24\KAAIZEN\Backend\clients\services\calculations.py changed, reloading.
INFO 2026-01-17 11:50:18,457 django.utils.autoreload C:\Users\SHAHEEM\OneDrive\Desktop\IMPORTANT\BRO\WEEK24\KAAIZEN\Backend\clients\services\calculations.py changed, reloading.
INFO 2026-01-17 11:50:19,455 django.utils.autoreload Watching for file changes with StatReloader
INFO 2026-01-17 11:50:19,455 django.utils.autoreload Watching for file changes with StatReloader
INFO 2026-01-17 11:50:22,309 django.utils.autoreload C:\Users\SHAHEEM\OneDrive\Desktop\IMPORTANT\BRO\WEEK24\KAAIZEN\Backend\clients\services\calculations.py changed, reloading.
INFO 2026-01-17 11:50:22,309 django.utils.autoreload C:\Users\SHAHEEM\OneDrive\Desktop\IMPORTANT\BRO\WEEK24\KAAIZEN\Backend\clients\services\calculations.py changed, reloading.
INFO 2026-01-17 11:50:23,321 django.utils.autoreload Watching for file changes with StatReloader
INFO 2026-01-17 11:50:23,321 django.utils.autoreload Watching for file changes with StatReloader
INFO 2026-01-17 11:50:23,544 clients.serializers.client_profile from client profile serializer
INFO 2026-01-17 11:50:31,168 django.utils.autoreload C:\Users\SHAHEEM\OneDrive\Desktop\IMPORTANT\BRO\WEEK24\KAAIZEN\Backend\clients\services\calculations.py changed, reloading.
INFO 2026-01-17 11:50:31,168 django.utils.autoreload C:\Users\SHAHEEM\OneDrive\Desktop\IMPORTANT\BRO\WEEK24\KAAIZEN\Backend\clients\services\calculations.py changed, reloading.
INFO 2026-01-17 11:50:32,249 django.utils.autoreload Watching for file changes with StatReloader
INFO 2026-01-17 11:50:32,249 django.utils.autoreload Watching for file changes with StatReloader
INFO 2026-01-17 11:50:33,930 django.utils.autoreload C:\Users\SHAHEEM\OneDrive\Desktop\IMPORTANT\BRO\WEEK24\KAAIZEN\Backend\clients\services\calculations.py changed, reloading.
INFO 2026-01-17 11:50:33,930 django.utils.autoreload C:\Users\SHAHEEM\OneDrive\Desktop\IMPORTANT\BRO\WEEK24\KAAIZEN\Backend\clients\services\calculations.py changed, reloading.
INFO 2026-01-17 11:50:35,361 django.utils.autoreload Watching for file changes with StatReloader
INFO 2026-01-17 11:50:35,361 django.utils.autoreload Watching for file changes with StatReloader
INFO 2026-01-17 11:50:37,996 django.utils.autoreload C:\Users\SHAHEEM\OneDrive\Desktop\IMPORTANT\BRO\WEEK24\KAAIZEN\Backend\clients\services\calculations.py changed, reloading.
INFO 2026-01-17 11:50:37,996 django.utils.autoreload C:\Users\SHAHEEM\OneDrive\Desktop\IMPORTANT\BRO\WEEK24\KAAIZEN\Backend\clients\services\calculations.py changed, reloading.
INFO 2026-01-17 11:50:39,142 django.utils.autoreload Watching for file changes with StatReloader
INFO 2026-01-17 11:50:39,142 django.utils.autoreload Watching for file changes with StatReloader
INFO 2026-01-17 11:50:42,890 django.utils.autoreload C:\Users\SHAHEEM\OneDrive\Desktop\IMPORTANT\BRO\WEEK24\KAAIZEN\Backend\clients\services\calculations.py changed, reloading.
INFO 2026-01-17 11:50:42,890 django.utils.autoreload C:\Users\SHAHEEM\OneDrive\Desktop\IMPORTANT\BRO\WEEK24\KAAIZEN\Backend\clients\services\calculations.py changed, reloading.
INFO 2026-01-17 11:50:43,938 django.utils.autoreload Watching for file changes with StatReloader
INFO 2026-01-17 11:50:43,938 django.utils.autoreload Watching for file changes with StatReloader
INFO 2026-01-17 11:50:45,818 django.utils.autoreload C:\Users\SHAHEEM\OneDrive\Desktop\IMPORTANT\BRO\WEEK24\KAAIZEN\Backend\clients\services\calculations.py changed, reloading.
INFO 2026-01-17 11:50:45,818 django.utils.autoreload C:\Users\SHAHEEM\OneDrive\Desktop\IMPORTANT\BRO\WEEK24\KAAIZEN\Backend\clients\services\calculations.py changed, reloading.
INFO 2026-01-17 11:50:46,937 django.utils.autoreload Watching for file changes with StatReloader
INFO 2026-01-17 11:50:46,937 django.utils.autoreload Watching for file changes with StatReloader
INFO 2026-01-17 11:50:47,201 clients.serializers.client_profile from client profile serializer
INFO 2026-01-17 11:51:53,376 django.server "POST /api/auth/login/ HTTP/1.1" 200 77
INFO 2026-01-17 11:51:53,376 django.server "POST /api/auth/login/ HTTP/1.1" 200 77
INFO 2026-01-17 11:51:56,859 clients.views from post of client rpofile view
INFO 2026-01-17 11:51:56,869 clients.serializers.client_profile from create of client profile serializer
INFO 2026-01-17 11:51:56,870 clients.services.calculations from calculate daily calory
INFO 2026-01-17 11:51:57,108 django.server "POST /api/client/me/profile/ HTTP/1.1" 201 407
INFO 2026-01-17 11:51:57,108 django.server "POST /api/client/me/profile/ HTTP/1.1" 201 407
INFO 2026-01-17 11:52:27,598 django.utils.autoreload C:\Users\SHAHEEM\OneDrive\Desktop\IMPORTANT\BRO\WEEK24\KAAIZEN\Backend\clients\services\calculations.py changed, reloading.
INFO 2026-01-17 11:52:27,598 django.utils.autoreload C:\Users\SHAHEEM\OneDrive\Desktop\IMPORTANT\BRO\WEEK24\KAAIZEN\Backend\clients\services\calculations.py changed, reloading.
INFO 2026-01-17 11:52:28,933 django.utils.autoreload Watching for file changes with StatReloader
INFO 2026-01-17 11:52:28,933 django.utils.autoreload Watching for file changes with StatReloader
INFO 2026-01-17 11:52:29,295 clients.serializers.client_profile from client profile serializer
INFO 2026-01-17 11:52:32,121 django.utils.autoreload C:\Users\SHAHEEM\OneDrive\Desktop\IMPORTANT\BRO\WEEK24\KAAIZEN\Backend\clients\services\calculations.py changed, reloading.
INFO 2026-01-17 11:52:32,121 django.utils.autoreload C:\Users\SHAHEEM\OneDrive\Desktop\IMPORTANT\BRO\WEEK24\KAAIZEN\Backend\clients\services\calculations.py changed, reloading.
INFO 2026-01-17 11:52:33,402 django.utils.autoreload Watching for file changes with StatReloader
INFO 2026-01-17 11:52:33,402 django.utils.autoreload Watching for file changes with StatReloader
INFO 2026-01-17 11:52:35,051 django.utils.autoreload C:\Users\SHAHEEM\OneDrive\Desktop\IMPORTANT\BRO\WEEK24\KAAIZEN\Backend\clients\services\calculations.py changed, reloading.
INFO 2026-01-17 11:52:35,051 django.utils.autoreload C:\Users\SHAHEEM\OneDrive\Desktop\IMPORTANT\BRO\WEEK24\KAAIZEN\Backend\clients\services\calculations.py changed, reloading.
INFO 2026-01-17 11:52:37,283 django.utils.autoreload Watching for file changes with StatReloader
INFO 2026-01-17 11:52:37,283 django.utils.autoreload Watching for file changes with StatReloader
INFO 2026-01-17 11:52:37,764 clients.serializers.client_profile from client profile serializer
INFO 2026-01-17 11:53:33,241 django.server "POST /api/auth/login/ HTTP/1.1" 200 77
INFO 2026-01-17 11:53:33,241 django.server "POST /api/auth/login/ HTTP/1.1" 200 77
INFO 2026-01-17 11:53:36,471 clients.views from post of client rpofile view
INFO 2026-01-17 11:53:36,479 clients.serializers.client_profile from create of client profile serializer
INFO 2026-01-17 11:53:36,480 clients.services.calculations from calculate daily calory
INFO 2026-01-17 11:53:36,670 django.server "POST /api/client/me/profile/ HTTP/1.1" 201 407
INFO 2026-01-17 11:53:36,670 django.server "POST /api/client/me/profile/ HTTP/1.1" 201 407
INFO 2026-01-17 11:55:15,420 django.utils.autoreload C:\Users\SHAHEEM\OneDrive\Desktop\IMPORTANT\BRO\WEEK24\KAAIZEN\Backend\clients\services\calculations.py changed, reloading.
INFO 2026-01-17 11:55:15,420 django.utils.autoreload C:\Users\SHAHEEM\OneDrive\Desktop\IMPORTANT\BRO\WEEK24\KAAIZEN\Backend\clients\services\calculations.py changed, reloading.
INFO 2026-01-17 11:55:16,795 django.utils.autoreload Watching for file changes with StatReloader
INFO 2026-01-17 11:55:16,795 django.utils.autoreload Watching for file changes with StatReloader
INFO 2026-01-17 11:55:18,412 django.utils.autoreload C:\Users\SHAHEEM\OneDrive\Desktop\IMPORTANT\BRO\WEEK24\KAAIZEN\Backend\clients\services\calculations.py changed, reloading.
INFO 2026-01-17 11:55:18,412 django.utils.autoreload C:\Users\SHAHEEM\OneDrive\Desktop\IMPORTANT\BRO\WEEK24\KAAIZEN\Backend\clients\services\calculations.py changed, reloading.
INFO 2026-01-17 11:55:19,499 django.utils.autoreload Watching for file changes with StatReloader
INFO 2026-01-17 11:55:19,499 django.utils.autoreload Watching for file changes with StatReloader
INFO 2026-01-17 11:55:21,069 django.utils.autoreload C:\Users\SHAHEEM\OneDrive\Desktop\IMPORTANT\BRO\WEEK24\KAAIZEN\Backend\clients\services\calculations.py changed, reloading.
INFO 2026-01-17 11:55:21,069 django.utils.autoreload C:\Users\SHAHEEM\OneDrive\Desktop\IMPORTANT\BRO\WEEK24\KAAIZEN\Backend\clients\services\calculations.py changed, reloading.
INFO 2026-01-17 11:55:22,215 django.utils.autoreload Watching for file changes with StatReloader
INFO 2026-01-17 11:55:22,215 django.utils.autoreload Watching for file changes with StatReloader
INFO 2026-01-17 11:55:22,452 clients.serializers.client_profile from client profile serializer
INFO 2026-01-17 11:55:34,104 django.utils.autoreload C:\Users\SHAHEEM\OneDrive\Desktop\IMPORTANT\BRO\WEEK24\KAAIZEN\Backend\clients\services\calculations.py changed, reloading.
INFO 2026-01-17 11:55:34,104 django.utils.autoreload C:\Users\SHAHEEM\OneDrive\Desktop\IMPORTANT\BRO\WEEK24\KAAIZEN\Backend\clients\services\calculations.py changed, reloading.
INFO 2026-01-17 11:55:35,125 django.utils.autoreload Watching for file changes with StatReloader
INFO 2026-01-17 11:55:35,125 django.utils.autoreload Watching for file changes with StatReloader
INFO 2026-01-17 11:55:35,368 clients.serializers.client_profile from client profile serializer
INFO 2026-01-17 11:55:37,561 django.utils.autoreload C:\Users\SHAHEEM\OneDrive\Desktop\IMPORTANT\BRO\WEEK24\KAAIZEN\Backend\clients\services\calculations.py changed, reloading.
INFO 2026-01-17 11:55:37,561 django.utils.autoreload C:\Users\SHAHEEM\OneDrive\Desktop\IMPORTANT\BRO\WEEK24\KAAIZEN\Backend\clients\services\calculations.py changed, reloading.
INFO 2026-01-17 11:55:38,848 django.utils.autoreload Watching for file changes with StatReloader
INFO 2026-01-17 11:55:38,848 django.utils.autoreload Watching for file changes with StatReloader
INFO 2026-01-17 11:55:41,481 django.utils.autoreload C:\Users\SHAHEEM\OneDrive\Desktop\IMPORTANT\BRO\WEEK24\KAAIZEN\Backend\clients\services\calculations.py changed, reloading.
INFO 2026-01-17 11:55:41,481 django.utils.autoreload C:\Users\SHAHEEM\OneDrive\Desktop\IMPORTANT\BRO\WEEK24\KAAIZEN\Backend\clients\services\calculations.py changed, reloading.
INFO 2026-01-17 11:55:42,518 django.utils.autoreload Watching for file changes with StatReloader
INFO 2026-01-17 11:55:42,518 django.utils.autoreload Watching for file changes with StatReloader
INFO 2026-01-17 11:55:42,798 clients.serializers.client_profile from client profile serializer
INFO 2026-01-17 11:56:21,806 django.server "POST /api/auth/login/ HTTP/1.1" 200 77
INFO 2026-01-17 11:56:21,806 django.server "POST /api/auth/login/ HTTP/1.1" 200 77
INFO 2026-01-17 11:56:25,026 clients.views from post of client rpofile view
INFO 2026-01-17 11:56:25,033 clients.serializers.client_profile from create of client profile serializer
INFO 2026-01-17 11:56:25,033 clients.services.calculations from calculate daily calory
INFO 2026-01-17 11:56:25,268 django.server "POST /api/client/me/profile/ HTTP/1.1" 201 407
INFO 2026-01-17 11:56:25,268 django.server "POST /api/client/me/profile/ HTTP/1.1" 201 407
INFO 2026-01-17 11:57:00,079 django.utils.autoreload C:\Users\SHAHEEM\OneDrive\Desktop\IMPORTANT\BRO\WEEK24\KAAIZEN\Backend\clients\services\calculations.py changed, reloading.
INFO 2026-01-17 11:57:00,079 django.utils.autoreload C:\Users\SHAHEEM\OneDrive\Desktop\IMPORTANT\BRO\WEEK24\KAAIZEN\Backend\clients\services\calculations.py changed, reloading.
INFO 2026-01-17 11:57:01,080 django.utils.autoreload Watching for file changes with StatReloader
INFO 2026-01-17 11:57:01,080 django.utils.autoreload Watching for file changes with StatReloader
INFO 2026-01-17 11:57:04,053 django.utils.autoreload C:\Users\SHAHEEM\OneDrive\Desktop\IMPORTANT\BRO\WEEK24\KAAIZEN\Backend\clients\services\calculations.py changed, reloading.
INFO 2026-01-17 11:57:04,053 django.utils.autoreload C:\Users\SHAHEEM\OneDrive\Desktop\IMPORTANT\BRO\WEEK24\KAAIZEN\Backend\clients\services\calculations.py changed, reloading.
INFO 2026-01-17 11:57:05,076 django.utils.autoreload Watching for file changes with StatReloader
INFO 2026-01-17 11:57:05,076 django.utils.autoreload Watching for file changes with StatReloader
INFO 2026-01-17 11:57:09,176 django.utils.autoreload C:\Users\SHAHEEM\OneDrive\Desktop\IMPORTANT\BRO\WEEK24\KAAIZEN\Backend\clients\services\calculations.py changed, reloading.
INFO 2026-01-17 11:57:09,176 django.utils.autoreload C:\Users\SHAHEEM\OneDrive\Desktop\IMPORTANT\BRO\WEEK24\KAAIZEN\Backend\clients\services\calculations.py changed, reloading.
INFO 2026-01-17 11:57:10,288 django.utils.autoreload Watching for file changes with StatReloader
INFO 2026-01-17 11:57:10,288 django.utils.autoreload Watching for file changes with StatReloader
INFO 2026-01-17 11:57:10,586 clients.serializers.client_profile from client profile serializer
INFO 2026-01-17 11:57:53,728 django.server "POST /api/auth/login/ HTTP/1.1" 200 77
INFO 2026-01-17 11:57:53,728 django.server "POST /api/auth/login/ HTTP/1.1" 200 77
INFO 2026-01-17 11:58:01,642 clients.views from post of client rpofile view
INFO 2026-01-17 11:58:01,649 clients.serializers.client_profile from create of client profile serializer
INFO 2026-01-17 11:58:01,649 clients.services.calculations from calculate daily calory
INFO 2026-01-17 11:58:01,813 django.server "POST /api/client/me/profile/ HTTP/1.1" 201 407
INFO 2026-01-17 11:58:01,813 django.server "POST /api/client/me/profile/ HTTP/1.1" 201 407
INFO 2026-01-17 12:00:01,629 django.utils.autoreload C:\Users\SHAHEEM\OneDrive\Desktop\IMPORTANT\BRO\WEEK24\KAAIZEN\Backend\clients\services\calculations.py changed, reloading.
INFO 2026-01-17 12:00:01,629 django.utils.autoreload C:\Users\SHAHEEM\OneDrive\Desktop\IMPORTANT\BRO\WEEK24\KAAIZEN\Backend\clients\services\calculations.py changed, reloading.
INFO 2026-01-17 12:00:02,718 django.utils.autoreload Watching for file changes with StatReloader
INFO 2026-01-17 12:00:02,718 django.utils.autoreload Watching for file changes with StatReloader
INFO 2026-01-17 12:00:03,048 clients.serializers.client_profile from client profile serializer
WARNING 2026-01-17 12:00:58,227 django.request Unauthorized: /api/auth/me/
WARNING 2026-01-17 12:00:58,227 django.request Unauthorized: /api/auth/me/
WARNING 2026-01-17 12:00:58,228 django.server "GET /api/auth/me/ HTTP/1.1" 401 28
WARNING 2026-01-17 12:00:58,228 django.server "GET /api/auth/me/ HTTP/1.1" 401 28
WARNING 2026-01-17 12:00:58,243 django.request Unauthorized: /api/auth/refresh/
WARNING 2026-01-17 12:00:58,243 django.request Unauthorized: /api/auth/refresh/
WARNING 2026-01-17 12:00:58,245 django.server "POST /api/auth/refresh/ HTTP/1.1" 401 29
WARNING 2026-01-17 12:00:58,245 django.server "POST /api/auth/refresh/ HTTP/1.1" 401 29
INFO 2026-01-17 12:01:14,475 django.server "OPTIONS /api/auth/login/ HTTP/1.1" 200 0
INFO 2026-01-17 12:01:14,475 django.server "OPTIONS /api/auth/login/ HTTP/1.1" 200 0
INFO 2026-01-17 12:01:16,026 django.server "POST /api/auth/login/ HTTP/1.1" 200 76
INFO 2026-01-17 12:01:16,026 django.server "POST /api/auth/login/ HTTP/1.1" 200 76
INFO 2026-01-17 12:01:16,134 django.server "GET /api/nutrition/daily-summary/2026-01-17/ HTTP/1.1" 200 74
INFO 2026-01-17 12:01:16,134 django.server "GET /api/nutrition/daily-summary/2026-01-17/ HTTP/1.1" 200 74
INFO 2026-01-17 12:01:16,187 django.server "GET /api/client/me/profile/ HTTP/1.1" 200 407
INFO 2026-01-17 12:01:16,187 django.server "GET /api/client/me/profile/ HTTP/1.1" 200 407
INFO 2026-01-17 12:01:16,210 django.server "GET /api/nutrition/daily-summary/2026-01-17/ HTTP/1.1" 200 74
INFO 2026-01-17 12:01:16,210 django.server "GET /api/nutrition/daily-summary/2026-01-17/ HTTP/1.1" 200 74
INFO 2026-01-17 12:01:27,106 django.server "GET /api/nutrition/meal-entries/2026-01-17/ HTTP/1.1" 200 2
INFO 2026-01-17 12:01:27,106 django.server "GET /api/nutrition/meal-entries/2026-01-17/ HTTP/1.1" 200 2
INFO 2026-01-17 12:01:27,116 django.server "GET /api/nutrition/daily-summary/2026-01-17/ HTTP/1.1" 200 74
INFO 2026-01-17 12:01:27,116 django.server "GET /api/nutrition/daily-summary/2026-01-17/ HTTP/1.1" 200 74
INFO 2026-01-17 12:01:35,930 django.server "GET /api/client/meal-allocations/ HTTP/1.1" 200 342
INFO 2026-01-17 12:01:35,930 django.server "GET /api/client/meal-allocations/ HTTP/1.1" 200 342
INFO 2026-01-17 12:01:35,942 django.server "GET /api/nutrition/meal-entries/2026-01-17/ HTTP/1.1" 200 2
INFO 2026-01-17 12:01:35,942 django.server "GET /api/nutrition/meal-entries/2026-01-17/ HTTP/1.1" 200 2
INFO 2026-01-17 12:01:35,956 django.server "GET /api/nutrition/daily-summary/2026-01-17/ HTTP/1.1" 200 74
INFO 2026-01-17 12:01:35,956 django.server "GET /api/client/me/profile/ HTTP/1.1" 200 407
INFO 2026-01-17 12:01:35,956 django.server "GET /api/nutrition/daily-summary/2026-01-17/ HTTP/1.1" 200 74
INFO 2026-01-17 12:01:35,956 django.server "GET /api/client/me/profile/ HTTP/1.1" 200 407
INFO 2026-01-17 12:01:36,036 django.server "GET /api/client/meal-allocations/ HTTP/1.1" 200 342
INFO 2026-01-17 12:01:36,036 django.server "GET /api/client/meal-allocations/ HTTP/1.1" 200 342
INFO 2026-01-17 12:01:36,042 django.server "GET /api/nutrition/meal-entries/2026-01-17/ HTTP/1.1" 200 2
INFO 2026-01-17 12:01:36,042 django.server "GET /api/nutrition/meal-entries/2026-01-17/ HTTP/1.1" 200 2
INFO 2026-01-17 12:01:36,049 django.server "GET /api/client/me/profile/ HTTP/1.1" 200 407
INFO 2026-01-17 12:01:36,049 django.server "GET /api/client/me/profile/ HTTP/1.1" 200 407
INFO 2026-01-17 12:01:36,052 django.server "GET /api/nutrition/daily-summary/2026-01-17/ HTTP/1.1" 200 74
INFO 2026-01-17 12:01:36,052 django.server "GET /api/nutrition/daily-summary/2026-01-17/ HTTP/1.1" 200 74
INFO 2026-01-17 12:01:57,114 django.server "OPTIONS /api/nutrition/meal-entries/ HTTP/1.1" 200 0
INFO 2026-01-17 12:01:57,114 django.server "OPTIONS /api/nutrition/meal-entries/ HTTP/1.1" 200 0
DEBUG 2026-01-17 12:01:57,504 urllib3.connectionpool Starting new HTTPS connection (1): api.edamam.com:443
DEBUG 2026-01-17 12:01:59,922 urllib3.connectionpool https://api.edamam.com:443 "POST /api/nutrition-details?app_id=e9506ce1&app_key=818534556d1d6a5e8d705614b79cb415 HTTP/1.1" 200 None
INFO 2026-01-17 12:02:00,044 django.server "POST /api/nutrition/meal-entries/ HTTP/1.1" 201 372
INFO 2026-01-17 12:02:00,044 django.server "POST /api/nutrition/meal-entries/ HTTP/1.1" 201 372
INFO 2026-01-17 12:02:00,148 django.server "GET /api/nutrition/daily-summary/2026-01-17/ HTTP/1.1" 200 82
INFO 2026-01-17 12:02:00,148 django.server "GET /api/nutrition/daily-summary/2026-01-17/ HTTP/1.1" 200 82
INFO 2026-01-17 12:02:00,232 django.server "GET /api/nutrition/meal-entries/2026-01-17/ HTTP/1.1" 200 374
INFO 2026-01-17 12:02:00,232 django.server "GET /api/nutrition/meal-entries/2026-01-17/ HTTP/1.1" 200 374
INFO 2026-01-17 12:02:10,518 django.server "GET /api/auth/me/ HTTP/1.1" 200 57
INFO 2026-01-17 12:02:10,518 django.server "GET /api/auth/me/ HTTP/1.1" 200 57
INFO 2026-01-17 12:02:10,642 django.server "GET /api/nutrition/daily-summary/2026-01-17/ HTTP/1.1" 200 82
INFO 2026-01-17 12:02:10,642 django.server "GET /api/nutrition/daily-summary/2026-01-17/ HTTP/1.1" 200 82
INFO 2026-01-17 12:02:10,748 django.server "GET /api/nutrition/meal-entries/2026-01-17/ HTTP/1.1" 200 374
INFO 2026-01-17 12:02:10,748 django.server "GET /api/nutrition/meal-entries/2026-01-17/ HTTP/1.1" 200 374
INFO 2026-01-17 12:02:10,784 django.server "GET /api/client/me/profile/ HTTP/1.1" 200 407
INFO 2026-01-17 12:02:10,784 django.server "GET /api/client/me/profile/ HTTP/1.1" 200 407
INFO 2026-01-17 12:02:34,988 django.server "GET /api/client/meal-allocations/ HTTP/1.1" 200 342
INFO 2026-01-17 12:02:34,988 django.server "GET /api/client/meal-allocations/ HTTP/1.1" 200 342
INFO 2026-01-17 12:02:34,998 django.server "GET /api/nutrition/meal-entries/2026-01-17/ HTTP/1.1" 200 374
INFO 2026-01-17 12:02:34,999 django.server "GET /api/client/me/profile/ HTTP/1.1" 200 407
INFO 2026-01-17 12:02:34,998 django.server "GET /api/nutrition/meal-entries/2026-01-17/ HTTP/1.1" 200 374
INFO 2026-01-17 12:02:34,999 django.server "GET /api/client/me/profile/ HTTP/1.1" 200 407
INFO 2026-01-17 12:02:35,017 django.server "GET /api/nutrition/daily-summary/2026-01-17/ HTTP/1.1" 200 82
INFO 2026-01-17 12:02:35,017 django.server "GET /api/nutrition/daily-summary/2026-01-17/ HTTP/1.1" 200 82
INFO 2026-01-17 12:02:35,087 django.server "GET /api/nutrition/meal-entries/2026-01-17/ HTTP/1.1" 200 374
INFO 2026-01-17 12:02:35,087 django.server "GET /api/nutrition/meal-entries/2026-01-17/ HTTP/1.1" 200 374
INFO 2026-01-17 12:02:35,089 django.server "GET /api/client/meal-allocations/ HTTP/1.1" 200 342
INFO 2026-01-17 12:02:35,089 django.server "GET /api/client/meal-allocations/ HTTP/1.1" 200 342
INFO 2026-01-17 12:02:35,091 django.server "GET /api/nutrition/daily-summary/2026-01-17/ HTTP/1.1" 200 82
INFO 2026-01-17 12:02:35,091 django.server "GET /api/nutrition/daily-summary/2026-01-17/ HTTP/1.1" 200 82
INFO 2026-01-17 12:02:35,093 django.server "GET /api/client/me/profile/ HTTP/1.1" 200 407
INFO 2026-01-17 12:02:35,093 django.server "GET /api/client/me/profile/ HTTP/1.1" 200 407
INFO 2026-01-17 12:02:41,984 django.server "GET /api/nutrition/daily-summary/2026-01-17/ HTTP/1.1" 200 82
INFO 2026-01-17 12:02:41,984 django.server "GET /api/nutrition/daily-summary/2026-01-17/ HTTP/1.1" 200 82
INFO 2026-01-17 12:02:42,098 django.server "GET /api/nutrition/daily-summary/2026-01-17/ HTTP/1.1" 200 82
INFO 2026-01-17 12:02:42,098 django.server "GET /api/nutrition/daily-summary/2026-01-17/ HTTP/1.1" 200 82
INFO 2026-01-17 12:06:49,470 django.utils.autoreload C:\Users\SHAHEEM\OneDrive\Desktop\IMPORTANT\BRO\WEEK24\KAAIZEN\Backend\clients\serializers\client_profile.py changed, reloading.
INFO 2026-01-17 12:06:49,470 django.utils.autoreload C:\Users\SHAHEEM\OneDrive\Desktop\IMPORTANT\BRO\WEEK24\KAAIZEN\Backend\clients\serializers\client_profile.py changed, reloading.
INFO 2026-01-17 12:06:51,092 django.utils.autoreload Watching for file changes with StatReloader
INFO 2026-01-17 12:06:51,092 django.utils.autoreload Watching for file changes with StatReloader
INFO 2026-01-17 12:06:51,466 clients.serializers.client_profile from client profile serializer
WARNING 2026-01-17 12:06:56,260 django.request Unauthorized: /api/auth/me/
WARNING 2026-01-17 12:06:56,260 django.request Unauthorized: /api/auth/me/
WARNING 2026-01-17 12:06:56,261 django.server "GET /api/auth/me/ HTTP/1.1" 401 37
WARNING 2026-01-17 12:06:56,261 django.server "GET /api/auth/me/ HTTP/1.1" 401 37
INFO 2026-01-17 12:06:56,534 django.server "POST /api/auth/refresh/ HTTP/1.1" 200 28
INFO 2026-01-17 12:06:56,534 django.server "POST /api/auth/refresh/ HTTP/1.1" 200 28
INFO 2026-01-17 12:06:56,727 django.server "GET /api/auth/me/ HTTP/1.1" 200 57
INFO 2026-01-17 12:06:56,727 django.server "GET /api/auth/me/ HTTP/1.1" 200 57
INFO 2026-01-17 12:06:56,871 django.server "GET /api/nutrition/daily-summary/2026-01-17/ HTTP/1.1" 200 82
INFO 2026-01-17 12:06:56,871 django.server "GET /api/nutrition/daily-summary/2026-01-17/ HTTP/1.1" 200 82
INFO 2026-01-17 12:06:56,901 django.server "GET /api/client/me/profile/ HTTP/1.1" 200 457
INFO 2026-01-17 12:06:56,901 django.server "GET /api/client/me/profile/ HTTP/1.1" 200 457
INFO 2026-01-17 12:06:56,957 django.server "GET /api/nutrition/daily-summary/2026-01-17/ HTTP/1.1" 200 82
INFO 2026-01-17 12:06:56,957 django.server "GET /api/nutrition/daily-summary/2026-01-17/ HTTP/1.1" 200 82
INFO 2026-01-17 12:07:00,393 django.server "GET /api/nutrition/daily-summary/2026-01-17/ HTTP/1.1" 200 82
INFO 2026-01-17 12:07:00,393 django.server "GET /api/nutrition/daily-summary/2026-01-17/ HTTP/1.1" 200 82
INFO 2026-01-17 12:07:00,394 django.server "GET /api/nutrition/meal-entries/2026-01-17/ HTTP/1.1" 200 374
INFO 2026-01-17 12:07:00,394 django.server "GET /api/nutrition/meal-entries/2026-01-17/ HTTP/1.1" 200 374
INFO 2026-01-17 12:07:19,697 django.server "GET /api/nutrition/daily-summary/2026-01-17/ HTTP/1.1" 200 82
INFO 2026-01-17 12:07:19,697 django.server "GET /api/nutrition/daily-summary/2026-01-17/ HTTP/1.1" 200 82
INFO 2026-01-17 12:07:19,873 django.server "GET /api/nutrition/daily-summary/2026-01-17/ HTTP/1.1" 200 82
INFO 2026-01-17 12:07:19,873 django.server "GET /api/nutrition/daily-summary/2026-01-17/ HTTP/1.1" 200 82
INFO 2026-01-17 12:09:09,698 django.server "GET /api/auth/me/ HTTP/1.1" 200 57
INFO 2026-01-17 12:09:09,698 django.server "GET /api/auth/me/ HTTP/1.1" 200 57
INFO 2026-01-17 12:09:09,797 django.server "GET /api/nutrition/daily-summary/2026-01-17/ HTTP/1.1" 200 82
INFO 2026-01-17 12:09:09,797 django.server "GET /api/nutrition/daily-summary/2026-01-17/ HTTP/1.1" 200 82
INFO 2026-01-17 12:09:09,872 django.server "GET /api/nutrition/meal-entries/2026-01-17/ HTTP/1.1" 200 374
INFO 2026-01-17 12:09:09,872 django.server "GET /api/nutrition/meal-entries/2026-01-17/ HTTP/1.1" 200 374
INFO 2026-01-17 12:09:09,939 django.server "GET /api/client/me/profile/ HTTP/1.1" 200 457
INFO 2026-01-17 12:09:09,939 django.server "GET /api/client/me/profile/ HTTP/1.1" 200 457
INFO 2026-01-17 12:09:53,660 django.server "GET /api/auth/me/ HTTP/1.1" 200 57
INFO 2026-01-17 12:09:53,660 django.server "GET /api/auth/me/ HTTP/1.1" 200 57
INFO 2026-01-17 12:10:12,421 django.server "GET /api/auth/me/ HTTP/1.1" 200 57
INFO 2026-01-17 12:10:12,421 django.server "GET /api/auth/me/ HTTP/1.1" 200 57
INFO 2026-01-17 12:10:12,657 django.server "GET /api/nutrition/daily-summary/2026-01-17/ HTTP/1.1" 200 82
INFO 2026-01-17 12:10:12,657 django.server "GET /api/nutrition/daily-summary/2026-01-17/ HTTP/1.1" 200 82
INFO 2026-01-17 12:10:12,685 django.server "GET /api/nutrition/meal-entries/2026-01-17/ HTTP/1.1" 200 374
INFO 2026-01-17 12:10:12,685 django.server "GET /api/nutrition/meal-entries/2026-01-17/ HTTP/1.1" 200 374
INFO 2026-01-17 12:10:12,770 django.server "GET /api/client/me/profile/ HTTP/1.1" 200 457
INFO 2026-01-17 12:10:12,770 django.server "GET /api/client/me/profile/ HTTP/1.1" 200 457
INFO 2026-01-17 12:10:42,120 django.server "GET /api/auth/me/ HTTP/1.1" 200 57
INFO 2026-01-17 12:10:42,120 django.server "GET /api/auth/me/ HTTP/1.1" 200 57
INFO 2026-01-17 12:10:46,079 django.server "GET /api/auth/me/ HTTP/1.1" 200 57
INFO 2026-01-17 12:10:46,079 django.server "GET /api/auth/me/ HTTP/1.1" 200 57
INFO 2026-01-17 12:10:46,293 django.server "GET /api/client/me/profile/ HTTP/1.1" 200 457
INFO 2026-01-17 12:10:46,293 django.server "GET /api/client/me/profile/ HTTP/1.1" 200 457
INFO 2026-01-17 12:10:46,317 django.server "GET /api/nutrition/daily-summary/2026-01-17/ HTTP/1.1" 200 82
INFO 2026-01-17 12:10:46,317 django.server "GET /api/nutrition/meal-entries/2026-01-17/ HTTP/1.1" 200 374
INFO 2026-01-17 12:10:46,317 django.server "GET /api/nutrition/daily-summary/2026-01-17/ HTTP/1.1" 200 82
INFO 2026-01-17 12:10:46,317 django.server "GET /api/nutrition/meal-entries/2026-01-17/ HTTP/1.1" 200 374
WARNING 2026-01-17 12:14:50,094 django.request Unauthorized: /api/auth/me/
WARNING 2026-01-17 12:14:50,094 django.request Unauthorized: /api/auth/me/
WARNING 2026-01-17 12:14:50,096 django.server "GET /api/auth/me/ HTTP/1.1" 401 37
WARNING 2026-01-17 12:14:50,096 django.server "GET /api/auth/me/ HTTP/1.1" 401 37
INFO 2026-01-17 12:14:50,650 django.server "POST /api/auth/refresh/ HTTP/1.1" 200 28
INFO 2026-01-17 12:14:50,650 django.server "POST /api/auth/refresh/ HTTP/1.1" 200 28
INFO 2026-01-17 12:14:50,831 django.server "GET /api/auth/me/ HTTP/1.1" 200 57
INFO 2026-01-17 12:14:50,831 django.server "GET /api/auth/me/ HTTP/1.1" 200 57
INFO 2026-01-17 12:14:50,942 django.server "GET /api/nutrition/meal-entries/2026-01-17/ HTTP/1.1" 200 374
INFO 2026-01-17 12:14:50,942 django.server "GET /api/nutrition/meal-entries/2026-01-17/ HTTP/1.1" 200 374
INFO 2026-01-17 12:14:50,962 django.server "GET /api/nutrition/daily-summary/2026-01-17/ HTTP/1.1" 200 82
INFO 2026-01-17 12:14:50,962 django.server "GET /api/nutrition/daily-summary/2026-01-17/ HTTP/1.1" 200 82
INFO 2026-01-17 12:14:51,029 django.server "GET /api/client/me/profile/ HTTP/1.1" 200 457
INFO 2026-01-17 12:14:51,029 django.server "GET /api/client/me/profile/ HTTP/1.1" 200 457
INFO 2026-01-17 12:15:02,606 django.server "GET /api/nutrition/daily-summary/2026-01-17/ HTTP/1.1" 200 82
INFO 2026-01-17 12:15:02,606 django.server "GET /api/nutrition/daily-summary/2026-01-17/ HTTP/1.1" 200 82
INFO 2026-01-17 12:15:02,697 django.server "GET /api/nutrition/daily-summary/2026-01-17/ HTTP/1.1" 200 82
INFO 2026-01-17 12:15:02,697 django.server "GET /api/nutrition/daily-summary/2026-01-17/ HTTP/1.1" 200 82
INFO 2026-01-17 12:19:23,873 django.server "GET /api/nutrition/daily-summary/2026-01-17/ HTTP/1.1" 200 82
INFO 2026-01-17 12:19:23,873 django.server "GET /api/nutrition/daily-summary/2026-01-17/ HTTP/1.1" 200 82
INFO 2026-01-17 12:19:23,963 django.server "GET /api/nutrition/daily-summary/2026-01-17/ HTTP/1.1" 200 82
INFO 2026-01-17 12:19:23,963 django.server "GET /api/nutrition/daily-summary/2026-01-17/ HTTP/1.1" 200 82
WARNING 2026-01-17 12:36:08,035 django.request Unauthorized: /api/auth/me/
WARNING 2026-01-17 12:36:08,035 django.request Unauthorized: /api/auth/me/
WARNING 2026-01-17 12:36:08,049 django.server "GET /api/auth/me/ HTTP/1.1" 401 28
WARNING 2026-01-17 12:36:08,049 django.server "GET /api/auth/me/ HTTP/1.1" 401 28
INFO 2026-01-17 12:36:08,163 django.server "POST /api/auth/refresh/ HTTP/1.1" 200 28
INFO 2026-01-17 12:36:08,163 django.server "POST /api/auth/refresh/ HTTP/1.1" 200 28
INFO 2026-01-17 12:36:08,411 django.server "GET /api/auth/me/ HTTP/1.1" 200 57
INFO 2026-01-17 12:36:08,411 django.server "GET /api/auth/me/ HTTP/1.1" 200 57
INFO 2026-01-17 12:36:08,584 django.server "GET /api/nutrition/daily-summary/2026-01-17/ HTTP/1.1" 200 82
INFO 2026-01-17 12:36:08,584 django.server "GET /api/nutrition/daily-summary/2026-01-17/ HTTP/1.1" 200 82
INFO 2026-01-17 12:36:08,653 django.server "GET /api/client/me/profile/ HTTP/1.1" 200 457
INFO 2026-01-17 12:36:08,653 django.server "GET /api/client/me/profile/ HTTP/1.1" 200 457
INFO 2026-01-17 12:36:08,726 django.server "GET /api/nutrition/daily-summary/2026-01-17/ HTTP/1.1" 200 82
INFO 2026-01-17 12:36:08,726 django.server "GET /api/nutrition/daily-summary/2026-01-17/ HTTP/1.1" 200 82
INFO 2026-01-17 12:39:31,593 django.server "GET /api/nutrition/daily-summary/2026-01-17/ HTTP/1.1" 200 82
INFO 2026-01-17 12:39:31,594 django.server "GET /api/nutrition/meal-entries/2026-01-17/ HTTP/1.1" 200 374
INFO 2026-01-17 12:39:31,593 django.server "GET /api/nutrition/daily-summary/2026-01-17/ HTTP/1.1" 200 82
INFO 2026-01-17 12:39:31,594 django.server "GET /api/nutrition/meal-entries/2026-01-17/ HTTP/1.1" 200 374
INFO 2026-01-17 12:39:55,872 django.server "GET /api/nutrition/daily-summary/2026-01-17/ HTTP/1.1" 200 82
INFO 2026-01-17 12:39:55,872 django.server "GET /api/nutrition/daily-summary/2026-01-17/ HTTP/1.1" 200 82
INFO 2026-01-17 12:39:55,960 django.server "GET /api/nutrition/daily-summary/2026-01-17/ HTTP/1.1" 200 82
INFO 2026-01-17 12:39:55,960 django.server "GET /api/nutrition/daily-summary/2026-01-17/ HTTP/1.1" 200 82
WARNING 2026-01-17 13:16:50,812 django.request Unauthorized: /api/auth/me/
WARNING 2026-01-17 13:16:50,812 django.request Unauthorized: /api/auth/me/
WARNING 2026-01-17 13:16:50,819 django.server "GET /api/auth/me/ HTTP/1.1" 401 28
WARNING 2026-01-17 13:16:50,819 django.server "GET /api/auth/me/ HTTP/1.1" 401 28
INFO 2026-01-17 13:16:50,966 django.server "POST /api/auth/refresh/ HTTP/1.1" 200 28
INFO 2026-01-17 13:16:50,966 django.server "POST /api/auth/refresh/ HTTP/1.1" 200 28
INFO 2026-01-17 13:16:51,168 django.server "GET /api/auth/me/ HTTP/1.1" 200 57
INFO 2026-01-17 13:16:51,168 django.server "GET /api/auth/me/ HTTP/1.1" 200 57
INFO 2026-01-17 13:16:51,448 django.server "GET /api/nutrition/daily-summary/2026-01-17/ HTTP/1.1" 200 82
INFO 2026-01-17 13:16:51,448 django.server "GET /api/nutrition/daily-summary/2026-01-17/ HTTP/1.1" 200 82
INFO 2026-01-17 13:16:51,501 django.server "GET /api/client/me/profile/ HTTP/1.1" 200 457
INFO 2026-01-17 13:16:51,501 django.server "GET /api/client/me/profile/ HTTP/1.1" 200 457
INFO 2026-01-17 13:16:51,603 django.server "GET /api/nutrition/daily-summary/2026-01-17/ HTTP/1.1" 200 82
INFO 2026-01-17 13:16:51,603 django.server "GET /api/nutrition/daily-summary/2026-01-17/ HTTP/1.1" 200 82
ERROR 2026-01-17 14:23:48,388 django.request Internal Server Error: /api/client/me/profile/
Traceback (most recent call last):
  File "C:\Users\SHAHEEM\OneDrive\Desktop\IMPORTANT\BRO\WEEK24\KAAIZEN\Backend\env\Lib\site-packages\django\db\models\fields\__init__.py", line 2766, in to_python
    return uuid.UUID(**{input_form: value})
           ^^^^^^^^^^^^^^^^^^^^^^^^^^^^^^^^
  File "C:\Users\SHAHEEM\AppData\Local\Programs\Python\Python312\Lib\uuid.py", line 175, in __init__
    hex = hex.replace('urn:', '').replace('uuid:', '')
          ^^^^^^^^^^^
AttributeError: 'AnonymousUser' object has no attribute 'replace'

During handling of the above exception, another exception occurred:

Traceback (most recent call last):
  File "C:\Users\SHAHEEM\OneDrive\Desktop\IMPORTANT\BRO\WEEK24\KAAIZEN\Backend\env\Lib\site-packages\django\core\handlers\exception.py", line 55, in inner
    response = get_response(request)
               ^^^^^^^^^^^^^^^^^^^^^
  File "C:\Users\SHAHEEM\OneDrive\Desktop\IMPORTANT\BRO\WEEK24\KAAIZEN\Backend\env\Lib\site-packages\django\core\handlers\base.py", line 198, in _get_response
    response = wrapped_callback(request, *callback_args, **callback_kwargs)
               ^^^^^^^^^^^^^^^^^^^^^^^^^^^^^^^^^^^^^^^^^^^^^^^^^^^^^^^^^^^^
  File "C:\Users\SHAHEEM\OneDrive\Desktop\IMPORTANT\BRO\WEEK24\KAAIZEN\Backend\env\Lib\site-packages\django\views\decorators\csrf.py", line 65, in _view_wrapper
    return view_func(request, *args, **kwargs)
           ^^^^^^^^^^^^^^^^^^^^^^^^^^^^^^^^^^^
  File "C:\Users\SHAHEEM\OneDrive\Desktop\IMPORTANT\BRO\WEEK24\KAAIZEN\Backend\env\Lib\site-packages\django\views\generic\base.py", line 106, in view
    return self.dispatch(request, *args, **kwargs)
           ^^^^^^^^^^^^^^^^^^^^^^^^^^^^^^^^^^^^^^^
  File "C:\Users\SHAHEEM\OneDrive\Desktop\IMPORTANT\BRO\WEEK24\KAAIZEN\Backend\env\Lib\site-packages\rest_framework\views.py", line 515, in dispatch
    response = self.handle_exception(exc)
               ^^^^^^^^^^^^^^^^^^^^^^^^^^
  File "C:\Users\SHAHEEM\OneDrive\Desktop\IMPORTANT\BRO\WEEK24\KAAIZEN\Backend\env\Lib\site-packages\rest_framework\views.py", line 475, in handle_exception
    self.raise_uncaught_exception(exc)
  File "C:\Users\SHAHEEM\OneDrive\Desktop\IMPORTANT\BRO\WEEK24\KAAIZEN\Backend\env\Lib\site-packages\rest_framework\views.py", line 486, in raise_uncaught_exception
    raise exc
  File "C:\Users\SHAHEEM\OneDrive\Desktop\IMPORTANT\BRO\WEEK24\KAAIZEN\Backend\env\Lib\site-packages\rest_framework\views.py", line 512, in dispatch
    response = handler(request, *args, **kwargs)
               ^^^^^^^^^^^^^^^^^^^^^^^^^^^^^^^^^
  File "C:\Users\SHAHEEM\OneDrive\Desktop\IMPORTANT\BRO\WEEK24\KAAIZEN\Backend\clients\views.py", line 22, in get
    profile = self.get_profile(request.user)
              ^^^^^^^^^^^^^^^^^^^^^^^^^^^^^^
  File "C:\Users\SHAHEEM\OneDrive\Desktop\IMPORTANT\BRO\WEEK24\KAAIZEN\Backend\clients\views.py", line 19, in get_profile
    return ClientProfile.objects.filter(user=user).first()
           ^^^^^^^^^^^^^^^^^^^^^^^^^^^^^^^^^^^^^^^
  File "C:\Users\SHAHEEM\OneDrive\Desktop\IMPORTANT\BRO\WEEK24\KAAIZEN\Backend\env\Lib\site-packages\django\db\models\manager.py", line 87, in manager_method
    return getattr(self.get_queryset(), name)(*args, **kwargs)
           ^^^^^^^^^^^^^^^^^^^^^^^^^^^^^^^^^^^^^^^^^^^^^^^^^^^
  File "C:\Users\SHAHEEM\OneDrive\Desktop\IMPORTANT\BRO\WEEK24\KAAIZEN\Backend\env\Lib\site-packages\django\db\models\query.py", line 1542, in filter
    return self._filter_or_exclude(False, args, kwargs)
           ^^^^^^^^^^^^^^^^^^^^^^^^^^^^^^^^^^^^^^^^^^^^
  File "C:\Users\SHAHEEM\OneDrive\Desktop\IMPORTANT\BRO\WEEK24\KAAIZEN\Backend\env\Lib\site-packages\django\db\models\query.py", line 1560, in _filter_or_exclude
    clone._filter_or_exclude_inplace(negate, args, kwargs)
  File "C:\Users\SHAHEEM\OneDrive\Desktop\IMPORTANT\BRO\WEEK24\KAAIZEN\Backend\env\Lib\site-packages\django\db\models\query.py", line 1570, in _filter_or_exclude_inplace
    self._query.add_q(Q(*args, **kwargs))
  File "C:\Users\SHAHEEM\OneDrive\Desktop\IMPORTANT\BRO\WEEK24\KAAIZEN\Backend\env\Lib\site-packages\django\db\models\sql\query.py", line 1671, in add_q
    clause, _ = self._add_q(q_object, can_reuse)
                ^^^^^^^^^^^^^^^^^^^^^^^^^^^^^^^^
  File "C:\Users\SHAHEEM\OneDrive\Desktop\IMPORTANT\BRO\WEEK24\KAAIZEN\Backend\env\Lib\site-packages\django\db\models\sql\query.py", line 1703, in _add_q
    child_clause, needed_inner = self.build_filter(
                                 ^^^^^^^^^^^^^^^^^^
  File "C:\Users\SHAHEEM\OneDrive\Desktop\IMPORTANT\BRO\WEEK24\KAAIZEN\Backend\env\Lib\site-packages\django\db\models\sql\query.py", line 1613, in build_filter
    condition = self.build_lookup(lookups, col, value)
                ^^^^^^^^^^^^^^^^^^^^^^^^^^^^^^^^^^^^^^
  File "C:\Users\SHAHEEM\OneDrive\Desktop\IMPORTANT\BRO\WEEK24\KAAIZEN\Backend\env\Lib\site-packages\django\db\models\sql\query.py", line 1440, in build_lookup
    lookup = lookup_class(lhs, rhs)
             ^^^^^^^^^^^^^^^^^^^^^^
  File "C:\Users\SHAHEEM\OneDrive\Desktop\IMPORTANT\BRO\WEEK24\KAAIZEN\Backend\env\Lib\site-packages\django\db\models\lookups.py", line 35, in __init__
    self.rhs = self.get_prep_lookup()
               ^^^^^^^^^^^^^^^^^^^^^^
  File "C:\Users\SHAHEEM\OneDrive\Desktop\IMPORTANT\BRO\WEEK24\KAAIZEN\Backend\env\Lib\site-packages\django\db\models\fields\related_lookups.py", line 113, in get_prep_lookup
    self.rhs = target_field.get_prep_value(self.rhs)
               ^^^^^^^^^^^^^^^^^^^^^^^^^^^^^^^^^^^^^
  File "C:\Users\SHAHEEM\OneDrive\Desktop\IMPORTANT\BRO\WEEK24\KAAIZEN\Backend\env\Lib\site-packages\django\db\models\fields\__init__.py", line 2750, in get_prep_value
    return self.to_python(value)
           ^^^^^^^^^^^^^^^^^^^^^
  File "C:\Users\SHAHEEM\OneDrive\Desktop\IMPORTANT\BRO\WEEK24\KAAIZEN\Backend\env\Lib\site-packages\django\db\models\fields\__init__.py", line 2768, in to_python
    raise exceptions.ValidationError(
django.core.exceptions.ValidationError: ['“AnonymousUser” is not a valid UUID.']
ERROR 2026-01-17 14:23:48,388 django.request Internal Server Error: /api/client/me/profile/
Traceback (most recent call last):
  File "C:\Users\SHAHEEM\OneDrive\Desktop\IMPORTANT\BRO\WEEK24\KAAIZEN\Backend\env\Lib\site-packages\django\db\models\fields\__init__.py", line 2766, in to_python
    return uuid.UUID(**{input_form: value})
           ^^^^^^^^^^^^^^^^^^^^^^^^^^^^^^^^
  File "C:\Users\SHAHEEM\AppData\Local\Programs\Python\Python312\Lib\uuid.py", line 175, in __init__
    hex = hex.replace('urn:', '').replace('uuid:', '')
          ^^^^^^^^^^^
AttributeError: 'AnonymousUser' object has no attribute 'replace'

During handling of the above exception, another exception occurred:

Traceback (most recent call last):
  File "C:\Users\SHAHEEM\OneDrive\Desktop\IMPORTANT\BRO\WEEK24\KAAIZEN\Backend\env\Lib\site-packages\django\core\handlers\exception.py", line 55, in inner
    response = get_response(request)
               ^^^^^^^^^^^^^^^^^^^^^
  File "C:\Users\SHAHEEM\OneDrive\Desktop\IMPORTANT\BRO\WEEK24\KAAIZEN\Backend\env\Lib\site-packages\django\core\handlers\base.py", line 198, in _get_response
    response = wrapped_callback(request, *callback_args, **callback_kwargs)
               ^^^^^^^^^^^^^^^^^^^^^^^^^^^^^^^^^^^^^^^^^^^^^^^^^^^^^^^^^^^^
  File "C:\Users\SHAHEEM\OneDrive\Desktop\IMPORTANT\BRO\WEEK24\KAAIZEN\Backend\env\Lib\site-packages\django\views\decorators\csrf.py", line 65, in _view_wrapper
    return view_func(request, *args, **kwargs)
           ^^^^^^^^^^^^^^^^^^^^^^^^^^^^^^^^^^^
  File "C:\Users\SHAHEEM\OneDrive\Desktop\IMPORTANT\BRO\WEEK24\KAAIZEN\Backend\env\Lib\site-packages\django\views\generic\base.py", line 106, in view
    return self.dispatch(request, *args, **kwargs)
           ^^^^^^^^^^^^^^^^^^^^^^^^^^^^^^^^^^^^^^^
  File "C:\Users\SHAHEEM\OneDrive\Desktop\IMPORTANT\BRO\WEEK24\KAAIZEN\Backend\env\Lib\site-packages\rest_framework\views.py", line 515, in dispatch
    response = self.handle_exception(exc)
               ^^^^^^^^^^^^^^^^^^^^^^^^^^
  File "C:\Users\SHAHEEM\OneDrive\Desktop\IMPORTANT\BRO\WEEK24\KAAIZEN\Backend\env\Lib\site-packages\rest_framework\views.py", line 475, in handle_exception
    self.raise_uncaught_exception(exc)
  File "C:\Users\SHAHEEM\OneDrive\Desktop\IMPORTANT\BRO\WEEK24\KAAIZEN\Backend\env\Lib\site-packages\rest_framework\views.py", line 486, in raise_uncaught_exception
    raise exc
  File "C:\Users\SHAHEEM\OneDrive\Desktop\IMPORTANT\BRO\WEEK24\KAAIZEN\Backend\env\Lib\site-packages\rest_framework\views.py", line 512, in dispatch
    response = handler(request, *args, **kwargs)
               ^^^^^^^^^^^^^^^^^^^^^^^^^^^^^^^^^
  File "C:\Users\SHAHEEM\OneDrive\Desktop\IMPORTANT\BRO\WEEK24\KAAIZEN\Backend\clients\views.py", line 22, in get
    profile = self.get_profile(request.user)
              ^^^^^^^^^^^^^^^^^^^^^^^^^^^^^^
  File "C:\Users\SHAHEEM\OneDrive\Desktop\IMPORTANT\BRO\WEEK24\KAAIZEN\Backend\clients\views.py", line 19, in get_profile
    return ClientProfile.objects.filter(user=user).first()
           ^^^^^^^^^^^^^^^^^^^^^^^^^^^^^^^^^^^^^^^
  File "C:\Users\SHAHEEM\OneDrive\Desktop\IMPORTANT\BRO\WEEK24\KAAIZEN\Backend\env\Lib\site-packages\django\db\models\manager.py", line 87, in manager_method
    return getattr(self.get_queryset(), name)(*args, **kwargs)
           ^^^^^^^^^^^^^^^^^^^^^^^^^^^^^^^^^^^^^^^^^^^^^^^^^^^
  File "C:\Users\SHAHEEM\OneDrive\Desktop\IMPORTANT\BRO\WEEK24\KAAIZEN\Backend\env\Lib\site-packages\django\db\models\query.py", line 1542, in filter
    return self._filter_or_exclude(False, args, kwargs)
           ^^^^^^^^^^^^^^^^^^^^^^^^^^^^^^^^^^^^^^^^^^^^
  File "C:\Users\SHAHEEM\OneDrive\Desktop\IMPORTANT\BRO\WEEK24\KAAIZEN\Backend\env\Lib\site-packages\django\db\models\query.py", line 1560, in _filter_or_exclude
    clone._filter_or_exclude_inplace(negate, args, kwargs)
  File "C:\Users\SHAHEEM\OneDrive\Desktop\IMPORTANT\BRO\WEEK24\KAAIZEN\Backend\env\Lib\site-packages\django\db\models\query.py", line 1570, in _filter_or_exclude_inplace
    self._query.add_q(Q(*args, **kwargs))
  File "C:\Users\SHAHEEM\OneDrive\Desktop\IMPORTANT\BRO\WEEK24\KAAIZEN\Backend\env\Lib\site-packages\django\db\models\sql\query.py", line 1671, in add_q
    clause, _ = self._add_q(q_object, can_reuse)
                ^^^^^^^^^^^^^^^^^^^^^^^^^^^^^^^^
  File "C:\Users\SHAHEEM\OneDrive\Desktop\IMPORTANT\BRO\WEEK24\KAAIZEN\Backend\env\Lib\site-packages\django\db\models\sql\query.py", line 1703, in _add_q
    child_clause, needed_inner = self.build_filter(
                                 ^^^^^^^^^^^^^^^^^^
  File "C:\Users\SHAHEEM\OneDrive\Desktop\IMPORTANT\BRO\WEEK24\KAAIZEN\Backend\env\Lib\site-packages\django\db\models\sql\query.py", line 1613, in build_filter
    condition = self.build_lookup(lookups, col, value)
                ^^^^^^^^^^^^^^^^^^^^^^^^^^^^^^^^^^^^^^
  File "C:\Users\SHAHEEM\OneDrive\Desktop\IMPORTANT\BRO\WEEK24\KAAIZEN\Backend\env\Lib\site-packages\django\db\models\sql\query.py", line 1440, in build_lookup
    lookup = lookup_class(lhs, rhs)
             ^^^^^^^^^^^^^^^^^^^^^^
  File "C:\Users\SHAHEEM\OneDrive\Desktop\IMPORTANT\BRO\WEEK24\KAAIZEN\Backend\env\Lib\site-packages\django\db\models\lookups.py", line 35, in __init__
    self.rhs = self.get_prep_lookup()
               ^^^^^^^^^^^^^^^^^^^^^^
  File "C:\Users\SHAHEEM\OneDrive\Desktop\IMPORTANT\BRO\WEEK24\KAAIZEN\Backend\env\Lib\site-packages\django\db\models\fields\related_lookups.py", line 113, in get_prep_lookup
    self.rhs = target_field.get_prep_value(self.rhs)
               ^^^^^^^^^^^^^^^^^^^^^^^^^^^^^^^^^^^^^
  File "C:\Users\SHAHEEM\OneDrive\Desktop\IMPORTANT\BRO\WEEK24\KAAIZEN\Backend\env\Lib\site-packages\django\db\models\fields\__init__.py", line 2750, in get_prep_value
    return self.to_python(value)
           ^^^^^^^^^^^^^^^^^^^^^
  File "C:\Users\SHAHEEM\OneDrive\Desktop\IMPORTANT\BRO\WEEK24\KAAIZEN\Backend\env\Lib\site-packages\django\db\models\fields\__init__.py", line 2768, in to_python
    raise exceptions.ValidationError(
django.core.exceptions.ValidationError: ['“AnonymousUser” is not a valid UUID.']
ERROR 2026-01-17 14:23:48,535 django.server "GET /api/client/me/profile/ HTTP/1.1" 500 27574
ERROR 2026-01-17 14:23:48,535 django.server "GET /api/client/me/profile/ HTTP/1.1" 500 27574
ERROR 2026-01-17 14:25:12,662 django.request Internal Server Error: /api/client/me/profile/
Traceback (most recent call last):
  File "C:\Users\SHAHEEM\OneDrive\Desktop\IMPORTANT\BRO\WEEK24\KAAIZEN\Backend\env\Lib\site-packages\django\db\models\fields\__init__.py", line 2766, in to_python
    return uuid.UUID(**{input_form: value})
           ^^^^^^^^^^^^^^^^^^^^^^^^^^^^^^^^
  File "C:\Users\SHAHEEM\AppData\Local\Programs\Python\Python312\Lib\uuid.py", line 175, in __init__
    hex = hex.replace('urn:', '').replace('uuid:', '')
          ^^^^^^^^^^^
AttributeError: 'AnonymousUser' object has no attribute 'replace'

During handling of the above exception, another exception occurred:

Traceback (most recent call last):
  File "C:\Users\SHAHEEM\OneDrive\Desktop\IMPORTANT\BRO\WEEK24\KAAIZEN\Backend\env\Lib\site-packages\django\core\handlers\exception.py", line 55, in inner
    response = get_response(request)
               ^^^^^^^^^^^^^^^^^^^^^
  File "C:\Users\SHAHEEM\OneDrive\Desktop\IMPORTANT\BRO\WEEK24\KAAIZEN\Backend\env\Lib\site-packages\django\core\handlers\base.py", line 198, in _get_response
    response = wrapped_callback(request, *callback_args, **callback_kwargs)
               ^^^^^^^^^^^^^^^^^^^^^^^^^^^^^^^^^^^^^^^^^^^^^^^^^^^^^^^^^^^^
  File "C:\Users\SHAHEEM\OneDrive\Desktop\IMPORTANT\BRO\WEEK24\KAAIZEN\Backend\env\Lib\site-packages\django\views\decorators\csrf.py", line 65, in _view_wrapper
    return view_func(request, *args, **kwargs)
           ^^^^^^^^^^^^^^^^^^^^^^^^^^^^^^^^^^^
  File "C:\Users\SHAHEEM\OneDrive\Desktop\IMPORTANT\BRO\WEEK24\KAAIZEN\Backend\env\Lib\site-packages\django\views\generic\base.py", line 106, in view
    return self.dispatch(request, *args, **kwargs)
           ^^^^^^^^^^^^^^^^^^^^^^^^^^^^^^^^^^^^^^^
  File "C:\Users\SHAHEEM\OneDrive\Desktop\IMPORTANT\BRO\WEEK24\KAAIZEN\Backend\env\Lib\site-packages\rest_framework\views.py", line 515, in dispatch
    response = self.handle_exception(exc)
               ^^^^^^^^^^^^^^^^^^^^^^^^^^
  File "C:\Users\SHAHEEM\OneDrive\Desktop\IMPORTANT\BRO\WEEK24\KAAIZEN\Backend\env\Lib\site-packages\rest_framework\views.py", line 475, in handle_exception
    self.raise_uncaught_exception(exc)
  File "C:\Users\SHAHEEM\OneDrive\Desktop\IMPORTANT\BRO\WEEK24\KAAIZEN\Backend\env\Lib\site-packages\rest_framework\views.py", line 486, in raise_uncaught_exception
    raise exc
  File "C:\Users\SHAHEEM\OneDrive\Desktop\IMPORTANT\BRO\WEEK24\KAAIZEN\Backend\env\Lib\site-packages\rest_framework\views.py", line 512, in dispatch
    response = handler(request, *args, **kwargs)
               ^^^^^^^^^^^^^^^^^^^^^^^^^^^^^^^^^
  File "C:\Users\SHAHEEM\OneDrive\Desktop\IMPORTANT\BRO\WEEK24\KAAIZEN\Backend\clients\views.py", line 22, in get
    profile = self.get_profile(request.user)
              ^^^^^^^^^^^^^^^^^^^^^^^^^^^^^^
  File "C:\Users\SHAHEEM\OneDrive\Desktop\IMPORTANT\BRO\WEEK24\KAAIZEN\Backend\clients\views.py", line 19, in get_profile
    return ClientProfile.objects.filter(user=user).first()
           ^^^^^^^^^^^^^^^^^^^^^^^^^^^^^^^^^^^^^^^
  File "C:\Users\SHAHEEM\OneDrive\Desktop\IMPORTANT\BRO\WEEK24\KAAIZEN\Backend\env\Lib\site-packages\django\db\models\manager.py", line 87, in manager_method
    return getattr(self.get_queryset(), name)(*args, **kwargs)
           ^^^^^^^^^^^^^^^^^^^^^^^^^^^^^^^^^^^^^^^^^^^^^^^^^^^
  File "C:\Users\SHAHEEM\OneDrive\Desktop\IMPORTANT\BRO\WEEK24\KAAIZEN\Backend\env\Lib\site-packages\django\db\models\query.py", line 1542, in filter
    return self._filter_or_exclude(False, args, kwargs)
           ^^^^^^^^^^^^^^^^^^^^^^^^^^^^^^^^^^^^^^^^^^^^
  File "C:\Users\SHAHEEM\OneDrive\Desktop\IMPORTANT\BRO\WEEK24\KAAIZEN\Backend\env\Lib\site-packages\django\db\models\query.py", line 1560, in _filter_or_exclude
    clone._filter_or_exclude_inplace(negate, args, kwargs)
  File "C:\Users\SHAHEEM\OneDrive\Desktop\IMPORTANT\BRO\WEEK24\KAAIZEN\Backend\env\Lib\site-packages\django\db\models\query.py", line 1570, in _filter_or_exclude_inplace
    self._query.add_q(Q(*args, **kwargs))
  File "C:\Users\SHAHEEM\OneDrive\Desktop\IMPORTANT\BRO\WEEK24\KAAIZEN\Backend\env\Lib\site-packages\django\db\models\sql\query.py", line 1671, in add_q
    clause, _ = self._add_q(q_object, can_reuse)
                ^^^^^^^^^^^^^^^^^^^^^^^^^^^^^^^^
  File "C:\Users\SHAHEEM\OneDrive\Desktop\IMPORTANT\BRO\WEEK24\KAAIZEN\Backend\env\Lib\site-packages\django\db\models\sql\query.py", line 1703, in _add_q
    child_clause, needed_inner = self.build_filter(
                                 ^^^^^^^^^^^^^^^^^^
  File "C:\Users\SHAHEEM\OneDrive\Desktop\IMPORTANT\BRO\WEEK24\KAAIZEN\Backend\env\Lib\site-packages\django\db\models\sql\query.py", line 1613, in build_filter
    condition = self.build_lookup(lookups, col, value)
                ^^^^^^^^^^^^^^^^^^^^^^^^^^^^^^^^^^^^^^
  File "C:\Users\SHAHEEM\OneDrive\Desktop\IMPORTANT\BRO\WEEK24\KAAIZEN\Backend\env\Lib\site-packages\django\db\models\sql\query.py", line 1440, in build_lookup
    lookup = lookup_class(lhs, rhs)
             ^^^^^^^^^^^^^^^^^^^^^^
  File "C:\Users\SHAHEEM\OneDrive\Desktop\IMPORTANT\BRO\WEEK24\KAAIZEN\Backend\env\Lib\site-packages\django\db\models\lookups.py", line 35, in __init__
    self.rhs = self.get_prep_lookup()
               ^^^^^^^^^^^^^^^^^^^^^^
  File "C:\Users\SHAHEEM\OneDrive\Desktop\IMPORTANT\BRO\WEEK24\KAAIZEN\Backend\env\Lib\site-packages\django\db\models\fields\related_lookups.py", line 113, in get_prep_lookup
    self.rhs = target_field.get_prep_value(self.rhs)
               ^^^^^^^^^^^^^^^^^^^^^^^^^^^^^^^^^^^^^
  File "C:\Users\SHAHEEM\OneDrive\Desktop\IMPORTANT\BRO\WEEK24\KAAIZEN\Backend\env\Lib\site-packages\django\db\models\fields\__init__.py", line 2750, in get_prep_value
    return self.to_python(value)
           ^^^^^^^^^^^^^^^^^^^^^
  File "C:\Users\SHAHEEM\OneDrive\Desktop\IMPORTANT\BRO\WEEK24\KAAIZEN\Backend\env\Lib\site-packages\django\db\models\fields\__init__.py", line 2768, in to_python
    raise exceptions.ValidationError(
django.core.exceptions.ValidationError: ['“AnonymousUser” is not a valid UUID.']
ERROR 2026-01-17 14:25:12,662 django.request Internal Server Error: /api/client/me/profile/
Traceback (most recent call last):
  File "C:\Users\SHAHEEM\OneDrive\Desktop\IMPORTANT\BRO\WEEK24\KAAIZEN\Backend\env\Lib\site-packages\django\db\models\fields\__init__.py", line 2766, in to_python
    return uuid.UUID(**{input_form: value})
           ^^^^^^^^^^^^^^^^^^^^^^^^^^^^^^^^
  File "C:\Users\SHAHEEM\AppData\Local\Programs\Python\Python312\Lib\uuid.py", line 175, in __init__
    hex = hex.replace('urn:', '').replace('uuid:', '')
          ^^^^^^^^^^^
AttributeError: 'AnonymousUser' object has no attribute 'replace'

During handling of the above exception, another exception occurred:

Traceback (most recent call last):
  File "C:\Users\SHAHEEM\OneDrive\Desktop\IMPORTANT\BRO\WEEK24\KAAIZEN\Backend\env\Lib\site-packages\django\core\handlers\exception.py", line 55, in inner
    response = get_response(request)
               ^^^^^^^^^^^^^^^^^^^^^
  File "C:\Users\SHAHEEM\OneDrive\Desktop\IMPORTANT\BRO\WEEK24\KAAIZEN\Backend\env\Lib\site-packages\django\core\handlers\base.py", line 198, in _get_response
    response = wrapped_callback(request, *callback_args, **callback_kwargs)
               ^^^^^^^^^^^^^^^^^^^^^^^^^^^^^^^^^^^^^^^^^^^^^^^^^^^^^^^^^^^^
  File "C:\Users\SHAHEEM\OneDrive\Desktop\IMPORTANT\BRO\WEEK24\KAAIZEN\Backend\env\Lib\site-packages\django\views\decorators\csrf.py", line 65, in _view_wrapper
    return view_func(request, *args, **kwargs)
           ^^^^^^^^^^^^^^^^^^^^^^^^^^^^^^^^^^^
  File "C:\Users\SHAHEEM\OneDrive\Desktop\IMPORTANT\BRO\WEEK24\KAAIZEN\Backend\env\Lib\site-packages\django\views\generic\base.py", line 106, in view
    return self.dispatch(request, *args, **kwargs)
           ^^^^^^^^^^^^^^^^^^^^^^^^^^^^^^^^^^^^^^^
  File "C:\Users\SHAHEEM\OneDrive\Desktop\IMPORTANT\BRO\WEEK24\KAAIZEN\Backend\env\Lib\site-packages\rest_framework\views.py", line 515, in dispatch
    response = self.handle_exception(exc)
               ^^^^^^^^^^^^^^^^^^^^^^^^^^
  File "C:\Users\SHAHEEM\OneDrive\Desktop\IMPORTANT\BRO\WEEK24\KAAIZEN\Backend\env\Lib\site-packages\rest_framework\views.py", line 475, in handle_exception
    self.raise_uncaught_exception(exc)
  File "C:\Users\SHAHEEM\OneDrive\Desktop\IMPORTANT\BRO\WEEK24\KAAIZEN\Backend\env\Lib\site-packages\rest_framework\views.py", line 486, in raise_uncaught_exception
    raise exc
  File "C:\Users\SHAHEEM\OneDrive\Desktop\IMPORTANT\BRO\WEEK24\KAAIZEN\Backend\env\Lib\site-packages\rest_framework\views.py", line 512, in dispatch
    response = handler(request, *args, **kwargs)
               ^^^^^^^^^^^^^^^^^^^^^^^^^^^^^^^^^
  File "C:\Users\SHAHEEM\OneDrive\Desktop\IMPORTANT\BRO\WEEK24\KAAIZEN\Backend\clients\views.py", line 22, in get
    profile = self.get_profile(request.user)
              ^^^^^^^^^^^^^^^^^^^^^^^^^^^^^^
  File "C:\Users\SHAHEEM\OneDrive\Desktop\IMPORTANT\BRO\WEEK24\KAAIZEN\Backend\clients\views.py", line 19, in get_profile
    return ClientProfile.objects.filter(user=user).first()
           ^^^^^^^^^^^^^^^^^^^^^^^^^^^^^^^^^^^^^^^
  File "C:\Users\SHAHEEM\OneDrive\Desktop\IMPORTANT\BRO\WEEK24\KAAIZEN\Backend\env\Lib\site-packages\django\db\models\manager.py", line 87, in manager_method
    return getattr(self.get_queryset(), name)(*args, **kwargs)
           ^^^^^^^^^^^^^^^^^^^^^^^^^^^^^^^^^^^^^^^^^^^^^^^^^^^
  File "C:\Users\SHAHEEM\OneDrive\Desktop\IMPORTANT\BRO\WEEK24\KAAIZEN\Backend\env\Lib\site-packages\django\db\models\query.py", line 1542, in filter
    return self._filter_or_exclude(False, args, kwargs)
           ^^^^^^^^^^^^^^^^^^^^^^^^^^^^^^^^^^^^^^^^^^^^
  File "C:\Users\SHAHEEM\OneDrive\Desktop\IMPORTANT\BRO\WEEK24\KAAIZEN\Backend\env\Lib\site-packages\django\db\models\query.py", line 1560, in _filter_or_exclude
    clone._filter_or_exclude_inplace(negate, args, kwargs)
  File "C:\Users\SHAHEEM\OneDrive\Desktop\IMPORTANT\BRO\WEEK24\KAAIZEN\Backend\env\Lib\site-packages\django\db\models\query.py", line 1570, in _filter_or_exclude_inplace
    self._query.add_q(Q(*args, **kwargs))
  File "C:\Users\SHAHEEM\OneDrive\Desktop\IMPORTANT\BRO\WEEK24\KAAIZEN\Backend\env\Lib\site-packages\django\db\models\sql\query.py", line 1671, in add_q
    clause, _ = self._add_q(q_object, can_reuse)
                ^^^^^^^^^^^^^^^^^^^^^^^^^^^^^^^^
  File "C:\Users\SHAHEEM\OneDrive\Desktop\IMPORTANT\BRO\WEEK24\KAAIZEN\Backend\env\Lib\site-packages\django\db\models\sql\query.py", line 1703, in _add_q
    child_clause, needed_inner = self.build_filter(
                                 ^^^^^^^^^^^^^^^^^^
  File "C:\Users\SHAHEEM\OneDrive\Desktop\IMPORTANT\BRO\WEEK24\KAAIZEN\Backend\env\Lib\site-packages\django\db\models\sql\query.py", line 1613, in build_filter
    condition = self.build_lookup(lookups, col, value)
                ^^^^^^^^^^^^^^^^^^^^^^^^^^^^^^^^^^^^^^
  File "C:\Users\SHAHEEM\OneDrive\Desktop\IMPORTANT\BRO\WEEK24\KAAIZEN\Backend\env\Lib\site-packages\django\db\models\sql\query.py", line 1440, in build_lookup
    lookup = lookup_class(lhs, rhs)
             ^^^^^^^^^^^^^^^^^^^^^^
  File "C:\Users\SHAHEEM\OneDrive\Desktop\IMPORTANT\BRO\WEEK24\KAAIZEN\Backend\env\Lib\site-packages\django\db\models\lookups.py", line 35, in __init__
    self.rhs = self.get_prep_lookup()
               ^^^^^^^^^^^^^^^^^^^^^^
  File "C:\Users\SHAHEEM\OneDrive\Desktop\IMPORTANT\BRO\WEEK24\KAAIZEN\Backend\env\Lib\site-packages\django\db\models\fields\related_lookups.py", line 113, in get_prep_lookup
    self.rhs = target_field.get_prep_value(self.rhs)
               ^^^^^^^^^^^^^^^^^^^^^^^^^^^^^^^^^^^^^
  File "C:\Users\SHAHEEM\OneDrive\Desktop\IMPORTANT\BRO\WEEK24\KAAIZEN\Backend\env\Lib\site-packages\django\db\models\fields\__init__.py", line 2750, in get_prep_value
    return self.to_python(value)
           ^^^^^^^^^^^^^^^^^^^^^
  File "C:\Users\SHAHEEM\OneDrive\Desktop\IMPORTANT\BRO\WEEK24\KAAIZEN\Backend\env\Lib\site-packages\django\db\models\fields\__init__.py", line 2768, in to_python
    raise exceptions.ValidationError(
django.core.exceptions.ValidationError: ['“AnonymousUser” is not a valid UUID.']
INFO 2026-01-17 14:25:12,683 django.server - Broken pipe from ('127.0.0.1', 59533)
INFO 2026-01-17 14:25:12,683 django.server - Broken pipe from ('127.0.0.1', 59533)
WARNING 2026-01-17 14:25:12,985 django.request Unauthorized: /api/auth/me/
WARNING 2026-01-17 14:25:12,985 django.request Unauthorized: /api/auth/me/
WARNING 2026-01-17 14:25:12,986 django.server "GET /api/auth/me/ HTTP/1.1" 401 28
WARNING 2026-01-17 14:25:12,986 django.server "GET /api/auth/me/ HTTP/1.1" 401 28
INFO 2026-01-17 14:25:13,725 django.server "POST /api/auth/refresh/ HTTP/1.1" 200 28
INFO 2026-01-17 14:25:13,725 django.server "POST /api/auth/refresh/ HTTP/1.1" 200 28
INFO 2026-01-17 14:25:13,875 django.server "GET /api/auth/me/ HTTP/1.1" 200 57
INFO 2026-01-17 14:25:13,875 django.server "GET /api/auth/me/ HTTP/1.1" 200 57
INFO 2026-01-17 14:25:14,115 django.server "GET /api/nutrition/daily-summary/2026-01-17/ HTTP/1.1" 200 82
INFO 2026-01-17 14:25:14,115 django.server "GET /api/nutrition/daily-summary/2026-01-17/ HTTP/1.1" 200 82
INFO 2026-01-17 14:25:14,214 django.server "GET /api/client/me/profile/ HTTP/1.1" 200 457
INFO 2026-01-17 14:25:14,214 django.server "GET /api/client/me/profile/ HTTP/1.1" 200 457
INFO 2026-01-17 14:25:14,298 django.server "GET /api/nutrition/daily-summary/2026-01-17/ HTTP/1.1" 200 82
INFO 2026-01-17 14:25:14,298 django.server "GET /api/nutrition/daily-summary/2026-01-17/ HTTP/1.1" 200 82
INFO 2026-01-17 14:25:46,069 django.server "GET /api/nutrition/daily-summary/2026-01-17/ HTTP/1.1" 200 82
INFO 2026-01-17 14:25:46,069 django.server "GET /api/nutrition/daily-summary/2026-01-17/ HTTP/1.1" 200 82
INFO 2026-01-17 14:25:46,087 django.server "GET /api/nutrition/meal-entries/2026-01-17/ HTTP/1.1" 200 374
INFO 2026-01-17 14:25:46,087 django.server "GET /api/nutrition/meal-entries/2026-01-17/ HTTP/1.1" 200 374
INFO 2026-01-17 14:25:52,051 django.server "GET /api/nutrition/daily-summary/2026-01-17/ HTTP/1.1" 200 82
INFO 2026-01-17 14:25:52,051 django.server "GET /api/nutrition/daily-summary/2026-01-17/ HTTP/1.1" 200 82
INFO 2026-01-17 14:25:52,117 django.server "GET /api/nutrition/daily-summary/2026-01-17/ HTTP/1.1" 200 82
INFO 2026-01-17 14:25:52,117 django.server "GET /api/nutrition/daily-summary/2026-01-17/ HTTP/1.1" 200 82
INFO 2026-01-17 14:25:55,104 django.server "GET /api/nutrition/daily-summary/2026-01-17/ HTTP/1.1" 200 82
INFO 2026-01-17 14:25:55,104 django.server "GET /api/nutrition/daily-summary/2026-01-17/ HTTP/1.1" 200 82
INFO 2026-01-17 14:25:55,217 django.server "GET /api/nutrition/daily-summary/2026-01-17/ HTTP/1.1" 200 82
INFO 2026-01-17 14:25:55,217 django.server "GET /api/nutrition/daily-summary/2026-01-17/ HTTP/1.1" 200 82
INFO 2026-01-17 14:26:02,486 django.server "GET /api/nutrition/daily-summary/2026-01-17/ HTTP/1.1" 200 82
INFO 2026-01-17 14:26:02,486 django.server "GET /api/nutrition/daily-summary/2026-01-17/ HTTP/1.1" 200 82
INFO 2026-01-17 14:26:02,603 django.server "GET /api/nutrition/daily-summary/2026-01-17/ HTTP/1.1" 200 82
INFO 2026-01-17 14:26:02,603 django.server "GET /api/nutrition/daily-summary/2026-01-17/ HTTP/1.1" 200 82
INFO 2026-01-17 14:28:27,298 django.server "GET /api/nutrition/daily-summary/2026-01-17/ HTTP/1.1" 200 82
INFO 2026-01-17 14:28:27,298 django.server "GET /api/nutrition/daily-summary/2026-01-17/ HTTP/1.1" 200 82
INFO 2026-01-17 14:28:27,408 django.server "GET /api/nutrition/daily-summary/2026-01-17/ HTTP/1.1" 200 82
INFO 2026-01-17 14:28:27,408 django.server "GET /api/nutrition/daily-summary/2026-01-17/ HTTP/1.1" 200 82
INFO 2026-01-17 14:28:39,165 django.server "GET /api/nutrition/meal-entries/2026-01-17/ HTTP/1.1" 200 374
INFO 2026-01-17 14:28:39,168 django.server "GET /api/nutrition/daily-summary/2026-01-17/ HTTP/1.1" 200 82
INFO 2026-01-17 14:28:39,165 django.server "GET /api/nutrition/meal-entries/2026-01-17/ HTTP/1.1" 200 374
INFO 2026-01-17 14:28:39,168 django.server "GET /api/nutrition/daily-summary/2026-01-17/ HTTP/1.1" 200 82
INFO 2026-01-17 14:28:39,208 django.server "GET /api/client/me/profile/ HTTP/1.1" 200 457
INFO 2026-01-17 14:28:39,208 django.server "GET /api/client/meal-allocations/ HTTP/1.1" 200 342
INFO 2026-01-17 14:28:39,208 django.server "GET /api/client/me/profile/ HTTP/1.1" 200 457
INFO 2026-01-17 14:28:39,208 django.server "GET /api/client/meal-allocations/ HTTP/1.1" 200 342
INFO 2026-01-17 14:28:39,274 django.server "GET /api/nutrition/meal-entries/2026-01-17/ HTTP/1.1" 200 374
INFO 2026-01-17 14:28:39,274 django.server "GET /api/nutrition/meal-entries/2026-01-17/ HTTP/1.1" 200 374
INFO 2026-01-17 14:28:39,279 django.server "GET /api/nutrition/daily-summary/2026-01-17/ HTTP/1.1" 200 82
INFO 2026-01-17 14:28:39,279 django.server "GET /api/nutrition/daily-summary/2026-01-17/ HTTP/1.1" 200 82
INFO 2026-01-17 14:28:39,303 django.server "GET /api/client/meal-allocations/ HTTP/1.1" 200 342
INFO 2026-01-17 14:28:39,303 django.server "GET /api/client/me/profile/ HTTP/1.1" 200 457
INFO 2026-01-17 14:28:39,303 django.server "GET /api/client/meal-allocations/ HTTP/1.1" 200 342
INFO 2026-01-17 14:28:39,303 django.server "GET /api/client/me/profile/ HTTP/1.1" 200 457
INFO 2026-01-17 14:28:44,881 django.server "GET /api/nutrition/daily-summary/2026-01-17/ HTTP/1.1" 200 82
INFO 2026-01-17 14:28:44,881 django.server "GET /api/nutrition/daily-summary/2026-01-17/ HTTP/1.1" 200 82
INFO 2026-01-17 14:28:44,948 django.server "GET /api/nutrition/daily-summary/2026-01-17/ HTTP/1.1" 200 82
INFO 2026-01-17 14:28:44,948 django.server "GET /api/nutrition/daily-summary/2026-01-17/ HTTP/1.1" 200 82
WARNING 2026-01-17 14:32:03,624 django.request Unauthorized: /api/nutrition/daily-summary/2026-01-17/
WARNING 2026-01-17 14:32:03,624 django.request Unauthorized: /api/nutrition/daily-summary/2026-01-17/
WARNING 2026-01-17 14:32:03,627 django.request Unauthorized: /api/nutrition/meal-entries/2026-01-17/
WARNING 2026-01-17 14:32:03,627 django.request Unauthorized: /api/nutrition/meal-entries/2026-01-17/
WARNING 2026-01-17 14:32:03,635 django.server "GET /api/nutrition/daily-summary/2026-01-17/ HTTP/1.1" 401 37
WARNING 2026-01-17 14:32:03,635 django.server "GET /api/nutrition/daily-summary/2026-01-17/ HTTP/1.1" 401 37
WARNING 2026-01-17 14:32:03,636 django.server "GET /api/nutrition/meal-entries/2026-01-17/ HTTP/1.1" 401 37
WARNING 2026-01-17 14:32:03,640 django.request Unauthorized: /api/client/me/profile/
WARNING 2026-01-17 14:32:03,636 django.server "GET /api/nutrition/meal-entries/2026-01-17/ HTTP/1.1" 401 37
WARNING 2026-01-17 14:32:03,640 django.request Unauthorized: /api/client/me/profile/
WARNING 2026-01-17 14:32:03,644 django.server "GET /api/client/me/profile/ HTTP/1.1" 401 37
WARNING 2026-01-17 14:32:03,644 django.server "GET /api/client/me/profile/ HTTP/1.1" 401 37
INFO 2026-01-17 14:32:03,975 django.server "POST /api/auth/refresh/ HTTP/1.1" 200 28
INFO 2026-01-17 14:32:03,975 django.server "POST /api/auth/refresh/ HTTP/1.1" 200 28
INFO 2026-01-17 14:32:04,160 django.server "GET /api/client/me/profile/ HTTP/1.1" 200 457
INFO 2026-01-17 14:32:04,160 django.server "GET /api/client/me/profile/ HTTP/1.1" 200 457
INFO 2026-01-17 14:32:04,163 django.server "GET /api/nutrition/meal-entries/2026-01-17/ HTTP/1.1" 200 374
INFO 2026-01-17 14:32:04,164 django.server "GET /api/nutrition/daily-summary/2026-01-17/ HTTP/1.1" 200 82
INFO 2026-01-17 14:32:04,163 django.server "GET /api/nutrition/meal-entries/2026-01-17/ HTTP/1.1" 200 374
INFO 2026-01-17 14:32:04,164 django.server "GET /api/nutrition/daily-summary/2026-01-17/ HTTP/1.1" 200 82
INFO 2026-01-17 14:32:08,393 django.server "POST /api/auth/logout/ HTTP/1.1" 205 37
INFO 2026-01-17 14:32:08,393 django.server "POST /api/auth/logout/ HTTP/1.1" 205 37
INFO 2026-01-17 14:32:23,120 django.server "OPTIONS /api/auth/google-auth HTTP/1.1" 200 0
INFO 2026-01-17 14:32:23,120 django.server "OPTIONS /api/auth/google-auth HTTP/1.1" 200 0
DEBUG 2026-01-17 14:32:23,587 urllib3.connectionpool Starting new HTTPS connection (1): www.googleapis.com:443
DEBUG 2026-01-17 14:32:24,956 urllib3.connectionpool https://www.googleapis.com:443 "GET /oauth2/v1/certs HTTP/1.1" 200 1573
INFO 2026-01-17 14:32:25,100 django.server "POST /api/auth/google-auth HTTP/1.1" 200 84
INFO 2026-01-17 14:32:25,100 django.server "POST /api/auth/google-auth HTTP/1.1" 200 84
INFO 2026-01-17 14:32:25,252 django.server "GET /api/nutrition/daily-summary/2026-01-17/ HTTP/1.1" 200 74
INFO 2026-01-17 14:32:25,252 django.server "GET /api/nutrition/daily-summary/2026-01-17/ HTTP/1.1" 200 74
INFO 2026-01-17 14:32:25,328 django.server "GET /api/nutrition/daily-summary/2026-01-17/ HTTP/1.1" 200 74
INFO 2026-01-17 14:32:25,328 django.server "GET /api/nutrition/daily-summary/2026-01-17/ HTTP/1.1" 200 74
WARNING 2026-01-17 14:39:51,731 django.request Unauthorized: /api/auth/me/
WARNING 2026-01-17 14:39:51,731 django.request Unauthorized: /api/auth/me/
WARNING 2026-01-17 14:39:51,741 django.server "GET /api/auth/me/ HTTP/1.1" 401 37
WARNING 2026-01-17 14:39:51,741 django.server "GET /api/auth/me/ HTTP/1.1" 401 37
INFO 2026-01-17 14:39:51,899 django.server "POST /api/auth/refresh/ HTTP/1.1" 200 28
INFO 2026-01-17 14:39:51,899 django.server "POST /api/auth/refresh/ HTTP/1.1" 200 28
INFO 2026-01-17 14:39:52,167 django.server "GET /api/auth/me/ HTTP/1.1" 200 65
INFO 2026-01-17 14:39:52,167 django.server "GET /api/auth/me/ HTTP/1.1" 200 65
INFO 2026-01-17 14:39:52,358 django.server "GET /api/nutrition/daily-summary/2026-01-17/ HTTP/1.1" 200 74
INFO 2026-01-17 14:39:52,358 django.server "GET /api/nutrition/daily-summary/2026-01-17/ HTTP/1.1" 200 74
INFO 2026-01-17 14:39:52,398 django.server "GET /api/client/me/profile/ HTTP/1.1" 200 476
INFO 2026-01-17 14:39:52,398 django.server "GET /api/client/me/profile/ HTTP/1.1" 200 476
INFO 2026-01-17 14:39:52,450 django.server "GET /api/nutrition/daily-summary/2026-01-17/ HTTP/1.1" 200 74
INFO 2026-01-17 14:39:52,450 django.server "GET /api/nutrition/daily-summary/2026-01-17/ HTTP/1.1" 200 74
WARNING 2026-01-17 14:50:34,983 django.request Unauthorized: /api/auth/me/
WARNING 2026-01-17 14:50:34,983 django.request Unauthorized: /api/auth/me/
WARNING 2026-01-17 14:50:34,994 django.server "GET /api/auth/me/ HTTP/1.1" 401 37
WARNING 2026-01-17 14:50:34,994 django.server "GET /api/auth/me/ HTTP/1.1" 401 37
INFO 2026-01-17 14:50:35,175 django.server "POST /api/auth/refresh/ HTTP/1.1" 200 28
INFO 2026-01-17 14:50:35,175 django.server "POST /api/auth/refresh/ HTTP/1.1" 200 28
INFO 2026-01-17 14:50:35,608 django.server "GET /api/auth/me/ HTTP/1.1" 200 65
INFO 2026-01-17 14:50:35,608 django.server "GET /api/auth/me/ HTTP/1.1" 200 65
INFO 2026-01-17 14:50:35,756 django.server "GET /api/nutrition/daily-summary/2026-01-17/ HTTP/1.1" 200 74
INFO 2026-01-17 14:50:35,756 django.server "GET /api/nutrition/daily-summary/2026-01-17/ HTTP/1.1" 200 74
INFO 2026-01-17 14:50:35,829 django.server "GET /api/client/me/profile/ HTTP/1.1" 200 476
INFO 2026-01-17 14:50:35,829 django.server "GET /api/client/me/profile/ HTTP/1.1" 200 476
INFO 2026-01-17 14:50:35,880 django.server "GET /api/nutrition/daily-summary/2026-01-17/ HTTP/1.1" 200 74
INFO 2026-01-17 14:50:35,880 django.server "GET /api/nutrition/daily-summary/2026-01-17/ HTTP/1.1" 200 74
INFO 2026-01-17 14:51:55,279 django.server "GET /api/auth/me/ HTTP/1.1" 200 65
INFO 2026-01-17 14:51:55,279 django.server "GET /api/auth/me/ HTTP/1.1" 200 65
INFO 2026-01-17 14:51:55,516 django.server "GET /api/nutrition/daily-summary/2026-01-17/ HTTP/1.1" 200 74
INFO 2026-01-17 14:51:55,516 django.server "GET /api/nutrition/daily-summary/2026-01-17/ HTTP/1.1" 200 74
INFO 2026-01-17 14:51:55,702 django.server "GET /api/client/me/profile/ HTTP/1.1" 200 476
INFO 2026-01-17 14:51:55,702 django.server "GET /api/client/me/profile/ HTTP/1.1" 200 476
INFO 2026-01-17 14:51:55,788 django.server "GET /api/nutrition/daily-summary/2026-01-17/ HTTP/1.1" 200 74
INFO 2026-01-17 14:51:55,788 django.server "GET /api/nutrition/daily-summary/2026-01-17/ HTTP/1.1" 200 74
WARNING 2026-01-17 15:01:11,951 django.request Unauthorized: /api/auth/me/
WARNING 2026-01-17 15:01:11,951 django.request Unauthorized: /api/auth/me/
WARNING 2026-01-17 15:01:11,960 django.server "GET /api/auth/me/ HTTP/1.1" 401 37
WARNING 2026-01-17 15:01:11,960 django.server "GET /api/auth/me/ HTTP/1.1" 401 37
INFO 2026-01-17 15:01:12,113 django.server "POST /api/auth/refresh/ HTTP/1.1" 200 28
INFO 2026-01-17 15:01:12,113 django.server "POST /api/auth/refresh/ HTTP/1.1" 200 28
INFO 2026-01-17 15:01:12,459 django.server "GET /api/auth/me/ HTTP/1.1" 200 65
INFO 2026-01-17 15:01:12,459 django.server "GET /api/auth/me/ HTTP/1.1" 200 65
INFO 2026-01-17 15:01:12,753 django.server "GET /api/nutrition/daily-summary/2026-01-17/ HTTP/1.1" 200 74
INFO 2026-01-17 15:01:12,753 django.server "GET /api/nutrition/daily-summary/2026-01-17/ HTTP/1.1" 200 74
INFO 2026-01-17 15:01:12,830 django.server "GET /api/client/me/profile/ HTTP/1.1" 200 476
INFO 2026-01-17 15:01:12,830 django.server "GET /api/client/me/profile/ HTTP/1.1" 200 476
INFO 2026-01-17 15:01:12,949 django.server "GET /api/nutrition/daily-summary/2026-01-17/ HTTP/1.1" 200 74
INFO 2026-01-17 15:01:12,949 django.server "GET /api/nutrition/daily-summary/2026-01-17/ HTTP/1.1" 200 74
WARNING 2026-01-17 15:06:22,923 django.request Unauthorized: /api/nutrition/daily-summary/2026-01-17/
WARNING 2026-01-17 15:06:22,923 django.request Unauthorized: /api/nutrition/daily-summary/2026-01-17/
WARNING 2026-01-17 15:06:22,932 django.request Unauthorized: /api/nutrition/meal-entries/2026-01-17/
WARNING 2026-01-17 15:06:22,932 django.request Unauthorized: /api/nutrition/meal-entries/2026-01-17/
WARNING 2026-01-17 15:06:22,938 django.server "GET /api/nutrition/daily-summary/2026-01-17/ HTTP/1.1" 401 37
WARNING 2026-01-17 15:06:22,940 django.request Unauthorized: /api/client/me/profile/
WARNING 2026-01-17 15:06:22,944 django.server "GET /api/nutrition/meal-entries/2026-01-17/ HTTP/1.1" 401 37
WARNING 2026-01-17 15:06:22,938 django.server "GET /api/nutrition/daily-summary/2026-01-17/ HTTP/1.1" 401 37
WARNING 2026-01-17 15:06:22,940 django.request Unauthorized: /api/client/me/profile/
WARNING 2026-01-17 15:06:22,944 django.server "GET /api/nutrition/meal-entries/2026-01-17/ HTTP/1.1" 401 37
WARNING 2026-01-17 15:06:22,953 django.server "GET /api/client/me/profile/ HTTP/1.1" 401 37
WARNING 2026-01-17 15:06:22,953 django.server "GET /api/client/me/profile/ HTTP/1.1" 401 37
INFO 2026-01-17 15:06:23,097 django.server "POST /api/auth/refresh/ HTTP/1.1" 200 28
INFO 2026-01-17 15:06:23,097 django.server "POST /api/auth/refresh/ HTTP/1.1" 200 28
INFO 2026-01-17 15:06:23,320 django.server "GET /api/client/me/profile/ HTTP/1.1" 200 476
INFO 2026-01-17 15:06:23,320 django.server "GET /api/nutrition/daily-summary/2026-01-17/ HTTP/1.1" 200 74
INFO 2026-01-17 15:06:23,320 django.server "GET /api/client/me/profile/ HTTP/1.1" 200 476
INFO 2026-01-17 15:06:23,321 django.server "GET /api/nutrition/meal-entries/2026-01-17/ HTTP/1.1" 200 2
INFO 2026-01-17 15:06:23,320 django.server "GET /api/nutrition/daily-summary/2026-01-17/ HTTP/1.1" 200 74
INFO 2026-01-17 15:06:23,321 django.server "GET /api/nutrition/meal-entries/2026-01-17/ HTTP/1.1" 200 2
INFO 2026-01-17 15:06:30,243 django.server "GET /api/nutrition/daily-summary/2026-01-17/ HTTP/1.1" 200 74
INFO 2026-01-17 15:06:30,243 django.server "GET /api/nutrition/daily-summary/2026-01-17/ HTTP/1.1" 200 74
INFO 2026-01-17 15:06:30,357 django.server "GET /api/nutrition/daily-summary/2026-01-17/ HTTP/1.1" 200 74
INFO 2026-01-17 15:06:30,357 django.server "GET /api/nutrition/daily-summary/2026-01-17/ HTTP/1.1" 200 74
INFO 2026-01-17 15:07:08,237 django.server "POST /api/auth/logout/ HTTP/1.1" 205 37
INFO 2026-01-17 15:07:08,237 django.server "POST /api/auth/logout/ HTTP/1.1" 205 37
WARNING 2026-01-17 15:07:20,941 django.request Unauthorized: /api/auth/me/
WARNING 2026-01-17 15:07:20,941 django.request Unauthorized: /api/auth/me/
WARNING 2026-01-17 15:07:20,945 django.server "GET /api/auth/me/ HTTP/1.1" 401 28
WARNING 2026-01-17 15:07:20,945 django.server "GET /api/auth/me/ HTTP/1.1" 401 28
WARNING 2026-01-17 15:07:20,961 django.request Unauthorized: /api/auth/refresh/
WARNING 2026-01-17 15:07:20,961 django.request Unauthorized: /api/auth/refresh/
WARNING 2026-01-17 15:07:20,967 django.server "POST /api/auth/refresh/ HTTP/1.1" 401 29
WARNING 2026-01-17 15:07:20,967 django.server "POST /api/auth/refresh/ HTTP/1.1" 401 29
INFO 2026-01-17 15:07:32,750 django.server "OPTIONS /api/auth/login/ HTTP/1.1" 200 0
INFO 2026-01-17 15:07:32,750 django.server "OPTIONS /api/auth/login/ HTTP/1.1" 200 0
INFO 2026-01-17 15:07:34,544 django.server "POST /api/auth/login/ HTTP/1.1" 200 71
INFO 2026-01-17 15:07:34,544 django.server "POST /api/auth/login/ HTTP/1.1" 200 71
INFO 2026-01-17 15:07:34,653 django.server "GET /api/admin/dashboard/ HTTP/1.1" 200 73
INFO 2026-01-17 15:07:34,653 django.server "GET /api/admin/dashboard/ HTTP/1.1" 200 73
INFO 2026-01-17 15:07:34,730 django.server "GET /api/admin/dashboard/ HTTP/1.1" 200 73
INFO 2026-01-17 15:07:34,730 django.server "GET /api/admin/dashboard/ HTTP/1.1" 200 73
INFO 2026-01-17 15:07:36,552 django.server "GET /api/admin/workouts/categories/?page=1 HTTP/1.1" 200 116
INFO 2026-01-17 15:07:36,552 django.server "GET /api/admin/workouts/categories/?page=1 HTTP/1.1" 200 116
INFO 2026-01-17 15:07:36,629 django.server "GET /api/admin/workouts/categories/?page=1 HTTP/1.1" 200 116
INFO 2026-01-17 15:07:36,629 django.server "GET /api/admin/workouts/categories/?page=1 HTTP/1.1" 200 116
INFO 2026-01-17 15:07:40,762 django.server "GET /api/admin/clients/?page=1 HTTP/1.1" 200 755
INFO 2026-01-17 15:07:40,762 django.server "GET /api/admin/clients/?page=1 HTTP/1.1" 200 755
INFO 2026-01-17 15:07:40,883 django.server "GET /api/admin/clients/?page=1 HTTP/1.1" 200 755
INFO 2026-01-17 15:07:40,883 django.server "GET /api/admin/clients/?page=1 HTTP/1.1" 200 755
INFO 2026-01-17 15:07:42,518 django.server "GET /api/admin/workouts/categories/?page=1 HTTP/1.1" 200 116
INFO 2026-01-17 15:07:42,518 django.server "GET /api/admin/workouts/categories/?page=1 HTTP/1.1" 200 116
INFO 2026-01-17 15:07:42,628 django.server "GET /api/admin/workouts/categories/?page=1 HTTP/1.1" 200 116
INFO 2026-01-17 15:07:42,628 django.server "GET /api/admin/workouts/categories/?page=1 HTTP/1.1" 200 116
INFO 2026-01-17 15:07:43,816 django.server "GET /api/admin/workouts/workouts/?page=1 HTTP/1.1" 200 1062
INFO 2026-01-17 15:07:43,816 django.server "GET /api/admin/workouts/workouts/?page=1 HTTP/1.1" 200 1062
INFO 2026-01-17 15:07:43,998 django.server "GET /api/admin/workouts/workouts/?page=1 HTTP/1.1" 200 1062
INFO 2026-01-17 15:07:43,998 django.server "GET /api/admin/workouts/workouts/?page=1 HTTP/1.1" 200 1062
INFO 2026-01-17 15:07:47,697 django.server "GET /api/admin/workouts/categories/?page=1 HTTP/1.1" 200 116
INFO 2026-01-17 15:07:47,697 django.server "GET /api/admin/workouts/categories/?page=1 HTTP/1.1" 200 116
INFO 2026-01-17 15:07:47,742 django.server "GET /api/admin/workouts/categories/?page=1 HTTP/1.1" 200 116
INFO 2026-01-17 15:07:47,742 django.server "GET /api/admin/workouts/categories/?page=1 HTTP/1.1" 200 116
INFO 2026-01-17 15:07:56,652 django.server "POST /api/auth/logout/ HTTP/1.1" 205 37
INFO 2026-01-17 15:07:56,652 django.server "POST /api/auth/logout/ HTTP/1.1" 205 37
WARNING 2026-01-17 16:13:44,401 django.request Unauthorized: /api/auth/me/
WARNING 2026-01-17 16:13:44,401 django.request Unauthorized: /api/auth/me/
WARNING 2026-01-17 16:13:44,425 django.server "GET /api/auth/me/ HTTP/1.1" 401 28
WARNING 2026-01-17 16:13:44,425 django.server "GET /api/auth/me/ HTTP/1.1" 401 28
WARNING 2026-01-17 16:13:44,458 django.request Unauthorized: /api/auth/refresh/
WARNING 2026-01-17 16:13:44,458 django.request Unauthorized: /api/auth/refresh/
WARNING 2026-01-17 16:13:44,464 django.server "POST /api/auth/refresh/ HTTP/1.1" 401 29
WARNING 2026-01-17 16:13:44,464 django.server "POST /api/auth/refresh/ HTTP/1.1" 401 29
WARNING 2026-01-17 17:22:11,325 django.request Unauthorized: /api/auth/me/
WARNING 2026-01-17 17:22:11,325 django.request Unauthorized: /api/auth/me/
WARNING 2026-01-17 17:22:11,332 django.server "GET /api/auth/me/ HTTP/1.1" 401 28
WARNING 2026-01-17 17:22:11,332 django.server "GET /api/auth/me/ HTTP/1.1" 401 28
WARNING 2026-01-17 17:22:11,343 django.request Unauthorized: /api/auth/refresh/
WARNING 2026-01-17 17:22:11,343 django.request Unauthorized: /api/auth/refresh/
WARNING 2026-01-17 17:22:11,344 django.server "POST /api/auth/refresh/ HTTP/1.1" 401 29
WARNING 2026-01-17 17:22:11,344 django.server "POST /api/auth/refresh/ HTTP/1.1" 401 29
WARNING 2026-01-19 10:06:19,269 django.request Unauthorized: /api/auth/me/
WARNING 2026-01-19 10:06:19,269 django.request Unauthorized: /api/auth/me/
WARNING 2026-01-19 10:06:19,278 django.server "GET /api/auth/me/ HTTP/1.1" 401 28
WARNING 2026-01-19 10:06:19,278 django.server "GET /api/auth/me/ HTTP/1.1" 401 28
WARNING 2026-01-19 10:06:19,301 django.request Unauthorized: /api/auth/refresh/
WARNING 2026-01-19 10:06:19,301 django.request Unauthorized: /api/auth/refresh/
WARNING 2026-01-19 10:06:19,303 django.server "POST /api/auth/refresh/ HTTP/1.1" 401 29
WARNING 2026-01-19 10:06:19,303 django.server "POST /api/auth/refresh/ HTTP/1.1" 401 29
INFO 2026-01-19 10:06:32,581 django.server "OPTIONS /api/auth/google-auth HTTP/1.1" 200 0
INFO 2026-01-19 10:06:32,581 django.server "OPTIONS /api/auth/google-auth HTTP/1.1" 200 0
DEBUG 2026-01-19 10:06:33,017 urllib3.connectionpool Starting new HTTPS connection (1): www.googleapis.com:443
DEBUG 2026-01-19 10:06:33,923 urllib3.connectionpool https://www.googleapis.com:443 "GET /oauth2/v1/certs HTTP/1.1" 200 1574
INFO 2026-01-19 10:06:34,361 django.server "POST /api/auth/google-auth HTTP/1.1" 200 84
INFO 2026-01-19 10:06:34,361 django.server "POST /api/auth/google-auth HTTP/1.1" 200 84
INFO 2026-01-19 10:06:34,523 django.server "GET /api/nutrition/daily-summary/2026-01-19/ HTTP/1.1" 200 74
INFO 2026-01-19 10:06:34,523 django.server "GET /api/nutrition/daily-summary/2026-01-19/ HTTP/1.1" 200 74
INFO 2026-01-19 10:06:34,556 django.server "GET /api/client/me/profile/ HTTP/1.1" 200 476
INFO 2026-01-19 10:06:34,556 django.server "GET /api/client/me/profile/ HTTP/1.1" 200 476
INFO 2026-01-19 10:06:34,607 django.server "GET /api/nutrition/daily-summary/2026-01-19/ HTTP/1.1" 200 74
INFO 2026-01-19 10:06:34,607 django.server "GET /api/nutrition/daily-summary/2026-01-19/ HTTP/1.1" 200 74
INFO 2026-01-19 10:06:38,251 django.server "GET /api/nutrition/daily-summary/2026-01-19/ HTTP/1.1" 200 74
INFO 2026-01-19 10:06:38,251 django.server "GET /api/nutrition/daily-summary/2026-01-19/ HTTP/1.1" 200 74
INFO 2026-01-19 10:06:38,264 django.server "GET /api/nutrition/meal-entries/2026-01-19/ HTTP/1.1" 200 2
INFO 2026-01-19 10:06:38,264 django.server "GET /api/nutrition/meal-entries/2026-01-19/ HTTP/1.1" 200 2
INFO 2026-01-19 10:06:41,726 django.server "GET /api/nutrition/daily-summary/2026-01-19/ HTTP/1.1" 200 74
INFO 2026-01-19 10:06:41,726 django.server "GET /api/nutrition/daily-summary/2026-01-19/ HTTP/1.1" 200 74
INFO 2026-01-19 10:06:41,811 django.server "GET /api/nutrition/daily-summary/2026-01-19/ HTTP/1.1" 200 74
INFO 2026-01-19 10:06:41,811 django.server "GET /api/nutrition/daily-summary/2026-01-19/ HTTP/1.1" 200 74
INFO 2026-01-19 10:07:25,387 django.server "POST /api/auth/logout/ HTTP/1.1" 205 37
INFO 2026-01-19 10:07:25,387 django.server "POST /api/auth/logout/ HTTP/1.1" 205 37
DEBUG 2026-01-19 10:08:10,380 urllib3.connectionpool Starting new HTTPS connection (1): www.googleapis.com:443
DEBUG 2026-01-19 10:08:11,284 urllib3.connectionpool https://www.googleapis.com:443 "GET /oauth2/v1/certs HTTP/1.1" 200 1574
INFO 2026-01-19 10:08:11,468 django.server "POST /api/auth/google-auth HTTP/1.1" 200 84
INFO 2026-01-19 10:08:11,468 django.server "POST /api/auth/google-auth HTTP/1.1" 200 84
INFO 2026-01-19 10:08:11,580 django.server "GET /api/nutrition/daily-summary/2026-01-19/ HTTP/1.1" 200 74
INFO 2026-01-19 10:08:11,580 django.server "GET /api/nutrition/daily-summary/2026-01-19/ HTTP/1.1" 200 74
INFO 2026-01-19 10:08:11,647 django.server "GET /api/nutrition/daily-summary/2026-01-19/ HTTP/1.1" 200 74
INFO 2026-01-19 10:08:11,647 django.server "GET /api/nutrition/daily-summary/2026-01-19/ HTTP/1.1" 200 74
WARNING 2026-01-19 10:13:42,024 django.request Unauthorized: /api/client/me/profile/
WARNING 2026-01-19 10:13:42,028 django.request Unauthorized: /api/nutrition/daily-summary/2026-01-19/
WARNING 2026-01-19 10:13:42,024 django.request Unauthorized: /api/client/me/profile/
WARNING 2026-01-19 10:13:42,028 django.request Unauthorized: /api/nutrition/daily-summary/2026-01-19/
WARNING 2026-01-19 10:13:42,034 django.server "GET /api/client/me/profile/ HTTP/1.1" 401 37
WARNING 2026-01-19 10:13:42,034 django.server "GET /api/nutrition/daily-summary/2026-01-19/ HTTP/1.1" 401 37
WARNING 2026-01-19 10:13:42,034 django.server "GET /api/client/me/profile/ HTTP/1.1" 401 37
WARNING 2026-01-19 10:13:42,034 django.server "GET /api/nutrition/daily-summary/2026-01-19/ HTTP/1.1" 401 37
WARNING 2026-01-19 10:13:42,038 django.request Unauthorized: /api/nutrition/daily-summary/2026-01-19/
WARNING 2026-01-19 10:13:42,038 django.request Unauthorized: /api/nutrition/daily-summary/2026-01-19/
WARNING 2026-01-19 10:13:42,039 django.server "GET /api/nutrition/daily-summary/2026-01-19/ HTTP/1.1" 401 37
WARNING 2026-01-19 10:13:42,039 django.server "GET /api/nutrition/daily-summary/2026-01-19/ HTTP/1.1" 401 37
INFO 2026-01-19 10:13:42,796 django.server "POST /api/auth/refresh/ HTTP/1.1" 200 28
INFO 2026-01-19 10:13:42,796 django.server "POST /api/auth/refresh/ HTTP/1.1" 200 28
INFO 2026-01-19 10:13:43,021 django.server "GET /api/client/me/profile/ HTTP/1.1" 200 476
INFO 2026-01-19 10:13:43,021 django.server "GET /api/nutrition/daily-summary/2026-01-19/ HTTP/1.1" 200 74
INFO 2026-01-19 10:13:43,021 django.server "GET /api/client/me/profile/ HTTP/1.1" 200 476
INFO 2026-01-19 10:13:43,021 django.server "GET /api/nutrition/daily-summary/2026-01-19/ HTTP/1.1" 200 74
INFO 2026-01-19 10:13:43,138 django.server "GET /api/nutrition/daily-summary/2026-01-19/ HTTP/1.1" 200 74
INFO 2026-01-19 10:13:43,138 django.server "GET /api/nutrition/daily-summary/2026-01-19/ HTTP/1.1" 200 74
WARNING 2026-01-19 10:26:18,270 django.request Unauthorized: /api/nutrition/daily-summary/2026-01-19/
WARNING 2026-01-19 10:26:18,270 django.request Unauthorized: /api/nutrition/daily-summary/2026-01-19/
WARNING 2026-01-19 10:26:18,278 django.request Unauthorized: /api/client/me/profile/
WARNING 2026-01-19 10:26:18,281 django.request Unauthorized: /api/nutrition/meal-entries/2026-01-19/
WARNING 2026-01-19 10:26:18,278 django.request Unauthorized: /api/client/me/profile/
WARNING 2026-01-19 10:26:18,282 django.server "GET /api/nutrition/daily-summary/2026-01-19/ HTTP/1.1" 401 37
WARNING 2026-01-19 10:26:18,281 django.request Unauthorized: /api/nutrition/meal-entries/2026-01-19/
WARNING 2026-01-19 10:26:18,282 django.server "GET /api/nutrition/daily-summary/2026-01-19/ HTTP/1.1" 401 37
WARNING 2026-01-19 10:26:18,283 django.server "GET /api/client/me/profile/ HTTP/1.1" 401 37
WARNING 2026-01-19 10:26:18,284 django.server "GET /api/nutrition/meal-entries/2026-01-19/ HTTP/1.1" 401 37
WARNING 2026-01-19 10:26:18,283 django.server "GET /api/client/me/profile/ HTTP/1.1" 401 37
WARNING 2026-01-19 10:26:18,284 django.server "GET /api/nutrition/meal-entries/2026-01-19/ HTTP/1.1" 401 37
INFO 2026-01-19 10:26:18,366 django.server "POST /api/auth/refresh/ HTTP/1.1" 200 28
INFO 2026-01-19 10:26:18,366 django.server "POST /api/auth/refresh/ HTTP/1.1" 200 28
INFO 2026-01-19 10:26:18,695 django.server "GET /api/nutrition/meal-entries/2026-01-19/ HTTP/1.1" 200 2
INFO 2026-01-19 10:26:18,695 django.server "GET /api/nutrition/meal-entries/2026-01-19/ HTTP/1.1" 200 2
INFO 2026-01-19 10:26:18,700 django.server "GET /api/nutrition/daily-summary/2026-01-19/ HTTP/1.1" 200 74
INFO 2026-01-19 10:26:18,700 django.server "GET /api/nutrition/daily-summary/2026-01-19/ HTTP/1.1" 200 74
INFO 2026-01-19 10:26:18,717 django.server "GET /api/client/me/profile/ HTTP/1.1" 200 476
INFO 2026-01-19 10:26:18,717 django.server "GET /api/client/me/profile/ HTTP/1.1" 200 476
INFO 2026-01-19 10:26:25,647 django.server "GET /api/nutrition/daily-summary/2026-01-19/ HTTP/1.1" 200 74
INFO 2026-01-19 10:26:25,647 django.server "GET /api/nutrition/daily-summary/2026-01-19/ HTTP/1.1" 200 74
INFO 2026-01-19 10:26:25,663 django.server "GET /api/nutrition/meal-entries/2026-01-19/ HTTP/1.1" 200 2
INFO 2026-01-19 10:26:25,663 django.server "GET /api/nutrition/meal-entries/2026-01-19/ HTTP/1.1" 200 2
INFO 2026-01-19 10:26:25,702 django.server "GET /api/client/me/profile/ HTTP/1.1" 200 476
INFO 2026-01-19 10:26:25,702 django.server "GET /api/client/me/profile/ HTTP/1.1" 200 476
INFO 2026-01-19 10:26:25,720 django.server "GET /api/client/meal-allocations/ HTTP/1.1" 200 332
INFO 2026-01-19 10:26:25,720 django.server "GET /api/client/meal-allocations/ HTTP/1.1" 200 332
INFO 2026-01-19 10:26:25,773 django.server "GET /api/nutrition/daily-summary/2026-01-19/ HTTP/1.1" 200 74
INFO 2026-01-19 10:26:25,773 django.server "GET /api/nutrition/daily-summary/2026-01-19/ HTTP/1.1" 200 74
INFO 2026-01-19 10:26:25,776 django.server "GET /api/nutrition/meal-entries/2026-01-19/ HTTP/1.1" 200 2
INFO 2026-01-19 10:26:25,776 django.server "GET /api/nutrition/meal-entries/2026-01-19/ HTTP/1.1" 200 2
INFO 2026-01-19 10:26:25,795 django.server "GET /api/client/me/profile/ HTTP/1.1" 200 476
INFO 2026-01-19 10:26:25,795 django.server "GET /api/client/me/profile/ HTTP/1.1" 200 476
INFO 2026-01-19 10:26:25,807 django.server "GET /api/client/meal-allocations/ HTTP/1.1" 200 332
INFO 2026-01-19 10:26:25,807 django.server "GET /api/client/meal-allocations/ HTTP/1.1" 200 332
INFO 2026-01-19 10:26:29,053 django.server "GET /api/nutrition/daily-summary/2026-01-19/ HTTP/1.1" 200 74
INFO 2026-01-19 10:26:29,053 django.server "GET /api/nutrition/daily-summary/2026-01-19/ HTTP/1.1" 200 74
INFO 2026-01-19 10:26:29,177 django.server "GET /api/nutrition/daily-summary/2026-01-19/ HTTP/1.1" 200 74
INFO 2026-01-19 10:26:29,177 django.server "GET /api/nutrition/daily-summary/2026-01-19/ HTTP/1.1" 200 74
INFO 2026-01-19 10:27:29,424 django.server "GET /api/client/me/profile/ HTTP/1.1" 200 476
INFO 2026-01-19 10:27:29,426 django.server "GET /api/nutrition/meal-entries/2026-01-19/ HTTP/1.1" 200 2
INFO 2026-01-19 10:27:29,426 django.server "GET /api/nutrition/daily-summary/2026-01-19/ HTTP/1.1" 200 74
INFO 2026-01-19 10:27:29,426 django.server "GET /api/nutrition/daily-summary/2026-01-19/ HTTP/1.1" 200 74
INFO 2026-01-19 10:27:29,426 django.server "GET /api/nutrition/meal-entries/2026-01-19/ HTTP/1.1" 200 2
INFO 2026-01-19 10:27:29,424 django.server "GET /api/client/me/profile/ HTTP/1.1" 200 476
INFO 2026-01-19 10:27:29,444 django.server "GET /api/client/meal-allocations/ HTTP/1.1" 200 332
INFO 2026-01-19 10:27:29,444 django.server "GET /api/client/meal-allocations/ HTTP/1.1" 200 332
INFO 2026-01-19 10:27:29,516 django.server "GET /api/client/me/profile/ HTTP/1.1" 200 476
INFO 2026-01-19 10:27:29,516 django.server "GET /api/client/me/profile/ HTTP/1.1" 200 476
INFO 2026-01-19 10:27:29,522 django.server "GET /api/nutrition/meal-entries/2026-01-19/ HTTP/1.1" 200 2
INFO 2026-01-19 10:27:29,522 django.server "GET /api/nutrition/meal-entries/2026-01-19/ HTTP/1.1" 200 2
INFO 2026-01-19 10:27:29,527 django.server "GET /api/nutrition/daily-summary/2026-01-19/ HTTP/1.1" 200 74
INFO 2026-01-19 10:27:29,527 django.server "GET /api/nutrition/daily-summary/2026-01-19/ HTTP/1.1" 200 74
INFO 2026-01-19 10:27:29,530 django.server "GET /api/client/meal-allocations/ HTTP/1.1" 200 332
INFO 2026-01-19 10:27:29,530 django.server "GET /api/client/meal-allocations/ HTTP/1.1" 200 332
INFO 2026-01-19 10:27:46,570 django.server "GET /api/client/meal-allocations/ HTTP/1.1" 200 332
INFO 2026-01-19 10:27:46,570 django.server "GET /api/nutrition/meal-entries/2026-01-19/ HTTP/1.1" 200 2
INFO 2026-01-19 10:27:46,570 django.server "GET /api/client/meal-allocations/ HTTP/1.1" 200 332
INFO 2026-01-19 10:27:46,570 django.server "GET /api/nutrition/meal-entries/2026-01-19/ HTTP/1.1" 200 2
INFO 2026-01-19 10:27:46,574 django.server "GET /api/client/me/profile/ HTTP/1.1" 200 476
INFO 2026-01-19 10:27:46,577 django.server "GET /api/auth/me/ HTTP/1.1" 200 65
INFO 2026-01-19 10:27:46,574 django.server "GET /api/client/me/profile/ HTTP/1.1" 200 476
INFO 2026-01-19 10:27:46,577 django.server "GET /api/auth/me/ HTTP/1.1" 200 65
INFO 2026-01-19 10:27:46,590 django.server "GET /api/nutrition/daily-summary/2026-01-19/ HTTP/1.1" 200 74
INFO 2026-01-19 10:27:46,590 django.server "GET /api/nutrition/daily-summary/2026-01-19/ HTTP/1.1" 200 74
INFO 2026-01-19 10:27:46,680 django.server "GET /api/client/me/profile/ HTTP/1.1" 200 476
INFO 2026-01-19 10:27:46,680 django.server "GET /api/nutrition/meal-entries/2026-01-19/ HTTP/1.1" 200 2
INFO 2026-01-19 10:27:46,680 django.server "GET /api/client/me/profile/ HTTP/1.1" 200 476
INFO 2026-01-19 10:27:46,680 django.server "GET /api/nutrition/meal-entries/2026-01-19/ HTTP/1.1" 200 2
INFO 2026-01-19 10:27:46,686 django.server "GET /api/nutrition/daily-summary/2026-01-19/ HTTP/1.1" 200 74
INFO 2026-01-19 10:27:46,686 django.server "GET /api/nutrition/daily-summary/2026-01-19/ HTTP/1.1" 200 74
INFO 2026-01-19 10:27:46,691 django.server "GET /api/client/meal-allocations/ HTTP/1.1" 200 332
INFO 2026-01-19 10:27:46,691 django.server "GET /api/client/meal-allocations/ HTTP/1.1" 200 332
INFO 2026-01-19 10:27:46,794 django.server "GET /api/nutrition/daily-summary/2026-01-19/ HTTP/1.1" 200 74
INFO 2026-01-19 10:27:46,794 django.server "GET /api/nutrition/daily-summary/2026-01-19/ HTTP/1.1" 200 74
INFO 2026-01-19 10:27:46,811 django.server "GET /api/client/me/profile/ HTTP/1.1" 200 476
INFO 2026-01-19 10:27:46,811 django.server "GET /api/client/me/profile/ HTTP/1.1" 200 476
INFO 2026-01-19 10:27:46,823 django.server "GET /api/nutrition/meal-entries/2026-01-19/ HTTP/1.1" 200 2
INFO 2026-01-19 10:27:46,823 django.server "GET /api/nutrition/meal-entries/2026-01-19/ HTTP/1.1" 200 2
INFO 2026-01-19 10:27:46,826 django.server "GET /api/client/meal-allocations/ HTTP/1.1" 200 332
INFO 2026-01-19 10:27:46,826 django.server "GET /api/client/meal-allocations/ HTTP/1.1" 200 332
INFO 2026-01-19 10:27:46,890 django.server "GET /api/nutrition/daily-summary/2026-01-19/ HTTP/1.1" 200 74
INFO 2026-01-19 10:27:46,890 django.server "GET /api/nutrition/daily-summary/2026-01-19/ HTTP/1.1" 200 74
INFO 2026-01-19 10:27:46,916 django.server "GET /api/client/me/profile/ HTTP/1.1" 200 476
INFO 2026-01-19 10:27:46,916 django.server "GET /api/client/me/profile/ HTTP/1.1" 200 476
INFO 2026-01-19 10:27:46,934 django.server "GET /api/nutrition/meal-entries/2026-01-19/ HTTP/1.1" 200 2
INFO 2026-01-19 10:27:46,934 django.server "GET /api/nutrition/meal-entries/2026-01-19/ HTTP/1.1" 200 2
INFO 2026-01-19 10:27:46,961 django.server "GET /api/client/meal-allocations/ HTTP/1.1" 200 332
INFO 2026-01-19 10:27:46,961 django.server "GET /api/client/meal-allocations/ HTTP/1.1" 200 332
INFO 2026-01-19 10:28:07,286 django.server "GET /api/auth/me/ HTTP/1.1" 200 65
INFO 2026-01-19 10:28:07,286 django.server "GET /api/auth/me/ HTTP/1.1" 200 65
INFO 2026-01-19 10:28:07,397 django.server "GET /api/client/meal-allocations/ HTTP/1.1" 200 332
INFO 2026-01-19 10:28:07,397 django.server "GET /api/client/meal-allocations/ HTTP/1.1" 200 332
INFO 2026-01-19 10:28:07,478 django.server "GET /api/nutrition/daily-summary/2026-01-19/ HTTP/1.1" 200 74
INFO 2026-01-19 10:28:07,478 django.server "GET /api/nutrition/daily-summary/2026-01-19/ HTTP/1.1" 200 74
INFO 2026-01-19 10:28:07,516 django.server "GET /api/nutrition/meal-entries/2026-01-19/ HTTP/1.1" 200 2
INFO 2026-01-19 10:28:07,516 django.server "GET /api/nutrition/meal-entries/2026-01-19/ HTTP/1.1" 200 2
INFO 2026-01-19 10:28:07,570 django.server "GET /api/client/me/profile/ HTTP/1.1" 200 476
INFO 2026-01-19 10:28:07,570 django.server "GET /api/client/me/profile/ HTTP/1.1" 200 476
INFO 2026-01-19 10:28:07,612 django.server "GET /api/client/meal-allocations/ HTTP/1.1" 200 332
INFO 2026-01-19 10:28:07,612 django.server "GET /api/client/meal-allocations/ HTTP/1.1" 200 332
INFO 2026-01-19 10:28:07,654 django.server "GET /api/nutrition/daily-summary/2026-01-19/ HTTP/1.1" 200 74
INFO 2026-01-19 10:28:07,654 django.server "GET /api/nutrition/daily-summary/2026-01-19/ HTTP/1.1" 200 74
INFO 2026-01-19 10:28:07,683 django.server "GET /api/nutrition/meal-entries/2026-01-19/ HTTP/1.1" 200 2
INFO 2026-01-19 10:28:07,683 django.server "GET /api/nutrition/meal-entries/2026-01-19/ HTTP/1.1" 200 2
INFO 2026-01-19 10:28:07,687 django.server "GET /api/client/me/profile/ HTTP/1.1" 200 476
INFO 2026-01-19 10:28:07,687 django.server "GET /api/client/me/profile/ HTTP/1.1" 200 476
INFO 2026-01-19 10:29:03,685 django.server "GET /api/nutrition/daily-summary/2026-01-19/ HTTP/1.1" 200 74
INFO 2026-01-19 10:29:03,685 django.server "GET /api/nutrition/daily-summary/2026-01-19/ HTTP/1.1" 200 74
INFO 2026-01-19 10:29:03,700 django.server "GET /api/auth/me/ HTTP/1.1" 200 65
INFO 2026-01-19 10:29:03,700 django.server "GET /api/nutrition/meal-entries/2026-01-19/ HTTP/1.1" 200 2
INFO 2026-01-19 10:29:03,700 django.server "GET /api/auth/me/ HTTP/1.1" 200 65
INFO 2026-01-19 10:29:03,703 django.server "GET /api/client/meal-allocations/ HTTP/1.1" 200 332
INFO 2026-01-19 10:29:03,700 django.server "GET /api/nutrition/meal-entries/2026-01-19/ HTTP/1.1" 200 2
INFO 2026-01-19 10:29:03,703 django.server "GET /api/client/meal-allocations/ HTTP/1.1" 200 332
INFO 2026-01-19 10:29:03,716 django.server "GET /api/client/me/profile/ HTTP/1.1" 200 476
INFO 2026-01-19 10:29:03,716 django.server "GET /api/client/me/profile/ HTTP/1.1" 200 476
INFO 2026-01-19 10:29:03,776 django.server "GET /api/nutrition/daily-summary/2026-01-19/ HTTP/1.1" 200 74
INFO 2026-01-19 10:29:03,776 django.server "GET /api/nutrition/daily-summary/2026-01-19/ HTTP/1.1" 200 74
INFO 2026-01-19 10:29:03,792 django.server "GET /api/nutrition/meal-entries/2026-01-19/ HTTP/1.1" 200 2
INFO 2026-01-19 10:29:03,792 django.server "GET /api/nutrition/meal-entries/2026-01-19/ HTTP/1.1" 200 2
INFO 2026-01-19 10:29:03,800 django.server "GET /api/client/meal-allocations/ HTTP/1.1" 200 332
INFO 2026-01-19 10:29:03,800 django.server "GET /api/client/meal-allocations/ HTTP/1.1" 200 332
INFO 2026-01-19 10:29:03,809 django.server "GET /api/client/me/profile/ HTTP/1.1" 200 476
INFO 2026-01-19 10:29:03,809 django.server "GET /api/client/me/profile/ HTTP/1.1" 200 476
INFO 2026-01-19 10:29:03,845 django.server "GET /api/nutrition/daily-summary/2026-01-19/ HTTP/1.1" 200 74
INFO 2026-01-19 10:29:03,845 django.server "GET /api/nutrition/daily-summary/2026-01-19/ HTTP/1.1" 200 74
INFO 2026-01-19 10:29:03,857 django.server "GET /api/nutrition/meal-entries/2026-01-19/ HTTP/1.1" 200 2
INFO 2026-01-19 10:29:03,857 django.server "GET /api/nutrition/meal-entries/2026-01-19/ HTTP/1.1" 200 2
INFO 2026-01-19 10:29:03,868 django.server "GET /api/client/meal-allocations/ HTTP/1.1" 200 332
INFO 2026-01-19 10:29:03,868 django.server "GET /api/client/meal-allocations/ HTTP/1.1" 200 332
INFO 2026-01-19 10:29:03,872 django.server "GET /api/client/me/profile/ HTTP/1.1" 200 476
INFO 2026-01-19 10:29:03,872 django.server "GET /api/client/me/profile/ HTTP/1.1" 200 476
INFO 2026-01-19 10:29:03,912 django.server "GET /api/nutrition/daily-summary/2026-01-19/ HTTP/1.1" 200 74
INFO 2026-01-19 10:29:03,912 django.server "GET /api/nutrition/daily-summary/2026-01-19/ HTTP/1.1" 200 74
INFO 2026-01-19 10:29:03,928 django.server "GET /api/nutrition/meal-entries/2026-01-19/ HTTP/1.1" 200 2
INFO 2026-01-19 10:29:03,928 django.server "GET /api/nutrition/meal-entries/2026-01-19/ HTTP/1.1" 200 2
INFO 2026-01-19 10:29:03,943 django.server "GET /api/client/meal-allocations/ HTTP/1.1" 200 332
INFO 2026-01-19 10:29:03,943 django.server "GET /api/client/meal-allocations/ HTTP/1.1" 200 332
INFO 2026-01-19 10:29:03,948 django.server "GET /api/client/me/profile/ HTTP/1.1" 200 476
INFO 2026-01-19 10:29:03,948 django.server "GET /api/client/me/profile/ HTTP/1.1" 200 476
INFO 2026-01-19 10:29:22,399 django.server "GET /api/nutrition/daily-summary/2026-01-19/ HTTP/1.1" 200 74
INFO 2026-01-19 10:29:22,399 django.server "GET /api/nutrition/daily-summary/2026-01-19/ HTTP/1.1" 200 74
INFO 2026-01-19 10:29:22,403 django.server "GET /api/client/meal-allocations/ HTTP/1.1" 200 332
INFO 2026-01-19 10:29:22,403 django.server "GET /api/client/meal-allocations/ HTTP/1.1" 200 332
INFO 2026-01-19 10:29:22,408 django.server "GET /api/auth/me/ HTTP/1.1" 200 65
INFO 2026-01-19 10:29:22,408 django.server "GET /api/auth/me/ HTTP/1.1" 200 65
INFO 2026-01-19 10:29:22,410 django.server "GET /api/nutrition/meal-entries/2026-01-19/ HTTP/1.1" 200 2
INFO 2026-01-19 10:29:22,410 django.server "GET /api/nutrition/meal-entries/2026-01-19/ HTTP/1.1" 200 2
INFO 2026-01-19 10:29:22,454 django.server "GET /api/client/me/profile/ HTTP/1.1" 200 476
INFO 2026-01-19 10:29:22,454 django.server "GET /api/client/me/profile/ HTTP/1.1" 200 476
INFO 2026-01-19 10:29:22,496 django.server "GET /api/nutrition/daily-summary/2026-01-19/ HTTP/1.1" 200 74
INFO 2026-01-19 10:29:22,496 django.server "GET /api/nutrition/daily-summary/2026-01-19/ HTTP/1.1" 200 74
INFO 2026-01-19 10:29:22,500 django.server "GET /api/client/meal-allocations/ HTTP/1.1" 200 332
INFO 2026-01-19 10:29:22,500 django.server "GET /api/client/meal-allocations/ HTTP/1.1" 200 332
INFO 2026-01-19 10:29:22,505 django.server "GET /api/nutrition/meal-entries/2026-01-19/ HTTP/1.1" 200 2
INFO 2026-01-19 10:29:22,505 django.server "GET /api/nutrition/meal-entries/2026-01-19/ HTTP/1.1" 200 2
INFO 2026-01-19 10:29:22,527 django.server "GET /api/client/me/profile/ HTTP/1.1" 200 476
INFO 2026-01-19 10:29:22,527 django.server "GET /api/client/me/profile/ HTTP/1.1" 200 476
INFO 2026-01-19 10:29:22,571 django.server "GET /api/nutrition/daily-summary/2026-01-19/ HTTP/1.1" 200 74
INFO 2026-01-19 10:29:22,571 django.server "GET /api/nutrition/daily-summary/2026-01-19/ HTTP/1.1" 200 74
INFO 2026-01-19 10:29:22,583 django.server "GET /api/client/meal-allocations/ HTTP/1.1" 200 332
INFO 2026-01-19 10:29:22,583 django.server "GET /api/client/meal-allocations/ HTTP/1.1" 200 332
INFO 2026-01-19 10:29:22,590 django.server "GET /api/client/me/profile/ HTTP/1.1" 200 476
INFO 2026-01-19 10:29:22,590 django.server "GET /api/client/me/profile/ HTTP/1.1" 200 476
INFO 2026-01-19 10:29:22,630 django.server "GET /api/nutrition/daily-summary/2026-01-19/ HTTP/1.1" 200 74
INFO 2026-01-19 10:29:22,630 django.server "GET /api/nutrition/daily-summary/2026-01-19/ HTTP/1.1" 200 74
INFO 2026-01-19 10:29:22,648 django.server "GET /api/client/me/profile/ HTTP/1.1" 200 476
INFO 2026-01-19 10:29:22,648 django.server "GET /api/client/me/profile/ HTTP/1.1" 200 476
INFO 2026-01-19 10:29:22,651 django.server "GET /api/client/meal-allocations/ HTTP/1.1" 200 332
INFO 2026-01-19 10:29:22,651 django.server "GET /api/client/meal-allocations/ HTTP/1.1" 200 332
INFO 2026-01-19 10:29:22,681 django.server "GET /api/nutrition/meal-entries/2026-01-19/ HTTP/1.1" 200 2
INFO 2026-01-19 10:29:22,681 django.server "GET /api/nutrition/meal-entries/2026-01-19/ HTTP/1.1" 200 2
INFO 2026-01-19 10:29:22,725 django.server "GET /api/nutrition/meal-entries/2026-01-19/ HTTP/1.1" 200 2
INFO 2026-01-19 10:29:22,725 django.server "GET /api/nutrition/meal-entries/2026-01-19/ HTTP/1.1" 200 2
INFO 2026-01-19 10:29:30,378 django.server "GET /api/auth/me/ HTTP/1.1" 200 65
INFO 2026-01-19 10:29:30,378 django.server "GET /api/auth/me/ HTTP/1.1" 200 65
INFO 2026-01-19 10:29:30,383 django.server "GET /api/nutrition/daily-summary/2026-01-19/ HTTP/1.1" 200 74
INFO 2026-01-19 10:29:30,383 django.server "GET /api/nutrition/daily-summary/2026-01-19/ HTTP/1.1" 200 74
INFO 2026-01-19 10:29:30,388 django.server "GET /api/nutrition/meal-entries/2026-01-19/ HTTP/1.1" 200 2
INFO 2026-01-19 10:29:30,388 django.server "GET /api/nutrition/meal-entries/2026-01-19/ HTTP/1.1" 200 2
INFO 2026-01-19 10:29:30,391 django.server "GET /api/client/meal-allocations/ HTTP/1.1" 200 332
INFO 2026-01-19 10:29:30,391 django.server "GET /api/client/meal-allocations/ HTTP/1.1" 200 332
INFO 2026-01-19 10:29:30,427 django.server "GET /api/client/me/profile/ HTTP/1.1" 200 476
INFO 2026-01-19 10:29:30,427 django.server "GET /api/client/me/profile/ HTTP/1.1" 200 476
INFO 2026-01-19 10:29:30,465 django.server "GET /api/nutrition/daily-summary/2026-01-19/ HTTP/1.1" 200 74
INFO 2026-01-19 10:29:30,465 django.server "GET /api/nutrition/daily-summary/2026-01-19/ HTTP/1.1" 200 74
INFO 2026-01-19 10:29:30,476 django.server "GET /api/nutrition/meal-entries/2026-01-19/ HTTP/1.1" 200 2
INFO 2026-01-19 10:29:30,476 django.server "GET /api/nutrition/meal-entries/2026-01-19/ HTTP/1.1" 200 2
INFO 2026-01-19 10:29:30,480 django.server "GET /api/client/meal-allocations/ HTTP/1.1" 200 332
INFO 2026-01-19 10:29:30,480 django.server "GET /api/client/meal-allocations/ HTTP/1.1" 200 332
INFO 2026-01-19 10:29:30,512 django.server "GET /api/client/me/profile/ HTTP/1.1" 200 476
INFO 2026-01-19 10:29:30,512 django.server "GET /api/client/me/profile/ HTTP/1.1" 200 476
INFO 2026-01-19 10:29:30,546 django.server "GET /api/nutrition/daily-summary/2026-01-19/ HTTP/1.1" 200 74
INFO 2026-01-19 10:29:30,546 django.server "GET /api/nutrition/daily-summary/2026-01-19/ HTTP/1.1" 200 74
INFO 2026-01-19 10:29:30,564 django.server "GET /api/nutrition/meal-entries/2026-01-19/ HTTP/1.1" 200 2
INFO 2026-01-19 10:29:30,564 django.server "GET /api/nutrition/meal-entries/2026-01-19/ HTTP/1.1" 200 2
INFO 2026-01-19 10:29:30,569 django.server "GET /api/client/meal-allocations/ HTTP/1.1" 200 332
INFO 2026-01-19 10:29:30,569 django.server "GET /api/client/meal-allocations/ HTTP/1.1" 200 332
INFO 2026-01-19 10:29:30,592 django.server "GET /api/client/me/profile/ HTTP/1.1" 200 476
INFO 2026-01-19 10:29:30,592 django.server "GET /api/client/me/profile/ HTTP/1.1" 200 476
INFO 2026-01-19 10:29:30,614 django.server "GET /api/nutrition/daily-summary/2026-01-19/ HTTP/1.1" 200 74
INFO 2026-01-19 10:29:30,614 django.server "GET /api/nutrition/daily-summary/2026-01-19/ HTTP/1.1" 200 74
INFO 2026-01-19 10:29:30,630 django.server "GET /api/nutrition/meal-entries/2026-01-19/ HTTP/1.1" 200 2
INFO 2026-01-19 10:29:30,630 django.server "GET /api/nutrition/meal-entries/2026-01-19/ HTTP/1.1" 200 2
INFO 2026-01-19 10:29:30,639 django.server "GET /api/client/meal-allocations/ HTTP/1.1" 200 332
INFO 2026-01-19 10:29:30,639 django.server "GET /api/client/meal-allocations/ HTTP/1.1" 200 332
INFO 2026-01-19 10:29:30,651 django.server "GET /api/client/me/profile/ HTTP/1.1" 200 476
INFO 2026-01-19 10:29:30,651 django.server "GET /api/client/me/profile/ HTTP/1.1" 200 476
WARNING 2026-01-19 10:42:29,914 django.request Unauthorized: /api/auth/me/
WARNING 2026-01-19 10:42:29,914 django.request Unauthorized: /api/auth/me/
WARNING 2026-01-19 10:42:29,985 django.server "GET /api/auth/me/ HTTP/1.1" 401 28
WARNING 2026-01-19 10:42:29,985 django.server "GET /api/auth/me/ HTTP/1.1" 401 28
INFO 2026-01-19 10:42:30,086 django.server "POST /api/auth/refresh/ HTTP/1.1" 200 28
INFO 2026-01-19 10:42:30,086 django.server "POST /api/auth/refresh/ HTTP/1.1" 200 28
INFO 2026-01-19 10:42:30,435 django.server "GET /api/auth/me/ HTTP/1.1" 200 65
INFO 2026-01-19 10:42:30,435 django.server "GET /api/auth/me/ HTTP/1.1" 200 65
ERROR 2026-01-19 10:42:30,733 django.request Internal Server Error: /api/client/me/profile/
Traceback (most recent call last):
  File "C:\Users\SHAHEEM\OneDrive\Desktop\IMPORTANT\BRO\WEEK24\KAAIZEN\Backend\env\Lib\site-packages\django\db\models\fields\__init__.py", line 2766, in to_python
    return uuid.UUID(**{input_form: value})
           ^^^^^^^^^^^^^^^^^^^^^^^^^^^^^^^^
  File "C:\Users\SHAHEEM\AppData\Local\Programs\Python\Python312\Lib\uuid.py", line 175, in __init__
    hex = hex.replace('urn:', '').replace('uuid:', '')
          ^^^^^^^^^^^
AttributeError: 'AnonymousUser' object has no attribute 'replace'

During handling of the above exception, another exception occurred:

Traceback (most recent call last):
  File "C:\Users\SHAHEEM\OneDrive\Desktop\IMPORTANT\BRO\WEEK24\KAAIZEN\Backend\env\Lib\site-packages\django\core\handlers\exception.py", line 55, in inner
    response = get_response(request)
               ^^^^^^^^^^^^^^^^^^^^^
  File "C:\Users\SHAHEEM\OneDrive\Desktop\IMPORTANT\BRO\WEEK24\KAAIZEN\Backend\env\Lib\site-packages\django\core\handlers\base.py", line 198, in _get_response
    response = wrapped_callback(request, *callback_args, **callback_kwargs)
               ^^^^^^^^^^^^^^^^^^^^^^^^^^^^^^^^^^^^^^^^^^^^^^^^^^^^^^^^^^^^
  File "C:\Users\SHAHEEM\OneDrive\Desktop\IMPORTANT\BRO\WEEK24\KAAIZEN\Backend\env\Lib\site-packages\django\views\decorators\csrf.py", line 65, in _view_wrapper
    return view_func(request, *args, **kwargs)
           ^^^^^^^^^^^^^^^^^^^^^^^^^^^^^^^^^^^
  File "C:\Users\SHAHEEM\OneDrive\Desktop\IMPORTANT\BRO\WEEK24\KAAIZEN\Backend\env\Lib\site-packages\django\views\generic\base.py", line 106, in view
    return self.dispatch(request, *args, **kwargs)
           ^^^^^^^^^^^^^^^^^^^^^^^^^^^^^^^^^^^^^^^
  File "C:\Users\SHAHEEM\OneDrive\Desktop\IMPORTANT\BRO\WEEK24\KAAIZEN\Backend\env\Lib\site-packages\rest_framework\views.py", line 515, in dispatch
    response = self.handle_exception(exc)
               ^^^^^^^^^^^^^^^^^^^^^^^^^^
  File "C:\Users\SHAHEEM\OneDrive\Desktop\IMPORTANT\BRO\WEEK24\KAAIZEN\Backend\env\Lib\site-packages\rest_framework\views.py", line 475, in handle_exception
    self.raise_uncaught_exception(exc)
  File "C:\Users\SHAHEEM\OneDrive\Desktop\IMPORTANT\BRO\WEEK24\KAAIZEN\Backend\env\Lib\site-packages\rest_framework\views.py", line 486, in raise_uncaught_exception
    raise exc
  File "C:\Users\SHAHEEM\OneDrive\Desktop\IMPORTANT\BRO\WEEK24\KAAIZEN\Backend\env\Lib\site-packages\rest_framework\views.py", line 512, in dispatch
    response = handler(request, *args, **kwargs)
               ^^^^^^^^^^^^^^^^^^^^^^^^^^^^^^^^^
  File "C:\Users\SHAHEEM\OneDrive\Desktop\IMPORTANT\BRO\WEEK24\KAAIZEN\Backend\clients\views.py", line 22, in get
    profile = self.get_profile(request.user)
              ^^^^^^^^^^^^^^^^^^^^^^^^^^^^^^
  File "C:\Users\SHAHEEM\OneDrive\Desktop\IMPORTANT\BRO\WEEK24\KAAIZEN\Backend\clients\views.py", line 19, in get_profile
    return ClientProfile.objects.filter(user=user).first()
           ^^^^^^^^^^^^^^^^^^^^^^^^^^^^^^^^^^^^^^^
  File "C:\Users\SHAHEEM\OneDrive\Desktop\IMPORTANT\BRO\WEEK24\KAAIZEN\Backend\env\Lib\site-packages\django\db\models\manager.py", line 87, in manager_method
    return getattr(self.get_queryset(), name)(*args, **kwargs)
           ^^^^^^^^^^^^^^^^^^^^^^^^^^^^^^^^^^^^^^^^^^^^^^^^^^^
  File "C:\Users\SHAHEEM\OneDrive\Desktop\IMPORTANT\BRO\WEEK24\KAAIZEN\Backend\env\Lib\site-packages\django\db\models\query.py", line 1542, in filter
    return self._filter_or_exclude(False, args, kwargs)
           ^^^^^^^^^^^^^^^^^^^^^^^^^^^^^^^^^^^^^^^^^^^^
  File "C:\Users\SHAHEEM\OneDrive\Desktop\IMPORTANT\BRO\WEEK24\KAAIZEN\Backend\env\Lib\site-packages\django\db\models\query.py", line 1560, in _filter_or_exclude
    clone._filter_or_exclude_inplace(negate, args, kwargs)
  File "C:\Users\SHAHEEM\OneDrive\Desktop\IMPORTANT\BRO\WEEK24\KAAIZEN\Backend\env\Lib\site-packages\django\db\models\query.py", line 1570, in _filter_or_exclude_inplace
    self._query.add_q(Q(*args, **kwargs))
  File "C:\Users\SHAHEEM\OneDrive\Desktop\IMPORTANT\BRO\WEEK24\KAAIZEN\Backend\env\Lib\site-packages\django\db\models\sql\query.py", line 1671, in add_q
    clause, _ = self._add_q(q_object, can_reuse)
                ^^^^^^^^^^^^^^^^^^^^^^^^^^^^^^^^
  File "C:\Users\SHAHEEM\OneDrive\Desktop\IMPORTANT\BRO\WEEK24\KAAIZEN\Backend\env\Lib\site-packages\django\db\models\sql\query.py", line 1703, in _add_q
    child_clause, needed_inner = self.build_filter(
                                 ^^^^^^^^^^^^^^^^^^
  File "C:\Users\SHAHEEM\OneDrive\Desktop\IMPORTANT\BRO\WEEK24\KAAIZEN\Backend\env\Lib\site-packages\django\db\models\sql\query.py", line 1613, in build_filter
    condition = self.build_lookup(lookups, col, value)
                ^^^^^^^^^^^^^^^^^^^^^^^^^^^^^^^^^^^^^^
  File "C:\Users\SHAHEEM\OneDrive\Desktop\IMPORTANT\BRO\WEEK24\KAAIZEN\Backend\env\Lib\site-packages\django\db\models\sql\query.py", line 1440, in build_lookup
    lookup = lookup_class(lhs, rhs)
             ^^^^^^^^^^^^^^^^^^^^^^
  File "C:\Users\SHAHEEM\OneDrive\Desktop\IMPORTANT\BRO\WEEK24\KAAIZEN\Backend\env\Lib\site-packages\django\db\models\lookups.py", line 35, in __init__
    self.rhs = self.get_prep_lookup()
               ^^^^^^^^^^^^^^^^^^^^^^
  File "C:\Users\SHAHEEM\OneDrive\Desktop\IMPORTANT\BRO\WEEK24\KAAIZEN\Backend\env\Lib\site-packages\django\db\models\fields\related_lookups.py", line 113, in get_prep_lookup
    self.rhs = target_field.get_prep_value(self.rhs)
               ^^^^^^^^^^^^^^^^^^^^^^^^^^^^^^^^^^^^^
  File "C:\Users\SHAHEEM\OneDrive\Desktop\IMPORTANT\BRO\WEEK24\KAAIZEN\Backend\env\Lib\site-packages\django\db\models\fields\__init__.py", line 2750, in get_prep_value
    return self.to_python(value)
           ^^^^^^^^^^^^^^^^^^^^^
  File "C:\Users\SHAHEEM\OneDrive\Desktop\IMPORTANT\BRO\WEEK24\KAAIZEN\Backend\env\Lib\site-packages\django\db\models\fields\__init__.py", line 2768, in to_python
    raise exceptions.ValidationError(
django.core.exceptions.ValidationError: ['“AnonymousUser” is not a valid UUID.']
ERROR 2026-01-19 10:42:30,754 django.request Internal Server Error: /api/client/meal-allocations/
Traceback (most recent call last):
  File "C:\Users\SHAHEEM\OneDrive\Desktop\IMPORTANT\BRO\WEEK24\KAAIZEN\Backend\env\Lib\site-packages\django\db\models\fields\__init__.py", line 2766, in to_python
    return uuid.UUID(**{input_form: value})
           ^^^^^^^^^^^^^^^^^^^^^^^^^^^^^^^^
  File "C:\Users\SHAHEEM\AppData\Local\Programs\Python\Python312\Lib\uuid.py", line 175, in __init__
    hex = hex.replace('urn:', '').replace('uuid:', '')
          ^^^^^^^^^^^
AttributeError: 'AnonymousUser' object has no attribute 'replace'

During handling of the above exception, another exception occurred:

Traceback (most recent call last):
  File "C:\Users\SHAHEEM\OneDrive\Desktop\IMPORTANT\BRO\WEEK24\KAAIZEN\Backend\env\Lib\site-packages\django\core\handlers\exception.py", line 55, in inner
    response = get_response(request)
               ^^^^^^^^^^^^^^^^^^^^^
  File "C:\Users\SHAHEEM\OneDrive\Desktop\IMPORTANT\BRO\WEEK24\KAAIZEN\Backend\env\Lib\site-packages\django\core\handlers\base.py", line 198, in _get_response
    response = wrapped_callback(request, *callback_args, **callback_kwargs)
               ^^^^^^^^^^^^^^^^^^^^^^^^^^^^^^^^^^^^^^^^^^^^^^^^^^^^^^^^^^^^
  File "C:\Users\SHAHEEM\OneDrive\Desktop\IMPORTANT\BRO\WEEK24\KAAIZEN\Backend\env\Lib\site-packages\django\views\decorators\csrf.py", line 65, in _view_wrapper
    return view_func(request, *args, **kwargs)
           ^^^^^^^^^^^^^^^^^^^^^^^^^^^^^^^^^^^
  File "C:\Users\SHAHEEM\OneDrive\Desktop\IMPORTANT\BRO\WEEK24\KAAIZEN\Backend\env\Lib\site-packages\django\views\generic\base.py", line 106, in view
    return self.dispatch(request, *args, **kwargs)
           ^^^^^^^^^^^^^^^^^^^^^^^^^^^^^^^^^^^^^^^
  File "C:\Users\SHAHEEM\OneDrive\Desktop\IMPORTANT\BRO\WEEK24\KAAIZEN\Backend\env\Lib\site-packages\rest_framework\views.py", line 515, in dispatch
    response = self.handle_exception(exc)
               ^^^^^^^^^^^^^^^^^^^^^^^^^^
  File "C:\Users\SHAHEEM\OneDrive\Desktop\IMPORTANT\BRO\WEEK24\KAAIZEN\Backend\env\Lib\site-packages\rest_framework\views.py", line 475, in handle_exception
    self.raise_uncaught_exception(exc)
  File "C:\Users\SHAHEEM\OneDrive\Desktop\IMPORTANT\BRO\WEEK24\KAAIZEN\Backend\env\Lib\site-packages\rest_framework\views.py", line 486, in raise_uncaught_exception
    raise exc
  File "C:\Users\SHAHEEM\OneDrive\Desktop\IMPORTANT\BRO\WEEK24\KAAIZEN\Backend\env\Lib\site-packages\rest_framework\views.py", line 512, in dispatch
    response = handler(request, *args, **kwargs)
               ^^^^^^^^^^^^^^^^^^^^^^^^^^^^^^^^^
  File "C:\Users\SHAHEEM\OneDrive\Desktop\IMPORTANT\BRO\WEEK24\KAAIZEN\Backend\clients\views.py", line 72, in get
    profile = ClientProfile.objects.filter(user=request.user).first()
              ^^^^^^^^^^^^^^^^^^^^^^^^^^^^^^^^^^^^^^^^^^^^^^^
  File "C:\Users\SHAHEEM\OneDrive\Desktop\IMPORTANT\BRO\WEEK24\KAAIZEN\Backend\env\Lib\site-packages\django\db\models\manager.py", line 87, in manager_method
    return getattr(self.get_queryset(), name)(*args, **kwargs)
           ^^^^^^^^^^^^^^^^^^^^^^^^^^^^^^^^^^^^^^^^^^^^^^^^^^^
  File "C:\Users\SHAHEEM\OneDrive\Desktop\IMPORTANT\BRO\WEEK24\KAAIZEN\Backend\env\Lib\site-packages\django\db\models\query.py", line 1542, in filter
    return self._filter_or_exclude(False, args, kwargs)
           ^^^^^^^^^^^^^^^^^^^^^^^^^^^^^^^^^^^^^^^^^^^^
  File "C:\Users\SHAHEEM\OneDrive\Desktop\IMPORTANT\BRO\WEEK24\KAAIZEN\Backend\env\Lib\site-packages\django\db\models\query.py", line 1560, in _filter_or_exclude
    clone._filter_or_exclude_inplace(negate, args, kwargs)
  File "C:\Users\SHAHEEM\OneDrive\Desktop\IMPORTANT\BRO\WEEK24\KAAIZEN\Backend\env\Lib\site-packages\django\db\models\query.py", line 1570, in _filter_or_exclude_inplace
    self._query.add_q(Q(*args, **kwargs))
  File "C:\Users\SHAHEEM\OneDrive\Desktop\IMPORTANT\BRO\WEEK24\KAAIZEN\Backend\env\Lib\site-packages\django\db\models\sql\query.py", line 1671, in add_q
    clause, _ = self._add_q(q_object, can_reuse)
                ^^^^^^^^^^^^^^^^^^^^^^^^^^^^^^^^
  File "C:\Users\SHAHEEM\OneDrive\Desktop\IMPORTANT\BRO\WEEK24\KAAIZEN\Backend\env\Lib\site-packages\django\db\models\sql\query.py", line 1703, in _add_q
    child_clause, needed_inner = self.build_filter(
                                 ^^^^^^^^^^^^^^^^^^
  File "C:\Users\SHAHEEM\OneDrive\Desktop\IMPORTANT\BRO\WEEK24\KAAIZEN\Backend\env\Lib\site-packages\django\db\models\sql\query.py", line 1613, in build_filter
    condition = self.build_lookup(lookups, col, value)
                ^^^^^^^^^^^^^^^^^^^^^^^^^^^^^^^^^^^^^^
  File "C:\Users\SHAHEEM\OneDrive\Desktop\IMPORTANT\BRO\WEEK24\KAAIZEN\Backend\env\Lib\site-packages\django\db\models\sql\query.py", line 1440, in build_lookup
    lookup = lookup_class(lhs, rhs)
             ^^^^^^^^^^^^^^^^^^^^^^
  File "C:\Users\SHAHEEM\OneDrive\Desktop\IMPORTANT\BRO\WEEK24\KAAIZEN\Backend\env\Lib\site-packages\django\db\models\lookups.py", line 35, in __init__
    self.rhs = self.get_prep_lookup()
               ^^^^^^^^^^^^^^^^^^^^^^
  File "C:\Users\SHAHEEM\OneDrive\Desktop\IMPORTANT\BRO\WEEK24\KAAIZEN\Backend\env\Lib\site-packages\django\db\models\fields\related_lookups.py", line 113, in get_prep_lookup
    self.rhs = target_field.get_prep_value(self.rhs)
               ^^^^^^^^^^^^^^^^^^^^^^^^^^^^^^^^^^^^^
  File "C:\Users\SHAHEEM\OneDrive\Desktop\IMPORTANT\BRO\WEEK24\KAAIZEN\Backend\env\Lib\site-packages\django\db\models\fields\__init__.py", line 2750, in get_prep_value
    return self.to_python(value)
           ^^^^^^^^^^^^^^^^^^^^^
  File "C:\Users\SHAHEEM\OneDrive\Desktop\IMPORTANT\BRO\WEEK24\KAAIZEN\Backend\env\Lib\site-packages\django\db\models\fields\__init__.py", line 2768, in to_python
    raise exceptions.ValidationError(
django.core.exceptions.ValidationError: ['“AnonymousUser” is not a valid UUID.']
ERROR 2026-01-19 10:42:30,733 django.request Internal Server Error: /api/client/me/profile/
Traceback (most recent call last):
  File "C:\Users\SHAHEEM\OneDrive\Desktop\IMPORTANT\BRO\WEEK24\KAAIZEN\Backend\env\Lib\site-packages\django\db\models\fields\__init__.py", line 2766, in to_python
    return uuid.UUID(**{input_form: value})
           ^^^^^^^^^^^^^^^^^^^^^^^^^^^^^^^^
  File "C:\Users\SHAHEEM\AppData\Local\Programs\Python\Python312\Lib\uuid.py", line 175, in __init__
    hex = hex.replace('urn:', '').replace('uuid:', '')
          ^^^^^^^^^^^
AttributeError: 'AnonymousUser' object has no attribute 'replace'

During handling of the above exception, another exception occurred:

Traceback (most recent call last):
  File "C:\Users\SHAHEEM\OneDrive\Desktop\IMPORTANT\BRO\WEEK24\KAAIZEN\Backend\env\Lib\site-packages\django\core\handlers\exception.py", line 55, in inner
    response = get_response(request)
               ^^^^^^^^^^^^^^^^^^^^^
  File "C:\Users\SHAHEEM\OneDrive\Desktop\IMPORTANT\BRO\WEEK24\KAAIZEN\Backend\env\Lib\site-packages\django\core\handlers\base.py", line 198, in _get_response
    response = wrapped_callback(request, *callback_args, **callback_kwargs)
               ^^^^^^^^^^^^^^^^^^^^^^^^^^^^^^^^^^^^^^^^^^^^^^^^^^^^^^^^^^^^
  File "C:\Users\SHAHEEM\OneDrive\Desktop\IMPORTANT\BRO\WEEK24\KAAIZEN\Backend\env\Lib\site-packages\django\views\decorators\csrf.py", line 65, in _view_wrapper
    return view_func(request, *args, **kwargs)
           ^^^^^^^^^^^^^^^^^^^^^^^^^^^^^^^^^^^
  File "C:\Users\SHAHEEM\OneDrive\Desktop\IMPORTANT\BRO\WEEK24\KAAIZEN\Backend\env\Lib\site-packages\django\views\generic\base.py", line 106, in view
    return self.dispatch(request, *args, **kwargs)
           ^^^^^^^^^^^^^^^^^^^^^^^^^^^^^^^^^^^^^^^
  File "C:\Users\SHAHEEM\OneDrive\Desktop\IMPORTANT\BRO\WEEK24\KAAIZEN\Backend\env\Lib\site-packages\rest_framework\views.py", line 515, in dispatch
    response = self.handle_exception(exc)
               ^^^^^^^^^^^^^^^^^^^^^^^^^^
  File "C:\Users\SHAHEEM\OneDrive\Desktop\IMPORTANT\BRO\WEEK24\KAAIZEN\Backend\env\Lib\site-packages\rest_framework\views.py", line 475, in handle_exception
    self.raise_uncaught_exception(exc)
  File "C:\Users\SHAHEEM\OneDrive\Desktop\IMPORTANT\BRO\WEEK24\KAAIZEN\Backend\env\Lib\site-packages\rest_framework\views.py", line 486, in raise_uncaught_exception
    raise exc
  File "C:\Users\SHAHEEM\OneDrive\Desktop\IMPORTANT\BRO\WEEK24\KAAIZEN\Backend\env\Lib\site-packages\rest_framework\views.py", line 512, in dispatch
    response = handler(request, *args, **kwargs)
               ^^^^^^^^^^^^^^^^^^^^^^^^^^^^^^^^^
  File "C:\Users\SHAHEEM\OneDrive\Desktop\IMPORTANT\BRO\WEEK24\KAAIZEN\Backend\clients\views.py", line 22, in get
    profile = self.get_profile(request.user)
              ^^^^^^^^^^^^^^^^^^^^^^^^^^^^^^
  File "C:\Users\SHAHEEM\OneDrive\Desktop\IMPORTANT\BRO\WEEK24\KAAIZEN\Backend\clients\views.py", line 19, in get_profile
    return ClientProfile.objects.filter(user=user).first()
           ^^^^^^^^^^^^^^^^^^^^^^^^^^^^^^^^^^^^^^^
  File "C:\Users\SHAHEEM\OneDrive\Desktop\IMPORTANT\BRO\WEEK24\KAAIZEN\Backend\env\Lib\site-packages\django\db\models\manager.py", line 87, in manager_method
    return getattr(self.get_queryset(), name)(*args, **kwargs)
           ^^^^^^^^^^^^^^^^^^^^^^^^^^^^^^^^^^^^^^^^^^^^^^^^^^^
  File "C:\Users\SHAHEEM\OneDrive\Desktop\IMPORTANT\BRO\WEEK24\KAAIZEN\Backend\env\Lib\site-packages\django\db\models\query.py", line 1542, in filter
    return self._filter_or_exclude(False, args, kwargs)
           ^^^^^^^^^^^^^^^^^^^^^^^^^^^^^^^^^^^^^^^^^^^^
  File "C:\Users\SHAHEEM\OneDrive\Desktop\IMPORTANT\BRO\WEEK24\KAAIZEN\Backend\env\Lib\site-packages\django\db\models\query.py", line 1560, in _filter_or_exclude
    clone._filter_or_exclude_inplace(negate, args, kwargs)
  File "C:\Users\SHAHEEM\OneDrive\Desktop\IMPORTANT\BRO\WEEK24\KAAIZEN\Backend\env\Lib\site-packages\django\db\models\query.py", line 1570, in _filter_or_exclude_inplace
    self._query.add_q(Q(*args, **kwargs))
  File "C:\Users\SHAHEEM\OneDrive\Desktop\IMPORTANT\BRO\WEEK24\KAAIZEN\Backend\env\Lib\site-packages\django\db\models\sql\query.py", line 1671, in add_q
    clause, _ = self._add_q(q_object, can_reuse)
                ^^^^^^^^^^^^^^^^^^^^^^^^^^^^^^^^
  File "C:\Users\SHAHEEM\OneDrive\Desktop\IMPORTANT\BRO\WEEK24\KAAIZEN\Backend\env\Lib\site-packages\django\db\models\sql\query.py", line 1703, in _add_q
    child_clause, needed_inner = self.build_filter(
                                 ^^^^^^^^^^^^^^^^^^
  File "C:\Users\SHAHEEM\OneDrive\Desktop\IMPORTANT\BRO\WEEK24\KAAIZEN\Backend\env\Lib\site-packages\django\db\models\sql\query.py", line 1613, in build_filter
    condition = self.build_lookup(lookups, col, value)
                ^^^^^^^^^^^^^^^^^^^^^^^^^^^^^^^^^^^^^^
  File "C:\Users\SHAHEEM\OneDrive\Desktop\IMPORTANT\BRO\WEEK24\KAAIZEN\Backend\env\Lib\site-packages\django\db\models\sql\query.py", line 1440, in build_lookup
    lookup = lookup_class(lhs, rhs)
             ^^^^^^^^^^^^^^^^^^^^^^
  File "C:\Users\SHAHEEM\OneDrive\Desktop\IMPORTANT\BRO\WEEK24\KAAIZEN\Backend\env\Lib\site-packages\django\db\models\lookups.py", line 35, in __init__
    self.rhs = self.get_prep_lookup()
               ^^^^^^^^^^^^^^^^^^^^^^
  File "C:\Users\SHAHEEM\OneDrive\Desktop\IMPORTANT\BRO\WEEK24\KAAIZEN\Backend\env\Lib\site-packages\django\db\models\fields\related_lookups.py", line 113, in get_prep_lookup
    self.rhs = target_field.get_prep_value(self.rhs)
               ^^^^^^^^^^^^^^^^^^^^^^^^^^^^^^^^^^^^^
  File "C:\Users\SHAHEEM\OneDrive\Desktop\IMPORTANT\BRO\WEEK24\KAAIZEN\Backend\env\Lib\site-packages\django\db\models\fields\__init__.py", line 2750, in get_prep_value
    return self.to_python(value)
           ^^^^^^^^^^^^^^^^^^^^^
  File "C:\Users\SHAHEEM\OneDrive\Desktop\IMPORTANT\BRO\WEEK24\KAAIZEN\Backend\env\Lib\site-packages\django\db\models\fields\__init__.py", line 2768, in to_python
    raise exceptions.ValidationError(
django.core.exceptions.ValidationError: ['“AnonymousUser” is not a valid UUID.']
ERROR 2026-01-19 10:42:30,754 django.request Internal Server Error: /api/client/meal-allocations/
Traceback (most recent call last):
  File "C:\Users\SHAHEEM\OneDrive\Desktop\IMPORTANT\BRO\WEEK24\KAAIZEN\Backend\env\Lib\site-packages\django\db\models\fields\__init__.py", line 2766, in to_python
    return uuid.UUID(**{input_form: value})
           ^^^^^^^^^^^^^^^^^^^^^^^^^^^^^^^^
  File "C:\Users\SHAHEEM\AppData\Local\Programs\Python\Python312\Lib\uuid.py", line 175, in __init__
    hex = hex.replace('urn:', '').replace('uuid:', '')
          ^^^^^^^^^^^
AttributeError: 'AnonymousUser' object has no attribute 'replace'

During handling of the above exception, another exception occurred:

Traceback (most recent call last):
  File "C:\Users\SHAHEEM\OneDrive\Desktop\IMPORTANT\BRO\WEEK24\KAAIZEN\Backend\env\Lib\site-packages\django\core\handlers\exception.py", line 55, in inner
    response = get_response(request)
               ^^^^^^^^^^^^^^^^^^^^^
  File "C:\Users\SHAHEEM\OneDrive\Desktop\IMPORTANT\BRO\WEEK24\KAAIZEN\Backend\env\Lib\site-packages\django\core\handlers\base.py", line 198, in _get_response
    response = wrapped_callback(request, *callback_args, **callback_kwargs)
               ^^^^^^^^^^^^^^^^^^^^^^^^^^^^^^^^^^^^^^^^^^^^^^^^^^^^^^^^^^^^
  File "C:\Users\SHAHEEM\OneDrive\Desktop\IMPORTANT\BRO\WEEK24\KAAIZEN\Backend\env\Lib\site-packages\django\views\decorators\csrf.py", line 65, in _view_wrapper
    return view_func(request, *args, **kwargs)
           ^^^^^^^^^^^^^^^^^^^^^^^^^^^^^^^^^^^
  File "C:\Users\SHAHEEM\OneDrive\Desktop\IMPORTANT\BRO\WEEK24\KAAIZEN\Backend\env\Lib\site-packages\django\views\generic\base.py", line 106, in view
    return self.dispatch(request, *args, **kwargs)
           ^^^^^^^^^^^^^^^^^^^^^^^^^^^^^^^^^^^^^^^
  File "C:\Users\SHAHEEM\OneDrive\Desktop\IMPORTANT\BRO\WEEK24\KAAIZEN\Backend\env\Lib\site-packages\rest_framework\views.py", line 515, in dispatch
    response = self.handle_exception(exc)
               ^^^^^^^^^^^^^^^^^^^^^^^^^^
  File "C:\Users\SHAHEEM\OneDrive\Desktop\IMPORTANT\BRO\WEEK24\KAAIZEN\Backend\env\Lib\site-packages\rest_framework\views.py", line 475, in handle_exception
    self.raise_uncaught_exception(exc)
  File "C:\Users\SHAHEEM\OneDrive\Desktop\IMPORTANT\BRO\WEEK24\KAAIZEN\Backend\env\Lib\site-packages\rest_framework\views.py", line 486, in raise_uncaught_exception
    raise exc
  File "C:\Users\SHAHEEM\OneDrive\Desktop\IMPORTANT\BRO\WEEK24\KAAIZEN\Backend\env\Lib\site-packages\rest_framework\views.py", line 512, in dispatch
    response = handler(request, *args, **kwargs)
               ^^^^^^^^^^^^^^^^^^^^^^^^^^^^^^^^^
  File "C:\Users\SHAHEEM\OneDrive\Desktop\IMPORTANT\BRO\WEEK24\KAAIZEN\Backend\clients\views.py", line 72, in get
    profile = ClientProfile.objects.filter(user=request.user).first()
              ^^^^^^^^^^^^^^^^^^^^^^^^^^^^^^^^^^^^^^^^^^^^^^^
  File "C:\Users\SHAHEEM\OneDrive\Desktop\IMPORTANT\BRO\WEEK24\KAAIZEN\Backend\env\Lib\site-packages\django\db\models\manager.py", line 87, in manager_method
    return getattr(self.get_queryset(), name)(*args, **kwargs)
           ^^^^^^^^^^^^^^^^^^^^^^^^^^^^^^^^^^^^^^^^^^^^^^^^^^^
  File "C:\Users\SHAHEEM\OneDrive\Desktop\IMPORTANT\BRO\WEEK24\KAAIZEN\Backend\env\Lib\site-packages\django\db\models\query.py", line 1542, in filter
    return self._filter_or_exclude(False, args, kwargs)
           ^^^^^^^^^^^^^^^^^^^^^^^^^^^^^^^^^^^^^^^^^^^^
  File "C:\Users\SHAHEEM\OneDrive\Desktop\IMPORTANT\BRO\WEEK24\KAAIZEN\Backend\env\Lib\site-packages\django\db\models\query.py", line 1560, in _filter_or_exclude
    clone._filter_or_exclude_inplace(negate, args, kwargs)
  File "C:\Users\SHAHEEM\OneDrive\Desktop\IMPORTANT\BRO\WEEK24\KAAIZEN\Backend\env\Lib\site-packages\django\db\models\query.py", line 1570, in _filter_or_exclude_inplace
    self._query.add_q(Q(*args, **kwargs))
  File "C:\Users\SHAHEEM\OneDrive\Desktop\IMPORTANT\BRO\WEEK24\KAAIZEN\Backend\env\Lib\site-packages\django\db\models\sql\query.py", line 1671, in add_q
    clause, _ = self._add_q(q_object, can_reuse)
                ^^^^^^^^^^^^^^^^^^^^^^^^^^^^^^^^
  File "C:\Users\SHAHEEM\OneDrive\Desktop\IMPORTANT\BRO\WEEK24\KAAIZEN\Backend\env\Lib\site-packages\django\db\models\sql\query.py", line 1703, in _add_q
    child_clause, needed_inner = self.build_filter(
                                 ^^^^^^^^^^^^^^^^^^
  File "C:\Users\SHAHEEM\OneDrive\Desktop\IMPORTANT\BRO\WEEK24\KAAIZEN\Backend\env\Lib\site-packages\django\db\models\sql\query.py", line 1613, in build_filter
    condition = self.build_lookup(lookups, col, value)
                ^^^^^^^^^^^^^^^^^^^^^^^^^^^^^^^^^^^^^^
  File "C:\Users\SHAHEEM\OneDrive\Desktop\IMPORTANT\BRO\WEEK24\KAAIZEN\Backend\env\Lib\site-packages\django\db\models\sql\query.py", line 1440, in build_lookup
    lookup = lookup_class(lhs, rhs)
             ^^^^^^^^^^^^^^^^^^^^^^
  File "C:\Users\SHAHEEM\OneDrive\Desktop\IMPORTANT\BRO\WEEK24\KAAIZEN\Backend\env\Lib\site-packages\django\db\models\lookups.py", line 35, in __init__
    self.rhs = self.get_prep_lookup()
               ^^^^^^^^^^^^^^^^^^^^^^
  File "C:\Users\SHAHEEM\OneDrive\Desktop\IMPORTANT\BRO\WEEK24\KAAIZEN\Backend\env\Lib\site-packages\django\db\models\fields\related_lookups.py", line 113, in get_prep_lookup
    self.rhs = target_field.get_prep_value(self.rhs)
               ^^^^^^^^^^^^^^^^^^^^^^^^^^^^^^^^^^^^^
  File "C:\Users\SHAHEEM\OneDrive\Desktop\IMPORTANT\BRO\WEEK24\KAAIZEN\Backend\env\Lib\site-packages\django\db\models\fields\__init__.py", line 2750, in get_prep_value
    return self.to_python(value)
           ^^^^^^^^^^^^^^^^^^^^^
  File "C:\Users\SHAHEEM\OneDrive\Desktop\IMPORTANT\BRO\WEEK24\KAAIZEN\Backend\env\Lib\site-packages\django\db\models\fields\__init__.py", line 2768, in to_python
    raise exceptions.ValidationError(
django.core.exceptions.ValidationError: ['“AnonymousUser” is not a valid UUID.']
ERROR 2026-01-19 10:42:30,805 django.server "GET /api/client/me/profile/ HTTP/1.1" 500 27486
ERROR 2026-01-19 10:42:30,805 django.server "GET /api/client/me/profile/ HTTP/1.1" 500 27486
ERROR 2026-01-19 10:42:30,815 django.server "GET /api/client/meal-allocations/ HTTP/1.1" 500 27362
ERROR 2026-01-19 10:42:30,815 django.server "GET /api/client/meal-allocations/ HTTP/1.1" 500 27362
ERROR 2026-01-19 10:42:30,888 django.request Internal Server Error: /api/nutrition/meal-entries/2026-01-19/
Traceback (most recent call last):
  File "C:\Users\SHAHEEM\OneDrive\Desktop\IMPORTANT\BRO\WEEK24\KAAIZEN\Backend\env\Lib\site-packages\django\db\models\fields\__init__.py", line 2766, in to_python
    return uuid.UUID(**{input_form: value})
           ^^^^^^^^^^^^^^^^^^^^^^^^^^^^^^^^
  File "C:\Users\SHAHEEM\AppData\Local\Programs\Python\Python312\Lib\uuid.py", line 175, in __init__
    hex = hex.replace('urn:', '').replace('uuid:', '')
          ^^^^^^^^^^^
AttributeError: 'AnonymousUser' object has no attribute 'replace'

During handling of the above exception, another exception occurred:

Traceback (most recent call last):
  File "C:\Users\SHAHEEM\OneDrive\Desktop\IMPORTANT\BRO\WEEK24\KAAIZEN\Backend\env\Lib\site-packages\django\core\handlers\exception.py", line 55, in inner
    response = get_response(request)
               ^^^^^^^^^^^^^^^^^^^^^
  File "C:\Users\SHAHEEM\OneDrive\Desktop\IMPORTANT\BRO\WEEK24\KAAIZEN\Backend\env\Lib\site-packages\django\core\handlers\base.py", line 198, in _get_response
    response = wrapped_callback(request, *callback_args, **callback_kwargs)
               ^^^^^^^^^^^^^^^^^^^^^^^^^^^^^^^^^^^^^^^^^^^^^^^^^^^^^^^^^^^^
  File "C:\Users\SHAHEEM\OneDrive\Desktop\IMPORTANT\BRO\WEEK24\KAAIZEN\Backend\env\Lib\site-packages\django\views\decorators\csrf.py", line 65, in _view_wrapper
    return view_func(request, *args, **kwargs)
           ^^^^^^^^^^^^^^^^^^^^^^^^^^^^^^^^^^^
  File "C:\Users\SHAHEEM\OneDrive\Desktop\IMPORTANT\BRO\WEEK24\KAAIZEN\Backend\env\Lib\site-packages\django\views\generic\base.py", line 106, in view
    return self.dispatch(request, *args, **kwargs)
           ^^^^^^^^^^^^^^^^^^^^^^^^^^^^^^^^^^^^^^^
  File "C:\Users\SHAHEEM\OneDrive\Desktop\IMPORTANT\BRO\WEEK24\KAAIZEN\Backend\env\Lib\site-packages\rest_framework\views.py", line 515, in dispatch
    response = self.handle_exception(exc)
               ^^^^^^^^^^^^^^^^^^^^^^^^^^
  File "C:\Users\SHAHEEM\OneDrive\Desktop\IMPORTANT\BRO\WEEK24\KAAIZEN\Backend\env\Lib\site-packages\rest_framework\views.py", line 475, in handle_exception
    self.raise_uncaught_exception(exc)
  File "C:\Users\SHAHEEM\OneDrive\Desktop\IMPORTANT\BRO\WEEK24\KAAIZEN\Backend\env\Lib\site-packages\rest_framework\views.py", line 486, in raise_uncaught_exception
    raise exc
  File "C:\Users\SHAHEEM\OneDrive\Desktop\IMPORTANT\BRO\WEEK24\KAAIZEN\Backend\env\Lib\site-packages\rest_framework\views.py", line 512, in dispatch
    response = handler(request, *args, **kwargs)
               ^^^^^^^^^^^^^^^^^^^^^^^^^^^^^^^^^
  File "C:\Users\SHAHEEM\OneDrive\Desktop\IMPORTANT\BRO\WEEK24\KAAIZEN\Backend\nutrition\views.py", line 27, in get
    entries = MealEntry.objects.filter(
              ^^^^^^^^^^^^^^^^^^^^^^^^^
  File "C:\Users\SHAHEEM\OneDrive\Desktop\IMPORTANT\BRO\WEEK24\KAAIZEN\Backend\env\Lib\site-packages\django\db\models\manager.py", line 87, in manager_method
    return getattr(self.get_queryset(), name)(*args, **kwargs)
           ^^^^^^^^^^^^^^^^^^^^^^^^^^^^^^^^^^^^^^^^^^^^^^^^^^^
  File "C:\Users\SHAHEEM\OneDrive\Desktop\IMPORTANT\BRO\WEEK24\KAAIZEN\Backend\env\Lib\site-packages\django\db\models\query.py", line 1542, in filter
    return self._filter_or_exclude(False, args, kwargs)
           ^^^^^^^^^^^^^^^^^^^^^^^^^^^^^^^^^^^^^^^^^^^^
  File "C:\Users\SHAHEEM\OneDrive\Desktop\IMPORTANT\BRO\WEEK24\KAAIZEN\Backend\env\Lib\site-packages\django\db\models\query.py", line 1560, in _filter_or_exclude
    clone._filter_or_exclude_inplace(negate, args, kwargs)
  File "C:\Users\SHAHEEM\OneDrive\Desktop\IMPORTANT\BRO\WEEK24\KAAIZEN\Backend\env\Lib\site-packages\django\db\models\query.py", line 1570, in _filter_or_exclude_inplace
    self._query.add_q(Q(*args, **kwargs))
  File "C:\Users\SHAHEEM\OneDrive\Desktop\IMPORTANT\BRO\WEEK24\KAAIZEN\Backend\env\Lib\site-packages\django\db\models\sql\query.py", line 1671, in add_q
    clause, _ = self._add_q(q_object, can_reuse)
                ^^^^^^^^^^^^^^^^^^^^^^^^^^^^^^^^
  File "C:\Users\SHAHEEM\OneDrive\Desktop\IMPORTANT\BRO\WEEK24\KAAIZEN\Backend\env\Lib\site-packages\django\db\models\sql\query.py", line 1703, in _add_q
    child_clause, needed_inner = self.build_filter(
                                 ^^^^^^^^^^^^^^^^^^
  File "C:\Users\SHAHEEM\OneDrive\Desktop\IMPORTANT\BRO\WEEK24\KAAIZEN\Backend\env\Lib\site-packages\django\db\models\sql\query.py", line 1613, in build_filter
    condition = self.build_lookup(lookups, col, value)
                ^^^^^^^^^^^^^^^^^^^^^^^^^^^^^^^^^^^^^^
  File "C:\Users\SHAHEEM\OneDrive\Desktop\IMPORTANT\BRO\WEEK24\KAAIZEN\Backend\env\Lib\site-packages\django\db\models\sql\query.py", line 1440, in build_lookup
    lookup = lookup_class(lhs, rhs)
             ^^^^^^^^^^^^^^^^^^^^^^
  File "C:\Users\SHAHEEM\OneDrive\Desktop\IMPORTANT\BRO\WEEK24\KAAIZEN\Backend\env\Lib\site-packages\django\db\models\lookups.py", line 35, in __init__
    self.rhs = self.get_prep_lookup()
               ^^^^^^^^^^^^^^^^^^^^^^
  File "C:\Users\SHAHEEM\OneDrive\Desktop\IMPORTANT\BRO\WEEK24\KAAIZEN\Backend\env\Lib\site-packages\django\db\models\fields\related_lookups.py", line 113, in get_prep_lookup
    self.rhs = target_field.get_prep_value(self.rhs)
               ^^^^^^^^^^^^^^^^^^^^^^^^^^^^^^^^^^^^^
  File "C:\Users\SHAHEEM\OneDrive\Desktop\IMPORTANT\BRO\WEEK24\KAAIZEN\Backend\env\Lib\site-packages\django\db\models\fields\__init__.py", line 2750, in get_prep_value
    return self.to_python(value)
           ^^^^^^^^^^^^^^^^^^^^^
  File "C:\Users\SHAHEEM\OneDrive\Desktop\IMPORTANT\BRO\WEEK24\KAAIZEN\Backend\env\Lib\site-packages\django\db\models\fields\__init__.py", line 2768, in to_python
    raise exceptions.ValidationError(
django.core.exceptions.ValidationError: ['“AnonymousUser” is not a valid UUID.']
ERROR 2026-01-19 10:42:30,903 django.request Internal Server Error: /api/nutrition/daily-summary/2026-01-19/
Traceback (most recent call last):
  File "C:\Users\SHAHEEM\OneDrive\Desktop\IMPORTANT\BRO\WEEK24\KAAIZEN\Backend\env\Lib\site-packages\django\db\models\fields\__init__.py", line 2766, in to_python
    return uuid.UUID(**{input_form: value})
           ^^^^^^^^^^^^^^^^^^^^^^^^^^^^^^^^
  File "C:\Users\SHAHEEM\AppData\Local\Programs\Python\Python312\Lib\uuid.py", line 175, in __init__
    hex = hex.replace('urn:', '').replace('uuid:', '')
          ^^^^^^^^^^^
AttributeError: 'AnonymousUser' object has no attribute 'replace'

During handling of the above exception, another exception occurred:

Traceback (most recent call last):
  File "C:\Users\SHAHEEM\OneDrive\Desktop\IMPORTANT\BRO\WEEK24\KAAIZEN\Backend\env\Lib\site-packages\django\core\handlers\exception.py", line 55, in inner
    response = get_response(request)
               ^^^^^^^^^^^^^^^^^^^^^
  File "C:\Users\SHAHEEM\OneDrive\Desktop\IMPORTANT\BRO\WEEK24\KAAIZEN\Backend\env\Lib\site-packages\django\core\handlers\base.py", line 198, in _get_response
    response = wrapped_callback(request, *callback_args, **callback_kwargs)
               ^^^^^^^^^^^^^^^^^^^^^^^^^^^^^^^^^^^^^^^^^^^^^^^^^^^^^^^^^^^^
  File "C:\Users\SHAHEEM\OneDrive\Desktop\IMPORTANT\BRO\WEEK24\KAAIZEN\Backend\env\Lib\site-packages\django\views\decorators\csrf.py", line 65, in _view_wrapper
    return view_func(request, *args, **kwargs)
           ^^^^^^^^^^^^^^^^^^^^^^^^^^^^^^^^^^^
  File "C:\Users\SHAHEEM\OneDrive\Desktop\IMPORTANT\BRO\WEEK24\KAAIZEN\Backend\env\Lib\site-packages\django\views\generic\base.py", line 106, in view
    return self.dispatch(request, *args, **kwargs)
           ^^^^^^^^^^^^^^^^^^^^^^^^^^^^^^^^^^^^^^^
  File "C:\Users\SHAHEEM\OneDrive\Desktop\IMPORTANT\BRO\WEEK24\KAAIZEN\Backend\env\Lib\site-packages\rest_framework\views.py", line 515, in dispatch
    response = self.handle_exception(exc)
               ^^^^^^^^^^^^^^^^^^^^^^^^^^
  File "C:\Users\SHAHEEM\OneDrive\Desktop\IMPORTANT\BRO\WEEK24\KAAIZEN\Backend\env\Lib\site-packages\rest_framework\views.py", line 475, in handle_exception
    self.raise_uncaught_exception(exc)
  File "C:\Users\SHAHEEM\OneDrive\Desktop\IMPORTANT\BRO\WEEK24\KAAIZEN\Backend\env\Lib\site-packages\rest_framework\views.py", line 486, in raise_uncaught_exception
    raise exc
  File "C:\Users\SHAHEEM\OneDrive\Desktop\IMPORTANT\BRO\WEEK24\KAAIZEN\Backend\env\Lib\site-packages\rest_framework\views.py", line 512, in dispatch
    response = handler(request, *args, **kwargs)
               ^^^^^^^^^^^^^^^^^^^^^^^^^^^^^^^^^
  File "C:\Users\SHAHEEM\OneDrive\Desktop\IMPORTANT\BRO\WEEK24\KAAIZEN\Backend\nutrition\views.py", line 38, in get
    entries = MealEntry.objects.filter(
              ^^^^^^^^^^^^^^^^^^^^^^^^^
  File "C:\Users\SHAHEEM\OneDrive\Desktop\IMPORTANT\BRO\WEEK24\KAAIZEN\Backend\env\Lib\site-packages\django\db\models\manager.py", line 87, in manager_method
    return getattr(self.get_queryset(), name)(*args, **kwargs)
           ^^^^^^^^^^^^^^^^^^^^^^^^^^^^^^^^^^^^^^^^^^^^^^^^^^^
  File "C:\Users\SHAHEEM\OneDrive\Desktop\IMPORTANT\BRO\WEEK24\KAAIZEN\Backend\env\Lib\site-packages\django\db\models\query.py", line 1542, in filter
    return self._filter_or_exclude(False, args, kwargs)
           ^^^^^^^^^^^^^^^^^^^^^^^^^^^^^^^^^^^^^^^^^^^^
  File "C:\Users\SHAHEEM\OneDrive\Desktop\IMPORTANT\BRO\WEEK24\KAAIZEN\Backend\env\Lib\site-packages\django\db\models\query.py", line 1560, in _filter_or_exclude
    clone._filter_or_exclude_inplace(negate, args, kwargs)
  File "C:\Users\SHAHEEM\OneDrive\Desktop\IMPORTANT\BRO\WEEK24\KAAIZEN\Backend\env\Lib\site-packages\django\db\models\query.py", line 1570, in _filter_or_exclude_inplace
    self._query.add_q(Q(*args, **kwargs))
  File "C:\Users\SHAHEEM\OneDrive\Desktop\IMPORTANT\BRO\WEEK24\KAAIZEN\Backend\env\Lib\site-packages\django\db\models\sql\query.py", line 1671, in add_q
    clause, _ = self._add_q(q_object, can_reuse)
                ^^^^^^^^^^^^^^^^^^^^^^^^^^^^^^^^
  File "C:\Users\SHAHEEM\OneDrive\Desktop\IMPORTANT\BRO\WEEK24\KAAIZEN\Backend\env\Lib\site-packages\django\db\models\sql\query.py", line 1703, in _add_q
    child_clause, needed_inner = self.build_filter(
                                 ^^^^^^^^^^^^^^^^^^
  File "C:\Users\SHAHEEM\OneDrive\Desktop\IMPORTANT\BRO\WEEK24\KAAIZEN\Backend\env\Lib\site-packages\django\db\models\sql\query.py", line 1613, in build_filter
    condition = self.build_lookup(lookups, col, value)
                ^^^^^^^^^^^^^^^^^^^^^^^^^^^^^^^^^^^^^^
  File "C:\Users\SHAHEEM\OneDrive\Desktop\IMPORTANT\BRO\WEEK24\KAAIZEN\Backend\env\Lib\site-packages\django\db\models\sql\query.py", line 1440, in build_lookup
    lookup = lookup_class(lhs, rhs)
             ^^^^^^^^^^^^^^^^^^^^^^
  File "C:\Users\SHAHEEM\OneDrive\Desktop\IMPORTANT\BRO\WEEK24\KAAIZEN\Backend\env\Lib\site-packages\django\db\models\lookups.py", line 35, in __init__
    self.rhs = self.get_prep_lookup()
               ^^^^^^^^^^^^^^^^^^^^^^
  File "C:\Users\SHAHEEM\OneDrive\Desktop\IMPORTANT\BRO\WEEK24\KAAIZEN\Backend\env\Lib\site-packages\django\db\models\fields\related_lookups.py", line 113, in get_prep_lookup
    self.rhs = target_field.get_prep_value(self.rhs)
               ^^^^^^^^^^^^^^^^^^^^^^^^^^^^^^^^^^^^^
  File "C:\Users\SHAHEEM\OneDrive\Desktop\IMPORTANT\BRO\WEEK24\KAAIZEN\Backend\env\Lib\site-packages\django\db\models\fields\__init__.py", line 2750, in get_prep_value
    return self.to_python(value)
           ^^^^^^^^^^^^^^^^^^^^^
  File "C:\Users\SHAHEEM\OneDrive\Desktop\IMPORTANT\BRO\WEEK24\KAAIZEN\Backend\env\Lib\site-packages\django\db\models\fields\__init__.py", line 2768, in to_python
    raise exceptions.ValidationError(
django.core.exceptions.ValidationError: ['“AnonymousUser” is not a valid UUID.']
ERROR 2026-01-19 10:42:30,888 django.request Internal Server Error: /api/nutrition/meal-entries/2026-01-19/
Traceback (most recent call last):
  File "C:\Users\SHAHEEM\OneDrive\Desktop\IMPORTANT\BRO\WEEK24\KAAIZEN\Backend\env\Lib\site-packages\django\db\models\fields\__init__.py", line 2766, in to_python
    return uuid.UUID(**{input_form: value})
           ^^^^^^^^^^^^^^^^^^^^^^^^^^^^^^^^
  File "C:\Users\SHAHEEM\AppData\Local\Programs\Python\Python312\Lib\uuid.py", line 175, in __init__
    hex = hex.replace('urn:', '').replace('uuid:', '')
          ^^^^^^^^^^^
AttributeError: 'AnonymousUser' object has no attribute 'replace'

During handling of the above exception, another exception occurred:

Traceback (most recent call last):
  File "C:\Users\SHAHEEM\OneDrive\Desktop\IMPORTANT\BRO\WEEK24\KAAIZEN\Backend\env\Lib\site-packages\django\core\handlers\exception.py", line 55, in inner
    response = get_response(request)
               ^^^^^^^^^^^^^^^^^^^^^
  File "C:\Users\SHAHEEM\OneDrive\Desktop\IMPORTANT\BRO\WEEK24\KAAIZEN\Backend\env\Lib\site-packages\django\core\handlers\base.py", line 198, in _get_response
    response = wrapped_callback(request, *callback_args, **callback_kwargs)
               ^^^^^^^^^^^^^^^^^^^^^^^^^^^^^^^^^^^^^^^^^^^^^^^^^^^^^^^^^^^^
  File "C:\Users\SHAHEEM\OneDrive\Desktop\IMPORTANT\BRO\WEEK24\KAAIZEN\Backend\env\Lib\site-packages\django\views\decorators\csrf.py", line 65, in _view_wrapper
    return view_func(request, *args, **kwargs)
           ^^^^^^^^^^^^^^^^^^^^^^^^^^^^^^^^^^^
  File "C:\Users\SHAHEEM\OneDrive\Desktop\IMPORTANT\BRO\WEEK24\KAAIZEN\Backend\env\Lib\site-packages\django\views\generic\base.py", line 106, in view
    return self.dispatch(request, *args, **kwargs)
           ^^^^^^^^^^^^^^^^^^^^^^^^^^^^^^^^^^^^^^^
  File "C:\Users\SHAHEEM\OneDrive\Desktop\IMPORTANT\BRO\WEEK24\KAAIZEN\Backend\env\Lib\site-packages\rest_framework\views.py", line 515, in dispatch
    response = self.handle_exception(exc)
               ^^^^^^^^^^^^^^^^^^^^^^^^^^
  File "C:\Users\SHAHEEM\OneDrive\Desktop\IMPORTANT\BRO\WEEK24\KAAIZEN\Backend\env\Lib\site-packages\rest_framework\views.py", line 475, in handle_exception
    self.raise_uncaught_exception(exc)
  File "C:\Users\SHAHEEM\OneDrive\Desktop\IMPORTANT\BRO\WEEK24\KAAIZEN\Backend\env\Lib\site-packages\rest_framework\views.py", line 486, in raise_uncaught_exception
    raise exc
  File "C:\Users\SHAHEEM\OneDrive\Desktop\IMPORTANT\BRO\WEEK24\KAAIZEN\Backend\env\Lib\site-packages\rest_framework\views.py", line 512, in dispatch
    response = handler(request, *args, **kwargs)
               ^^^^^^^^^^^^^^^^^^^^^^^^^^^^^^^^^
  File "C:\Users\SHAHEEM\OneDrive\Desktop\IMPORTANT\BRO\WEEK24\KAAIZEN\Backend\nutrition\views.py", line 27, in get
    entries = MealEntry.objects.filter(
              ^^^^^^^^^^^^^^^^^^^^^^^^^
  File "C:\Users\SHAHEEM\OneDrive\Desktop\IMPORTANT\BRO\WEEK24\KAAIZEN\Backend\env\Lib\site-packages\django\db\models\manager.py", line 87, in manager_method
    return getattr(self.get_queryset(), name)(*args, **kwargs)
           ^^^^^^^^^^^^^^^^^^^^^^^^^^^^^^^^^^^^^^^^^^^^^^^^^^^
  File "C:\Users\SHAHEEM\OneDrive\Desktop\IMPORTANT\BRO\WEEK24\KAAIZEN\Backend\env\Lib\site-packages\django\db\models\query.py", line 1542, in filter
    return self._filter_or_exclude(False, args, kwargs)
           ^^^^^^^^^^^^^^^^^^^^^^^^^^^^^^^^^^^^^^^^^^^^
  File "C:\Users\SHAHEEM\OneDrive\Desktop\IMPORTANT\BRO\WEEK24\KAAIZEN\Backend\env\Lib\site-packages\django\db\models\query.py", line 1560, in _filter_or_exclude
    clone._filter_or_exclude_inplace(negate, args, kwargs)
  File "C:\Users\SHAHEEM\OneDrive\Desktop\IMPORTANT\BRO\WEEK24\KAAIZEN\Backend\env\Lib\site-packages\django\db\models\query.py", line 1570, in _filter_or_exclude_inplace
    self._query.add_q(Q(*args, **kwargs))
  File "C:\Users\SHAHEEM\OneDrive\Desktop\IMPORTANT\BRO\WEEK24\KAAIZEN\Backend\env\Lib\site-packages\django\db\models\sql\query.py", line 1671, in add_q
    clause, _ = self._add_q(q_object, can_reuse)
                ^^^^^^^^^^^^^^^^^^^^^^^^^^^^^^^^
  File "C:\Users\SHAHEEM\OneDrive\Desktop\IMPORTANT\BRO\WEEK24\KAAIZEN\Backend\env\Lib\site-packages\django\db\models\sql\query.py", line 1703, in _add_q
    child_clause, needed_inner = self.build_filter(
                                 ^^^^^^^^^^^^^^^^^^
  File "C:\Users\SHAHEEM\OneDrive\Desktop\IMPORTANT\BRO\WEEK24\KAAIZEN\Backend\env\Lib\site-packages\django\db\models\sql\query.py", line 1613, in build_filter
    condition = self.build_lookup(lookups, col, value)
                ^^^^^^^^^^^^^^^^^^^^^^^^^^^^^^^^^^^^^^
  File "C:\Users\SHAHEEM\OneDrive\Desktop\IMPORTANT\BRO\WEEK24\KAAIZEN\Backend\env\Lib\site-packages\django\db\models\sql\query.py", line 1440, in build_lookup
    lookup = lookup_class(lhs, rhs)
             ^^^^^^^^^^^^^^^^^^^^^^
  File "C:\Users\SHAHEEM\OneDrive\Desktop\IMPORTANT\BRO\WEEK24\KAAIZEN\Backend\env\Lib\site-packages\django\db\models\lookups.py", line 35, in __init__
    self.rhs = self.get_prep_lookup()
               ^^^^^^^^^^^^^^^^^^^^^^
  File "C:\Users\SHAHEEM\OneDrive\Desktop\IMPORTANT\BRO\WEEK24\KAAIZEN\Backend\env\Lib\site-packages\django\db\models\fields\related_lookups.py", line 113, in get_prep_lookup
    self.rhs = target_field.get_prep_value(self.rhs)
               ^^^^^^^^^^^^^^^^^^^^^^^^^^^^^^^^^^^^^
  File "C:\Users\SHAHEEM\OneDrive\Desktop\IMPORTANT\BRO\WEEK24\KAAIZEN\Backend\env\Lib\site-packages\django\db\models\fields\__init__.py", line 2750, in get_prep_value
    return self.to_python(value)
           ^^^^^^^^^^^^^^^^^^^^^
  File "C:\Users\SHAHEEM\OneDrive\Desktop\IMPORTANT\BRO\WEEK24\KAAIZEN\Backend\env\Lib\site-packages\django\db\models\fields\__init__.py", line 2768, in to_python
    raise exceptions.ValidationError(
django.core.exceptions.ValidationError: ['“AnonymousUser” is not a valid UUID.']
ERROR 2026-01-19 10:42:30,903 django.request Internal Server Error: /api/nutrition/daily-summary/2026-01-19/
Traceback (most recent call last):
  File "C:\Users\SHAHEEM\OneDrive\Desktop\IMPORTANT\BRO\WEEK24\KAAIZEN\Backend\env\Lib\site-packages\django\db\models\fields\__init__.py", line 2766, in to_python
    return uuid.UUID(**{input_form: value})
           ^^^^^^^^^^^^^^^^^^^^^^^^^^^^^^^^
  File "C:\Users\SHAHEEM\AppData\Local\Programs\Python\Python312\Lib\uuid.py", line 175, in __init__
    hex = hex.replace('urn:', '').replace('uuid:', '')
          ^^^^^^^^^^^
AttributeError: 'AnonymousUser' object has no attribute 'replace'

During handling of the above exception, another exception occurred:

Traceback (most recent call last):
  File "C:\Users\SHAHEEM\OneDrive\Desktop\IMPORTANT\BRO\WEEK24\KAAIZEN\Backend\env\Lib\site-packages\django\core\handlers\exception.py", line 55, in inner
    response = get_response(request)
               ^^^^^^^^^^^^^^^^^^^^^
  File "C:\Users\SHAHEEM\OneDrive\Desktop\IMPORTANT\BRO\WEEK24\KAAIZEN\Backend\env\Lib\site-packages\django\core\handlers\base.py", line 198, in _get_response
    response = wrapped_callback(request, *callback_args, **callback_kwargs)
               ^^^^^^^^^^^^^^^^^^^^^^^^^^^^^^^^^^^^^^^^^^^^^^^^^^^^^^^^^^^^
  File "C:\Users\SHAHEEM\OneDrive\Desktop\IMPORTANT\BRO\WEEK24\KAAIZEN\Backend\env\Lib\site-packages\django\views\decorators\csrf.py", line 65, in _view_wrapper
    return view_func(request, *args, **kwargs)
           ^^^^^^^^^^^^^^^^^^^^^^^^^^^^^^^^^^^
  File "C:\Users\SHAHEEM\OneDrive\Desktop\IMPORTANT\BRO\WEEK24\KAAIZEN\Backend\env\Lib\site-packages\django\views\generic\base.py", line 106, in view
    return self.dispatch(request, *args, **kwargs)
           ^^^^^^^^^^^^^^^^^^^^^^^^^^^^^^^^^^^^^^^
  File "C:\Users\SHAHEEM\OneDrive\Desktop\IMPORTANT\BRO\WEEK24\KAAIZEN\Backend\env\Lib\site-packages\rest_framework\views.py", line 515, in dispatch
    response = self.handle_exception(exc)
               ^^^^^^^^^^^^^^^^^^^^^^^^^^
  File "C:\Users\SHAHEEM\OneDrive\Desktop\IMPORTANT\BRO\WEEK24\KAAIZEN\Backend\env\Lib\site-packages\rest_framework\views.py", line 475, in handle_exception
    self.raise_uncaught_exception(exc)
  File "C:\Users\SHAHEEM\OneDrive\Desktop\IMPORTANT\BRO\WEEK24\KAAIZEN\Backend\env\Lib\site-packages\rest_framework\views.py", line 486, in raise_uncaught_exception
    raise exc
  File "C:\Users\SHAHEEM\OneDrive\Desktop\IMPORTANT\BRO\WEEK24\KAAIZEN\Backend\env\Lib\site-packages\rest_framework\views.py", line 512, in dispatch
    response = handler(request, *args, **kwargs)
               ^^^^^^^^^^^^^^^^^^^^^^^^^^^^^^^^^
  File "C:\Users\SHAHEEM\OneDrive\Desktop\IMPORTANT\BRO\WEEK24\KAAIZEN\Backend\nutrition\views.py", line 38, in get
    entries = MealEntry.objects.filter(
              ^^^^^^^^^^^^^^^^^^^^^^^^^
  File "C:\Users\SHAHEEM\OneDrive\Desktop\IMPORTANT\BRO\WEEK24\KAAIZEN\Backend\env\Lib\site-packages\django\db\models\manager.py", line 87, in manager_method
    return getattr(self.get_queryset(), name)(*args, **kwargs)
           ^^^^^^^^^^^^^^^^^^^^^^^^^^^^^^^^^^^^^^^^^^^^^^^^^^^
  File "C:\Users\SHAHEEM\OneDrive\Desktop\IMPORTANT\BRO\WEEK24\KAAIZEN\Backend\env\Lib\site-packages\django\db\models\query.py", line 1542, in filter
    return self._filter_or_exclude(False, args, kwargs)
           ^^^^^^^^^^^^^^^^^^^^^^^^^^^^^^^^^^^^^^^^^^^^
  File "C:\Users\SHAHEEM\OneDrive\Desktop\IMPORTANT\BRO\WEEK24\KAAIZEN\Backend\env\Lib\site-packages\django\db\models\query.py", line 1560, in _filter_or_exclude
    clone._filter_or_exclude_inplace(negate, args, kwargs)
  File "C:\Users\SHAHEEM\OneDrive\Desktop\IMPORTANT\BRO\WEEK24\KAAIZEN\Backend\env\Lib\site-packages\django\db\models\query.py", line 1570, in _filter_or_exclude_inplace
    self._query.add_q(Q(*args, **kwargs))
  File "C:\Users\SHAHEEM\OneDrive\Desktop\IMPORTANT\BRO\WEEK24\KAAIZEN\Backend\env\Lib\site-packages\django\db\models\sql\query.py", line 1671, in add_q
    clause, _ = self._add_q(q_object, can_reuse)
                ^^^^^^^^^^^^^^^^^^^^^^^^^^^^^^^^
  File "C:\Users\SHAHEEM\OneDrive\Desktop\IMPORTANT\BRO\WEEK24\KAAIZEN\Backend\env\Lib\site-packages\django\db\models\sql\query.py", line 1703, in _add_q
    child_clause, needed_inner = self.build_filter(
                                 ^^^^^^^^^^^^^^^^^^
  File "C:\Users\SHAHEEM\OneDrive\Desktop\IMPORTANT\BRO\WEEK24\KAAIZEN\Backend\env\Lib\site-packages\django\db\models\sql\query.py", line 1613, in build_filter
    condition = self.build_lookup(lookups, col, value)
                ^^^^^^^^^^^^^^^^^^^^^^^^^^^^^^^^^^^^^^
  File "C:\Users\SHAHEEM\OneDrive\Desktop\IMPORTANT\BRO\WEEK24\KAAIZEN\Backend\env\Lib\site-packages\django\db\models\sql\query.py", line 1440, in build_lookup
    lookup = lookup_class(lhs, rhs)
             ^^^^^^^^^^^^^^^^^^^^^^
  File "C:\Users\SHAHEEM\OneDrive\Desktop\IMPORTANT\BRO\WEEK24\KAAIZEN\Backend\env\Lib\site-packages\django\db\models\lookups.py", line 35, in __init__
    self.rhs = self.get_prep_lookup()
               ^^^^^^^^^^^^^^^^^^^^^^
  File "C:\Users\SHAHEEM\OneDrive\Desktop\IMPORTANT\BRO\WEEK24\KAAIZEN\Backend\env\Lib\site-packages\django\db\models\fields\related_lookups.py", line 113, in get_prep_lookup
    self.rhs = target_field.get_prep_value(self.rhs)
               ^^^^^^^^^^^^^^^^^^^^^^^^^^^^^^^^^^^^^
  File "C:\Users\SHAHEEM\OneDrive\Desktop\IMPORTANT\BRO\WEEK24\KAAIZEN\Backend\env\Lib\site-packages\django\db\models\fields\__init__.py", line 2750, in get_prep_value
    return self.to_python(value)
           ^^^^^^^^^^^^^^^^^^^^^
  File "C:\Users\SHAHEEM\OneDrive\Desktop\IMPORTANT\BRO\WEEK24\KAAIZEN\Backend\env\Lib\site-packages\django\db\models\fields\__init__.py", line 2768, in to_python
    raise exceptions.ValidationError(
django.core.exceptions.ValidationError: ['“AnonymousUser” is not a valid UUID.']
ERROR 2026-01-19 10:42:30,922 django.server "GET /api/nutrition/meal-entries/2026-01-19/ HTTP/1.1" 500 27333
ERROR 2026-01-19 10:42:30,922 django.server "GET /api/nutrition/meal-entries/2026-01-19/ HTTP/1.1" 500 27333
ERROR 2026-01-19 10:42:30,925 django.server "GET /api/nutrition/daily-summary/2026-01-19/ HTTP/1.1" 500 27339
ERROR 2026-01-19 10:42:30,925 django.server "GET /api/nutrition/daily-summary/2026-01-19/ HTTP/1.1" 500 27339
ERROR 2026-01-19 10:42:31,028 django.request Internal Server Error: /api/client/meal-allocations/
Traceback (most recent call last):
  File "C:\Users\SHAHEEM\OneDrive\Desktop\IMPORTANT\BRO\WEEK24\KAAIZEN\Backend\env\Lib\site-packages\django\db\models\fields\__init__.py", line 2766, in to_python
    return uuid.UUID(**{input_form: value})
           ^^^^^^^^^^^^^^^^^^^^^^^^^^^^^^^^
  File "C:\Users\SHAHEEM\AppData\Local\Programs\Python\Python312\Lib\uuid.py", line 175, in __init__
    hex = hex.replace('urn:', '').replace('uuid:', '')
          ^^^^^^^^^^^
AttributeError: 'AnonymousUser' object has no attribute 'replace'

During handling of the above exception, another exception occurred:

Traceback (most recent call last):
  File "C:\Users\SHAHEEM\OneDrive\Desktop\IMPORTANT\BRO\WEEK24\KAAIZEN\Backend\env\Lib\site-packages\django\core\handlers\exception.py", line 55, in inner
    response = get_response(request)
               ^^^^^^^^^^^^^^^^^^^^^
  File "C:\Users\SHAHEEM\OneDrive\Desktop\IMPORTANT\BRO\WEEK24\KAAIZEN\Backend\env\Lib\site-packages\django\core\handlers\base.py", line 198, in _get_response
    response = wrapped_callback(request, *callback_args, **callback_kwargs)
               ^^^^^^^^^^^^^^^^^^^^^^^^^^^^^^^^^^^^^^^^^^^^^^^^^^^^^^^^^^^^
  File "C:\Users\SHAHEEM\OneDrive\Desktop\IMPORTANT\BRO\WEEK24\KAAIZEN\Backend\env\Lib\site-packages\django\views\decorators\csrf.py", line 65, in _view_wrapper
    return view_func(request, *args, **kwargs)
           ^^^^^^^^^^^^^^^^^^^^^^^^^^^^^^^^^^^
  File "C:\Users\SHAHEEM\OneDrive\Desktop\IMPORTANT\BRO\WEEK24\KAAIZEN\Backend\env\Lib\site-packages\django\views\generic\base.py", line 106, in view
    return self.dispatch(request, *args, **kwargs)
           ^^^^^^^^^^^^^^^^^^^^^^^^^^^^^^^^^^^^^^^
  File "C:\Users\SHAHEEM\OneDrive\Desktop\IMPORTANT\BRO\WEEK24\KAAIZEN\Backend\env\Lib\site-packages\rest_framework\views.py", line 515, in dispatch
    response = self.handle_exception(exc)
               ^^^^^^^^^^^^^^^^^^^^^^^^^^
  File "C:\Users\SHAHEEM\OneDrive\Desktop\IMPORTANT\BRO\WEEK24\KAAIZEN\Backend\env\Lib\site-packages\rest_framework\views.py", line 475, in handle_exception
    self.raise_uncaught_exception(exc)
  File "C:\Users\SHAHEEM\OneDrive\Desktop\IMPORTANT\BRO\WEEK24\KAAIZEN\Backend\env\Lib\site-packages\rest_framework\views.py", line 486, in raise_uncaught_exception
    raise exc
  File "C:\Users\SHAHEEM\OneDrive\Desktop\IMPORTANT\BRO\WEEK24\KAAIZEN\Backend\env\Lib\site-packages\rest_framework\views.py", line 512, in dispatch
    response = handler(request, *args, **kwargs)
               ^^^^^^^^^^^^^^^^^^^^^^^^^^^^^^^^^
  File "C:\Users\SHAHEEM\OneDrive\Desktop\IMPORTANT\BRO\WEEK24\KAAIZEN\Backend\clients\views.py", line 72, in get
    profile = ClientProfile.objects.filter(user=request.user).first()
              ^^^^^^^^^^^^^^^^^^^^^^^^^^^^^^^^^^^^^^^^^^^^^^^
  File "C:\Users\SHAHEEM\OneDrive\Desktop\IMPORTANT\BRO\WEEK24\KAAIZEN\Backend\env\Lib\site-packages\django\db\models\manager.py", line 87, in manager_method
    return getattr(self.get_queryset(), name)(*args, **kwargs)
           ^^^^^^^^^^^^^^^^^^^^^^^^^^^^^^^^^^^^^^^^^^^^^^^^^^^
  File "C:\Users\SHAHEEM\OneDrive\Desktop\IMPORTANT\BRO\WEEK24\KAAIZEN\Backend\env\Lib\site-packages\django\db\models\query.py", line 1542, in filter
    return self._filter_or_exclude(False, args, kwargs)
           ^^^^^^^^^^^^^^^^^^^^^^^^^^^^^^^^^^^^^^^^^^^^
  File "C:\Users\SHAHEEM\OneDrive\Desktop\IMPORTANT\BRO\WEEK24\KAAIZEN\Backend\env\Lib\site-packages\django\db\models\query.py", line 1560, in _filter_or_exclude
    clone._filter_or_exclude_inplace(negate, args, kwargs)
  File "C:\Users\SHAHEEM\OneDrive\Desktop\IMPORTANT\BRO\WEEK24\KAAIZEN\Backend\env\Lib\site-packages\django\db\models\query.py", line 1570, in _filter_or_exclude_inplace
    self._query.add_q(Q(*args, **kwargs))
  File "C:\Users\SHAHEEM\OneDrive\Desktop\IMPORTANT\BRO\WEEK24\KAAIZEN\Backend\env\Lib\site-packages\django\db\models\sql\query.py", line 1671, in add_q
    clause, _ = self._add_q(q_object, can_reuse)
                ^^^^^^^^^^^^^^^^^^^^^^^^^^^^^^^^
  File "C:\Users\SHAHEEM\OneDrive\Desktop\IMPORTANT\BRO\WEEK24\KAAIZEN\Backend\env\Lib\site-packages\django\db\models\sql\query.py", line 1703, in _add_q
    child_clause, needed_inner = self.build_filter(
                                 ^^^^^^^^^^^^^^^^^^
  File "C:\Users\SHAHEEM\OneDrive\Desktop\IMPORTANT\BRO\WEEK24\KAAIZEN\Backend\env\Lib\site-packages\django\db\models\sql\query.py", line 1613, in build_filter
    condition = self.build_lookup(lookups, col, value)
                ^^^^^^^^^^^^^^^^^^^^^^^^^^^^^^^^^^^^^^
  File "C:\Users\SHAHEEM\OneDrive\Desktop\IMPORTANT\BRO\WEEK24\KAAIZEN\Backend\env\Lib\site-packages\django\db\models\sql\query.py", line 1440, in build_lookup
    lookup = lookup_class(lhs, rhs)
             ^^^^^^^^^^^^^^^^^^^^^^
  File "C:\Users\SHAHEEM\OneDrive\Desktop\IMPORTANT\BRO\WEEK24\KAAIZEN\Backend\env\Lib\site-packages\django\db\models\lookups.py", line 35, in __init__
    self.rhs = self.get_prep_lookup()
               ^^^^^^^^^^^^^^^^^^^^^^
  File "C:\Users\SHAHEEM\OneDrive\Desktop\IMPORTANT\BRO\WEEK24\KAAIZEN\Backend\env\Lib\site-packages\django\db\models\fields\related_lookups.py", line 113, in get_prep_lookup
    self.rhs = target_field.get_prep_value(self.rhs)
               ^^^^^^^^^^^^^^^^^^^^^^^^^^^^^^^^^^^^^
  File "C:\Users\SHAHEEM\OneDrive\Desktop\IMPORTANT\BRO\WEEK24\KAAIZEN\Backend\env\Lib\site-packages\django\db\models\fields\__init__.py", line 2750, in get_prep_value
    return self.to_python(value)
           ^^^^^^^^^^^^^^^^^^^^^
  File "C:\Users\SHAHEEM\OneDrive\Desktop\IMPORTANT\BRO\WEEK24\KAAIZEN\Backend\env\Lib\site-packages\django\db\models\fields\__init__.py", line 2768, in to_python
    raise exceptions.ValidationError(
django.core.exceptions.ValidationError: ['“AnonymousUser” is not a valid UUID.']
ERROR 2026-01-19 10:42:31,030 django.request Internal Server Error: /api/client/me/profile/
Traceback (most recent call last):
  File "C:\Users\SHAHEEM\OneDrive\Desktop\IMPORTANT\BRO\WEEK24\KAAIZEN\Backend\env\Lib\site-packages\django\db\models\fields\__init__.py", line 2766, in to_python
    return uuid.UUID(**{input_form: value})
           ^^^^^^^^^^^^^^^^^^^^^^^^^^^^^^^^
  File "C:\Users\SHAHEEM\AppData\Local\Programs\Python\Python312\Lib\uuid.py", line 175, in __init__
    hex = hex.replace('urn:', '').replace('uuid:', '')
          ^^^^^^^^^^^
AttributeError: 'AnonymousUser' object has no attribute 'replace'

During handling of the above exception, another exception occurred:

Traceback (most recent call last):
  File "C:\Users\SHAHEEM\OneDrive\Desktop\IMPORTANT\BRO\WEEK24\KAAIZEN\Backend\env\Lib\site-packages\django\core\handlers\exception.py", line 55, in inner
    response = get_response(request)
               ^^^^^^^^^^^^^^^^^^^^^
  File "C:\Users\SHAHEEM\OneDrive\Desktop\IMPORTANT\BRO\WEEK24\KAAIZEN\Backend\env\Lib\site-packages\django\core\handlers\base.py", line 198, in _get_response
    response = wrapped_callback(request, *callback_args, **callback_kwargs)
               ^^^^^^^^^^^^^^^^^^^^^^^^^^^^^^^^^^^^^^^^^^^^^^^^^^^^^^^^^^^^
  File "C:\Users\SHAHEEM\OneDrive\Desktop\IMPORTANT\BRO\WEEK24\KAAIZEN\Backend\env\Lib\site-packages\django\views\decorators\csrf.py", line 65, in _view_wrapper
    return view_func(request, *args, **kwargs)
           ^^^^^^^^^^^^^^^^^^^^^^^^^^^^^^^^^^^
  File "C:\Users\SHAHEEM\OneDrive\Desktop\IMPORTANT\BRO\WEEK24\KAAIZEN\Backend\env\Lib\site-packages\django\views\generic\base.py", line 106, in view
    return self.dispatch(request, *args, **kwargs)
           ^^^^^^^^^^^^^^^^^^^^^^^^^^^^^^^^^^^^^^^
  File "C:\Users\SHAHEEM\OneDrive\Desktop\IMPORTANT\BRO\WEEK24\KAAIZEN\Backend\env\Lib\site-packages\rest_framework\views.py", line 515, in dispatch
    response = self.handle_exception(exc)
               ^^^^^^^^^^^^^^^^^^^^^^^^^^
  File "C:\Users\SHAHEEM\OneDrive\Desktop\IMPORTANT\BRO\WEEK24\KAAIZEN\Backend\env\Lib\site-packages\rest_framework\views.py", line 475, in handle_exception
    self.raise_uncaught_exception(exc)
  File "C:\Users\SHAHEEM\OneDrive\Desktop\IMPORTANT\BRO\WEEK24\KAAIZEN\Backend\env\Lib\site-packages\rest_framework\views.py", line 486, in raise_uncaught_exception
    raise exc
  File "C:\Users\SHAHEEM\OneDrive\Desktop\IMPORTANT\BRO\WEEK24\KAAIZEN\Backend\env\Lib\site-packages\rest_framework\views.py", line 512, in dispatch
    response = handler(request, *args, **kwargs)
               ^^^^^^^^^^^^^^^^^^^^^^^^^^^^^^^^^
  File "C:\Users\SHAHEEM\OneDrive\Desktop\IMPORTANT\BRO\WEEK24\KAAIZEN\Backend\clients\views.py", line 22, in get
    profile = self.get_profile(request.user)
              ^^^^^^^^^^^^^^^^^^^^^^^^^^^^^^
  File "C:\Users\SHAHEEM\OneDrive\Desktop\IMPORTANT\BRO\WEEK24\KAAIZEN\Backend\clients\views.py", line 19, in get_profile
    return ClientProfile.objects.filter(user=user).first()
           ^^^^^^^^^^^^^^^^^^^^^^^^^^^^^^^^^^^^^^^
  File "C:\Users\SHAHEEM\OneDrive\Desktop\IMPORTANT\BRO\WEEK24\KAAIZEN\Backend\env\Lib\site-packages\django\db\models\manager.py", line 87, in manager_method
    return getattr(self.get_queryset(), name)(*args, **kwargs)
           ^^^^^^^^^^^^^^^^^^^^^^^^^^^^^^^^^^^^^^^^^^^^^^^^^^^
  File "C:\Users\SHAHEEM\OneDrive\Desktop\IMPORTANT\BRO\WEEK24\KAAIZEN\Backend\env\Lib\site-packages\django\db\models\query.py", line 1542, in filter
    return self._filter_or_exclude(False, args, kwargs)
           ^^^^^^^^^^^^^^^^^^^^^^^^^^^^^^^^^^^^^^^^^^^^
  File "C:\Users\SHAHEEM\OneDrive\Desktop\IMPORTANT\BRO\WEEK24\KAAIZEN\Backend\env\Lib\site-packages\django\db\models\query.py", line 1560, in _filter_or_exclude
    clone._filter_or_exclude_inplace(negate, args, kwargs)
  File "C:\Users\SHAHEEM\OneDrive\Desktop\IMPORTANT\BRO\WEEK24\KAAIZEN\Backend\env\Lib\site-packages\django\db\models\query.py", line 1570, in _filter_or_exclude_inplace
    self._query.add_q(Q(*args, **kwargs))
  File "C:\Users\SHAHEEM\OneDrive\Desktop\IMPORTANT\BRO\WEEK24\KAAIZEN\Backend\env\Lib\site-packages\django\db\models\sql\query.py", line 1671, in add_q
    clause, _ = self._add_q(q_object, can_reuse)
                ^^^^^^^^^^^^^^^^^^^^^^^^^^^^^^^^
  File "C:\Users\SHAHEEM\OneDrive\Desktop\IMPORTANT\BRO\WEEK24\KAAIZEN\Backend\env\Lib\site-packages\django\db\models\sql\query.py", line 1703, in _add_q
    child_clause, needed_inner = self.build_filter(
                                 ^^^^^^^^^^^^^^^^^^
  File "C:\Users\SHAHEEM\OneDrive\Desktop\IMPORTANT\BRO\WEEK24\KAAIZEN\Backend\env\Lib\site-packages\django\db\models\sql\query.py", line 1613, in build_filter
    condition = self.build_lookup(lookups, col, value)
                ^^^^^^^^^^^^^^^^^^^^^^^^^^^^^^^^^^^^^^
  File "C:\Users\SHAHEEM\OneDrive\Desktop\IMPORTANT\BRO\WEEK24\KAAIZEN\Backend\env\Lib\site-packages\django\db\models\sql\query.py", line 1440, in build_lookup
    lookup = lookup_class(lhs, rhs)
             ^^^^^^^^^^^^^^^^^^^^^^
  File "C:\Users\SHAHEEM\OneDrive\Desktop\IMPORTANT\BRO\WEEK24\KAAIZEN\Backend\env\Lib\site-packages\django\db\models\lookups.py", line 35, in __init__
    self.rhs = self.get_prep_lookup()
               ^^^^^^^^^^^^^^^^^^^^^^
  File "C:\Users\SHAHEEM\OneDrive\Desktop\IMPORTANT\BRO\WEEK24\KAAIZEN\Backend\env\Lib\site-packages\django\db\models\fields\related_lookups.py", line 113, in get_prep_lookup
    self.rhs = target_field.get_prep_value(self.rhs)
               ^^^^^^^^^^^^^^^^^^^^^^^^^^^^^^^^^^^^^
  File "C:\Users\SHAHEEM\OneDrive\Desktop\IMPORTANT\BRO\WEEK24\KAAIZEN\Backend\env\Lib\site-packages\django\db\models\fields\__init__.py", line 2750, in get_prep_value
    return self.to_python(value)
           ^^^^^^^^^^^^^^^^^^^^^
  File "C:\Users\SHAHEEM\OneDrive\Desktop\IMPORTANT\BRO\WEEK24\KAAIZEN\Backend\env\Lib\site-packages\django\db\models\fields\__init__.py", line 2768, in to_python
    raise exceptions.ValidationError(
django.core.exceptions.ValidationError: ['“AnonymousUser” is not a valid UUID.']
ERROR 2026-01-19 10:42:31,028 django.request Internal Server Error: /api/client/meal-allocations/
Traceback (most recent call last):
  File "C:\Users\SHAHEEM\OneDrive\Desktop\IMPORTANT\BRO\WEEK24\KAAIZEN\Backend\env\Lib\site-packages\django\db\models\fields\__init__.py", line 2766, in to_python
    return uuid.UUID(**{input_form: value})
           ^^^^^^^^^^^^^^^^^^^^^^^^^^^^^^^^
  File "C:\Users\SHAHEEM\AppData\Local\Programs\Python\Python312\Lib\uuid.py", line 175, in __init__
    hex = hex.replace('urn:', '').replace('uuid:', '')
          ^^^^^^^^^^^
AttributeError: 'AnonymousUser' object has no attribute 'replace'

During handling of the above exception, another exception occurred:

Traceback (most recent call last):
  File "C:\Users\SHAHEEM\OneDrive\Desktop\IMPORTANT\BRO\WEEK24\KAAIZEN\Backend\env\Lib\site-packages\django\core\handlers\exception.py", line 55, in inner
    response = get_response(request)
               ^^^^^^^^^^^^^^^^^^^^^
  File "C:\Users\SHAHEEM\OneDrive\Desktop\IMPORTANT\BRO\WEEK24\KAAIZEN\Backend\env\Lib\site-packages\django\core\handlers\base.py", line 198, in _get_response
    response = wrapped_callback(request, *callback_args, **callback_kwargs)
               ^^^^^^^^^^^^^^^^^^^^^^^^^^^^^^^^^^^^^^^^^^^^^^^^^^^^^^^^^^^^
  File "C:\Users\SHAHEEM\OneDrive\Desktop\IMPORTANT\BRO\WEEK24\KAAIZEN\Backend\env\Lib\site-packages\django\views\decorators\csrf.py", line 65, in _view_wrapper
    return view_func(request, *args, **kwargs)
           ^^^^^^^^^^^^^^^^^^^^^^^^^^^^^^^^^^^
  File "C:\Users\SHAHEEM\OneDrive\Desktop\IMPORTANT\BRO\WEEK24\KAAIZEN\Backend\env\Lib\site-packages\django\views\generic\base.py", line 106, in view
    return self.dispatch(request, *args, **kwargs)
           ^^^^^^^^^^^^^^^^^^^^^^^^^^^^^^^^^^^^^^^
  File "C:\Users\SHAHEEM\OneDrive\Desktop\IMPORTANT\BRO\WEEK24\KAAIZEN\Backend\env\Lib\site-packages\rest_framework\views.py", line 515, in dispatch
    response = self.handle_exception(exc)
               ^^^^^^^^^^^^^^^^^^^^^^^^^^
  File "C:\Users\SHAHEEM\OneDrive\Desktop\IMPORTANT\BRO\WEEK24\KAAIZEN\Backend\env\Lib\site-packages\rest_framework\views.py", line 475, in handle_exception
    self.raise_uncaught_exception(exc)
  File "C:\Users\SHAHEEM\OneDrive\Desktop\IMPORTANT\BRO\WEEK24\KAAIZEN\Backend\env\Lib\site-packages\rest_framework\views.py", line 486, in raise_uncaught_exception
    raise exc
  File "C:\Users\SHAHEEM\OneDrive\Desktop\IMPORTANT\BRO\WEEK24\KAAIZEN\Backend\env\Lib\site-packages\rest_framework\views.py", line 512, in dispatch
    response = handler(request, *args, **kwargs)
               ^^^^^^^^^^^^^^^^^^^^^^^^^^^^^^^^^
  File "C:\Users\SHAHEEM\OneDrive\Desktop\IMPORTANT\BRO\WEEK24\KAAIZEN\Backend\clients\views.py", line 72, in get
    profile = ClientProfile.objects.filter(user=request.user).first()
              ^^^^^^^^^^^^^^^^^^^^^^^^^^^^^^^^^^^^^^^^^^^^^^^
  File "C:\Users\SHAHEEM\OneDrive\Desktop\IMPORTANT\BRO\WEEK24\KAAIZEN\Backend\env\Lib\site-packages\django\db\models\manager.py", line 87, in manager_method
    return getattr(self.get_queryset(), name)(*args, **kwargs)
           ^^^^^^^^^^^^^^^^^^^^^^^^^^^^^^^^^^^^^^^^^^^^^^^^^^^
  File "C:\Users\SHAHEEM\OneDrive\Desktop\IMPORTANT\BRO\WEEK24\KAAIZEN\Backend\env\Lib\site-packages\django\db\models\query.py", line 1542, in filter
    return self._filter_or_exclude(False, args, kwargs)
           ^^^^^^^^^^^^^^^^^^^^^^^^^^^^^^^^^^^^^^^^^^^^
  File "C:\Users\SHAHEEM\OneDrive\Desktop\IMPORTANT\BRO\WEEK24\KAAIZEN\Backend\env\Lib\site-packages\django\db\models\query.py", line 1560, in _filter_or_exclude
    clone._filter_or_exclude_inplace(negate, args, kwargs)
  File "C:\Users\SHAHEEM\OneDrive\Desktop\IMPORTANT\BRO\WEEK24\KAAIZEN\Backend\env\Lib\site-packages\django\db\models\query.py", line 1570, in _filter_or_exclude_inplace
    self._query.add_q(Q(*args, **kwargs))
  File "C:\Users\SHAHEEM\OneDrive\Desktop\IMPORTANT\BRO\WEEK24\KAAIZEN\Backend\env\Lib\site-packages\django\db\models\sql\query.py", line 1671, in add_q
    clause, _ = self._add_q(q_object, can_reuse)
                ^^^^^^^^^^^^^^^^^^^^^^^^^^^^^^^^
  File "C:\Users\SHAHEEM\OneDrive\Desktop\IMPORTANT\BRO\WEEK24\KAAIZEN\Backend\env\Lib\site-packages\django\db\models\sql\query.py", line 1703, in _add_q
    child_clause, needed_inner = self.build_filter(
                                 ^^^^^^^^^^^^^^^^^^
  File "C:\Users\SHAHEEM\OneDrive\Desktop\IMPORTANT\BRO\WEEK24\KAAIZEN\Backend\env\Lib\site-packages\django\db\models\sql\query.py", line 1613, in build_filter
    condition = self.build_lookup(lookups, col, value)
                ^^^^^^^^^^^^^^^^^^^^^^^^^^^^^^^^^^^^^^
  File "C:\Users\SHAHEEM\OneDrive\Desktop\IMPORTANT\BRO\WEEK24\KAAIZEN\Backend\env\Lib\site-packages\django\db\models\sql\query.py", line 1440, in build_lookup
    lookup = lookup_class(lhs, rhs)
             ^^^^^^^^^^^^^^^^^^^^^^
  File "C:\Users\SHAHEEM\OneDrive\Desktop\IMPORTANT\BRO\WEEK24\KAAIZEN\Backend\env\Lib\site-packages\django\db\models\lookups.py", line 35, in __init__
    self.rhs = self.get_prep_lookup()
               ^^^^^^^^^^^^^^^^^^^^^^
  File "C:\Users\SHAHEEM\OneDrive\Desktop\IMPORTANT\BRO\WEEK24\KAAIZEN\Backend\env\Lib\site-packages\django\db\models\fields\related_lookups.py", line 113, in get_prep_lookup
    self.rhs = target_field.get_prep_value(self.rhs)
               ^^^^^^^^^^^^^^^^^^^^^^^^^^^^^^^^^^^^^
  File "C:\Users\SHAHEEM\OneDrive\Desktop\IMPORTANT\BRO\WEEK24\KAAIZEN\Backend\env\Lib\site-packages\django\db\models\fields\__init__.py", line 2750, in get_prep_value
    return self.to_python(value)
           ^^^^^^^^^^^^^^^^^^^^^
  File "C:\Users\SHAHEEM\OneDrive\Desktop\IMPORTANT\BRO\WEEK24\KAAIZEN\Backend\env\Lib\site-packages\django\db\models\fields\__init__.py", line 2768, in to_python
    raise exceptions.ValidationError(
django.core.exceptions.ValidationError: ['“AnonymousUser” is not a valid UUID.']
ERROR 2026-01-19 10:42:31,030 django.request Internal Server Error: /api/client/me/profile/
Traceback (most recent call last):
  File "C:\Users\SHAHEEM\OneDrive\Desktop\IMPORTANT\BRO\WEEK24\KAAIZEN\Backend\env\Lib\site-packages\django\db\models\fields\__init__.py", line 2766, in to_python
    return uuid.UUID(**{input_form: value})
           ^^^^^^^^^^^^^^^^^^^^^^^^^^^^^^^^
  File "C:\Users\SHAHEEM\AppData\Local\Programs\Python\Python312\Lib\uuid.py", line 175, in __init__
    hex = hex.replace('urn:', '').replace('uuid:', '')
          ^^^^^^^^^^^
AttributeError: 'AnonymousUser' object has no attribute 'replace'

During handling of the above exception, another exception occurred:

Traceback (most recent call last):
  File "C:\Users\SHAHEEM\OneDrive\Desktop\IMPORTANT\BRO\WEEK24\KAAIZEN\Backend\env\Lib\site-packages\django\core\handlers\exception.py", line 55, in inner
    response = get_response(request)
               ^^^^^^^^^^^^^^^^^^^^^
  File "C:\Users\SHAHEEM\OneDrive\Desktop\IMPORTANT\BRO\WEEK24\KAAIZEN\Backend\env\Lib\site-packages\django\core\handlers\base.py", line 198, in _get_response
    response = wrapped_callback(request, *callback_args, **callback_kwargs)
               ^^^^^^^^^^^^^^^^^^^^^^^^^^^^^^^^^^^^^^^^^^^^^^^^^^^^^^^^^^^^
  File "C:\Users\SHAHEEM\OneDrive\Desktop\IMPORTANT\BRO\WEEK24\KAAIZEN\Backend\env\Lib\site-packages\django\views\decorators\csrf.py", line 65, in _view_wrapper
    return view_func(request, *args, **kwargs)
           ^^^^^^^^^^^^^^^^^^^^^^^^^^^^^^^^^^^
  File "C:\Users\SHAHEEM\OneDrive\Desktop\IMPORTANT\BRO\WEEK24\KAAIZEN\Backend\env\Lib\site-packages\django\views\generic\base.py", line 106, in view
    return self.dispatch(request, *args, **kwargs)
           ^^^^^^^^^^^^^^^^^^^^^^^^^^^^^^^^^^^^^^^
  File "C:\Users\SHAHEEM\OneDrive\Desktop\IMPORTANT\BRO\WEEK24\KAAIZEN\Backend\env\Lib\site-packages\rest_framework\views.py", line 515, in dispatch
    response = self.handle_exception(exc)
               ^^^^^^^^^^^^^^^^^^^^^^^^^^
  File "C:\Users\SHAHEEM\OneDrive\Desktop\IMPORTANT\BRO\WEEK24\KAAIZEN\Backend\env\Lib\site-packages\rest_framework\views.py", line 475, in handle_exception
    self.raise_uncaught_exception(exc)
  File "C:\Users\SHAHEEM\OneDrive\Desktop\IMPORTANT\BRO\WEEK24\KAAIZEN\Backend\env\Lib\site-packages\rest_framework\views.py", line 486, in raise_uncaught_exception
    raise exc
  File "C:\Users\SHAHEEM\OneDrive\Desktop\IMPORTANT\BRO\WEEK24\KAAIZEN\Backend\env\Lib\site-packages\rest_framework\views.py", line 512, in dispatch
    response = handler(request, *args, **kwargs)
               ^^^^^^^^^^^^^^^^^^^^^^^^^^^^^^^^^
  File "C:\Users\SHAHEEM\OneDrive\Desktop\IMPORTANT\BRO\WEEK24\KAAIZEN\Backend\clients\views.py", line 22, in get
    profile = self.get_profile(request.user)
              ^^^^^^^^^^^^^^^^^^^^^^^^^^^^^^
  File "C:\Users\SHAHEEM\OneDrive\Desktop\IMPORTANT\BRO\WEEK24\KAAIZEN\Backend\clients\views.py", line 19, in get_profile
    return ClientProfile.objects.filter(user=user).first()
           ^^^^^^^^^^^^^^^^^^^^^^^^^^^^^^^^^^^^^^^
  File "C:\Users\SHAHEEM\OneDrive\Desktop\IMPORTANT\BRO\WEEK24\KAAIZEN\Backend\env\Lib\site-packages\django\db\models\manager.py", line 87, in manager_method
    return getattr(self.get_queryset(), name)(*args, **kwargs)
           ^^^^^^^^^^^^^^^^^^^^^^^^^^^^^^^^^^^^^^^^^^^^^^^^^^^
  File "C:\Users\SHAHEEM\OneDrive\Desktop\IMPORTANT\BRO\WEEK24\KAAIZEN\Backend\env\Lib\site-packages\django\db\models\query.py", line 1542, in filter
    return self._filter_or_exclude(False, args, kwargs)
           ^^^^^^^^^^^^^^^^^^^^^^^^^^^^^^^^^^^^^^^^^^^^
  File "C:\Users\SHAHEEM\OneDrive\Desktop\IMPORTANT\BRO\WEEK24\KAAIZEN\Backend\env\Lib\site-packages\django\db\models\query.py", line 1560, in _filter_or_exclude
    clone._filter_or_exclude_inplace(negate, args, kwargs)
  File "C:\Users\SHAHEEM\OneDrive\Desktop\IMPORTANT\BRO\WEEK24\KAAIZEN\Backend\env\Lib\site-packages\django\db\models\query.py", line 1570, in _filter_or_exclude_inplace
    self._query.add_q(Q(*args, **kwargs))
  File "C:\Users\SHAHEEM\OneDrive\Desktop\IMPORTANT\BRO\WEEK24\KAAIZEN\Backend\env\Lib\site-packages\django\db\models\sql\query.py", line 1671, in add_q
    clause, _ = self._add_q(q_object, can_reuse)
                ^^^^^^^^^^^^^^^^^^^^^^^^^^^^^^^^
  File "C:\Users\SHAHEEM\OneDrive\Desktop\IMPORTANT\BRO\WEEK24\KAAIZEN\Backend\env\Lib\site-packages\django\db\models\sql\query.py", line 1703, in _add_q
    child_clause, needed_inner = self.build_filter(
                                 ^^^^^^^^^^^^^^^^^^
  File "C:\Users\SHAHEEM\OneDrive\Desktop\IMPORTANT\BRO\WEEK24\KAAIZEN\Backend\env\Lib\site-packages\django\db\models\sql\query.py", line 1613, in build_filter
    condition = self.build_lookup(lookups, col, value)
                ^^^^^^^^^^^^^^^^^^^^^^^^^^^^^^^^^^^^^^
  File "C:\Users\SHAHEEM\OneDrive\Desktop\IMPORTANT\BRO\WEEK24\KAAIZEN\Backend\env\Lib\site-packages\django\db\models\sql\query.py", line 1440, in build_lookup
    lookup = lookup_class(lhs, rhs)
             ^^^^^^^^^^^^^^^^^^^^^^
  File "C:\Users\SHAHEEM\OneDrive\Desktop\IMPORTANT\BRO\WEEK24\KAAIZEN\Backend\env\Lib\site-packages\django\db\models\lookups.py", line 35, in __init__
    self.rhs = self.get_prep_lookup()
               ^^^^^^^^^^^^^^^^^^^^^^
  File "C:\Users\SHAHEEM\OneDrive\Desktop\IMPORTANT\BRO\WEEK24\KAAIZEN\Backend\env\Lib\site-packages\django\db\models\fields\related_lookups.py", line 113, in get_prep_lookup
    self.rhs = target_field.get_prep_value(self.rhs)
               ^^^^^^^^^^^^^^^^^^^^^^^^^^^^^^^^^^^^^
  File "C:\Users\SHAHEEM\OneDrive\Desktop\IMPORTANT\BRO\WEEK24\KAAIZEN\Backend\env\Lib\site-packages\django\db\models\fields\__init__.py", line 2750, in get_prep_value
    return self.to_python(value)
           ^^^^^^^^^^^^^^^^^^^^^
  File "C:\Users\SHAHEEM\OneDrive\Desktop\IMPORTANT\BRO\WEEK24\KAAIZEN\Backend\env\Lib\site-packages\django\db\models\fields\__init__.py", line 2768, in to_python
    raise exceptions.ValidationError(
django.core.exceptions.ValidationError: ['“AnonymousUser” is not a valid UUID.']
ERROR 2026-01-19 10:42:31,040 django.server "GET /api/client/me/profile/ HTTP/1.1" 500 27486
ERROR 2026-01-19 10:42:31,042 django.server "GET /api/client/meal-allocations/ HTTP/1.1" 500 27362
ERROR 2026-01-19 10:42:31,040 django.server "GET /api/client/me/profile/ HTTP/1.1" 500 27486
ERROR 2026-01-19 10:42:31,042 django.server "GET /api/client/meal-allocations/ HTTP/1.1" 500 27362
INFO 2026-01-19 10:42:31,128 django.server "GET /api/client/me/profile/ HTTP/1.1" 200 476
INFO 2026-01-19 10:42:31,128 django.server "GET /api/client/me/profile/ HTTP/1.1" 200 476
INFO 2026-01-19 10:42:31,138 django.server "GET /api/client/meal-allocations/ HTTP/1.1" 200 332
INFO 2026-01-19 10:42:31,138 django.server "GET /api/client/meal-allocations/ HTTP/1.1" 200 332
ERROR 2026-01-19 10:42:31,185 django.request Internal Server Error: /api/nutrition/meal-entries/2026-01-19/
Traceback (most recent call last):
  File "C:\Users\SHAHEEM\OneDrive\Desktop\IMPORTANT\BRO\WEEK24\KAAIZEN\Backend\env\Lib\site-packages\django\db\models\fields\__init__.py", line 2766, in to_python
    return uuid.UUID(**{input_form: value})
           ^^^^^^^^^^^^^^^^^^^^^^^^^^^^^^^^
  File "C:\Users\SHAHEEM\AppData\Local\Programs\Python\Python312\Lib\uuid.py", line 175, in __init__
    hex = hex.replace('urn:', '').replace('uuid:', '')
          ^^^^^^^^^^^
AttributeError: 'AnonymousUser' object has no attribute 'replace'

During handling of the above exception, another exception occurred:

Traceback (most recent call last):
  File "C:\Users\SHAHEEM\OneDrive\Desktop\IMPORTANT\BRO\WEEK24\KAAIZEN\Backend\env\Lib\site-packages\django\core\handlers\exception.py", line 55, in inner
    response = get_response(request)
               ^^^^^^^^^^^^^^^^^^^^^
  File "C:\Users\SHAHEEM\OneDrive\Desktop\IMPORTANT\BRO\WEEK24\KAAIZEN\Backend\env\Lib\site-packages\django\core\handlers\base.py", line 198, in _get_response
    response = wrapped_callback(request, *callback_args, **callback_kwargs)
               ^^^^^^^^^^^^^^^^^^^^^^^^^^^^^^^^^^^^^^^^^^^^^^^^^^^^^^^^^^^^
  File "C:\Users\SHAHEEM\OneDrive\Desktop\IMPORTANT\BRO\WEEK24\KAAIZEN\Backend\env\Lib\site-packages\django\views\decorators\csrf.py", line 65, in _view_wrapper
    return view_func(request, *args, **kwargs)
           ^^^^^^^^^^^^^^^^^^^^^^^^^^^^^^^^^^^
  File "C:\Users\SHAHEEM\OneDrive\Desktop\IMPORTANT\BRO\WEEK24\KAAIZEN\Backend\env\Lib\site-packages\django\views\generic\base.py", line 106, in view
    return self.dispatch(request, *args, **kwargs)
           ^^^^^^^^^^^^^^^^^^^^^^^^^^^^^^^^^^^^^^^
  File "C:\Users\SHAHEEM\OneDrive\Desktop\IMPORTANT\BRO\WEEK24\KAAIZEN\Backend\env\Lib\site-packages\rest_framework\views.py", line 515, in dispatch
    response = self.handle_exception(exc)
               ^^^^^^^^^^^^^^^^^^^^^^^^^^
  File "C:\Users\SHAHEEM\OneDrive\Desktop\IMPORTANT\BRO\WEEK24\KAAIZEN\Backend\env\Lib\site-packages\rest_framework\views.py", line 475, in handle_exception
    self.raise_uncaught_exception(exc)
  File "C:\Users\SHAHEEM\OneDrive\Desktop\IMPORTANT\BRO\WEEK24\KAAIZEN\Backend\env\Lib\site-packages\rest_framework\views.py", line 486, in raise_uncaught_exception
    raise exc
  File "C:\Users\SHAHEEM\OneDrive\Desktop\IMPORTANT\BRO\WEEK24\KAAIZEN\Backend\env\Lib\site-packages\rest_framework\views.py", line 512, in dispatch
    response = handler(request, *args, **kwargs)
               ^^^^^^^^^^^^^^^^^^^^^^^^^^^^^^^^^
  File "C:\Users\SHAHEEM\OneDrive\Desktop\IMPORTANT\BRO\WEEK24\KAAIZEN\Backend\nutrition\views.py", line 27, in get
    entries = MealEntry.objects.filter(
              ^^^^^^^^^^^^^^^^^^^^^^^^^
  File "C:\Users\SHAHEEM\OneDrive\Desktop\IMPORTANT\BRO\WEEK24\KAAIZEN\Backend\env\Lib\site-packages\django\db\models\manager.py", line 87, in manager_method
    return getattr(self.get_queryset(), name)(*args, **kwargs)
           ^^^^^^^^^^^^^^^^^^^^^^^^^^^^^^^^^^^^^^^^^^^^^^^^^^^
  File "C:\Users\SHAHEEM\OneDrive\Desktop\IMPORTANT\BRO\WEEK24\KAAIZEN\Backend\env\Lib\site-packages\django\db\models\query.py", line 1542, in filter
    return self._filter_or_exclude(False, args, kwargs)
           ^^^^^^^^^^^^^^^^^^^^^^^^^^^^^^^^^^^^^^^^^^^^
  File "C:\Users\SHAHEEM\OneDrive\Desktop\IMPORTANT\BRO\WEEK24\KAAIZEN\Backend\env\Lib\site-packages\django\db\models\query.py", line 1560, in _filter_or_exclude
    clone._filter_or_exclude_inplace(negate, args, kwargs)
  File "C:\Users\SHAHEEM\OneDrive\Desktop\IMPORTANT\BRO\WEEK24\KAAIZEN\Backend\env\Lib\site-packages\django\db\models\query.py", line 1570, in _filter_or_exclude_inplace
    self._query.add_q(Q(*args, **kwargs))
  File "C:\Users\SHAHEEM\OneDrive\Desktop\IMPORTANT\BRO\WEEK24\KAAIZEN\Backend\env\Lib\site-packages\django\db\models\sql\query.py", line 1671, in add_q
    clause, _ = self._add_q(q_object, can_reuse)
                ^^^^^^^^^^^^^^^^^^^^^^^^^^^^^^^^
  File "C:\Users\SHAHEEM\OneDrive\Desktop\IMPORTANT\BRO\WEEK24\KAAIZEN\Backend\env\Lib\site-packages\django\db\models\sql\query.py", line 1703, in _add_q
    child_clause, needed_inner = self.build_filter(
                                 ^^^^^^^^^^^^^^^^^^
  File "C:\Users\SHAHEEM\OneDrive\Desktop\IMPORTANT\BRO\WEEK24\KAAIZEN\Backend\env\Lib\site-packages\django\db\models\sql\query.py", line 1613, in build_filter
    condition = self.build_lookup(lookups, col, value)
                ^^^^^^^^^^^^^^^^^^^^^^^^^^^^^^^^^^^^^^
  File "C:\Users\SHAHEEM\OneDrive\Desktop\IMPORTANT\BRO\WEEK24\KAAIZEN\Backend\env\Lib\site-packages\django\db\models\sql\query.py", line 1440, in build_lookup
    lookup = lookup_class(lhs, rhs)
             ^^^^^^^^^^^^^^^^^^^^^^
  File "C:\Users\SHAHEEM\OneDrive\Desktop\IMPORTANT\BRO\WEEK24\KAAIZEN\Backend\env\Lib\site-packages\django\db\models\lookups.py", line 35, in __init__
    self.rhs = self.get_prep_lookup()
               ^^^^^^^^^^^^^^^^^^^^^^
  File "C:\Users\SHAHEEM\OneDrive\Desktop\IMPORTANT\BRO\WEEK24\KAAIZEN\Backend\env\Lib\site-packages\django\db\models\fields\related_lookups.py", line 113, in get_prep_lookup
    self.rhs = target_field.get_prep_value(self.rhs)
               ^^^^^^^^^^^^^^^^^^^^^^^^^^^^^^^^^^^^^
  File "C:\Users\SHAHEEM\OneDrive\Desktop\IMPORTANT\BRO\WEEK24\KAAIZEN\Backend\env\Lib\site-packages\django\db\models\fields\__init__.py", line 2750, in get_prep_value
    return self.to_python(value)
           ^^^^^^^^^^^^^^^^^^^^^
  File "C:\Users\SHAHEEM\OneDrive\Desktop\IMPORTANT\BRO\WEEK24\KAAIZEN\Backend\env\Lib\site-packages\django\db\models\fields\__init__.py", line 2768, in to_python
    raise exceptions.ValidationError(
django.core.exceptions.ValidationError: ['“AnonymousUser” is not a valid UUID.']
ERROR 2026-01-19 10:42:31,197 django.request Internal Server Error: /api/nutrition/daily-summary/2026-01-19/
Traceback (most recent call last):
  File "C:\Users\SHAHEEM\OneDrive\Desktop\IMPORTANT\BRO\WEEK24\KAAIZEN\Backend\env\Lib\site-packages\django\db\models\fields\__init__.py", line 2766, in to_python
    return uuid.UUID(**{input_form: value})
           ^^^^^^^^^^^^^^^^^^^^^^^^^^^^^^^^
  File "C:\Users\SHAHEEM\AppData\Local\Programs\Python\Python312\Lib\uuid.py", line 175, in __init__
    hex = hex.replace('urn:', '').replace('uuid:', '')
          ^^^^^^^^^^^
AttributeError: 'AnonymousUser' object has no attribute 'replace'

During handling of the above exception, another exception occurred:

Traceback (most recent call last):
  File "C:\Users\SHAHEEM\OneDrive\Desktop\IMPORTANT\BRO\WEEK24\KAAIZEN\Backend\env\Lib\site-packages\django\core\handlers\exception.py", line 55, in inner
    response = get_response(request)
               ^^^^^^^^^^^^^^^^^^^^^
  File "C:\Users\SHAHEEM\OneDrive\Desktop\IMPORTANT\BRO\WEEK24\KAAIZEN\Backend\env\Lib\site-packages\django\core\handlers\base.py", line 198, in _get_response
    response = wrapped_callback(request, *callback_args, **callback_kwargs)
               ^^^^^^^^^^^^^^^^^^^^^^^^^^^^^^^^^^^^^^^^^^^^^^^^^^^^^^^^^^^^
  File "C:\Users\SHAHEEM\OneDrive\Desktop\IMPORTANT\BRO\WEEK24\KAAIZEN\Backend\env\Lib\site-packages\django\views\decorators\csrf.py", line 65, in _view_wrapper
    return view_func(request, *args, **kwargs)
           ^^^^^^^^^^^^^^^^^^^^^^^^^^^^^^^^^^^
  File "C:\Users\SHAHEEM\OneDrive\Desktop\IMPORTANT\BRO\WEEK24\KAAIZEN\Backend\env\Lib\site-packages\django\views\generic\base.py", line 106, in view
    return self.dispatch(request, *args, **kwargs)
           ^^^^^^^^^^^^^^^^^^^^^^^^^^^^^^^^^^^^^^^
  File "C:\Users\SHAHEEM\OneDrive\Desktop\IMPORTANT\BRO\WEEK24\KAAIZEN\Backend\env\Lib\site-packages\rest_framework\views.py", line 515, in dispatch
    response = self.handle_exception(exc)
               ^^^^^^^^^^^^^^^^^^^^^^^^^^
  File "C:\Users\SHAHEEM\OneDrive\Desktop\IMPORTANT\BRO\WEEK24\KAAIZEN\Backend\env\Lib\site-packages\rest_framework\views.py", line 475, in handle_exception
    self.raise_uncaught_exception(exc)
  File "C:\Users\SHAHEEM\OneDrive\Desktop\IMPORTANT\BRO\WEEK24\KAAIZEN\Backend\env\Lib\site-packages\rest_framework\views.py", line 486, in raise_uncaught_exception
    raise exc
  File "C:\Users\SHAHEEM\OneDrive\Desktop\IMPORTANT\BRO\WEEK24\KAAIZEN\Backend\env\Lib\site-packages\rest_framework\views.py", line 512, in dispatch
    response = handler(request, *args, **kwargs)
               ^^^^^^^^^^^^^^^^^^^^^^^^^^^^^^^^^
  File "C:\Users\SHAHEEM\OneDrive\Desktop\IMPORTANT\BRO\WEEK24\KAAIZEN\Backend\nutrition\views.py", line 38, in get
    entries = MealEntry.objects.filter(
              ^^^^^^^^^^^^^^^^^^^^^^^^^
  File "C:\Users\SHAHEEM\OneDrive\Desktop\IMPORTANT\BRO\WEEK24\KAAIZEN\Backend\env\Lib\site-packages\django\db\models\manager.py", line 87, in manager_method
    return getattr(self.get_queryset(), name)(*args, **kwargs)
           ^^^^^^^^^^^^^^^^^^^^^^^^^^^^^^^^^^^^^^^^^^^^^^^^^^^
  File "C:\Users\SHAHEEM\OneDrive\Desktop\IMPORTANT\BRO\WEEK24\KAAIZEN\Backend\env\Lib\site-packages\django\db\models\query.py", line 1542, in filter
    return self._filter_or_exclude(False, args, kwargs)
           ^^^^^^^^^^^^^^^^^^^^^^^^^^^^^^^^^^^^^^^^^^^^
  File "C:\Users\SHAHEEM\OneDrive\Desktop\IMPORTANT\BRO\WEEK24\KAAIZEN\Backend\env\Lib\site-packages\django\db\models\query.py", line 1560, in _filter_or_exclude
    clone._filter_or_exclude_inplace(negate, args, kwargs)
  File "C:\Users\SHAHEEM\OneDrive\Desktop\IMPORTANT\BRO\WEEK24\KAAIZEN\Backend\env\Lib\site-packages\django\db\models\query.py", line 1570, in _filter_or_exclude_inplace
    self._query.add_q(Q(*args, **kwargs))
  File "C:\Users\SHAHEEM\OneDrive\Desktop\IMPORTANT\BRO\WEEK24\KAAIZEN\Backend\env\Lib\site-packages\django\db\models\sql\query.py", line 1671, in add_q
    clause, _ = self._add_q(q_object, can_reuse)
                ^^^^^^^^^^^^^^^^^^^^^^^^^^^^^^^^
  File "C:\Users\SHAHEEM\OneDrive\Desktop\IMPORTANT\BRO\WEEK24\KAAIZEN\Backend\env\Lib\site-packages\django\db\models\sql\query.py", line 1703, in _add_q
    child_clause, needed_inner = self.build_filter(
                                 ^^^^^^^^^^^^^^^^^^
  File "C:\Users\SHAHEEM\OneDrive\Desktop\IMPORTANT\BRO\WEEK24\KAAIZEN\Backend\env\Lib\site-packages\django\db\models\sql\query.py", line 1613, in build_filter
    condition = self.build_lookup(lookups, col, value)
                ^^^^^^^^^^^^^^^^^^^^^^^^^^^^^^^^^^^^^^
  File "C:\Users\SHAHEEM\OneDrive\Desktop\IMPORTANT\BRO\WEEK24\KAAIZEN\Backend\env\Lib\site-packages\django\db\models\sql\query.py", line 1440, in build_lookup
    lookup = lookup_class(lhs, rhs)
             ^^^^^^^^^^^^^^^^^^^^^^
  File "C:\Users\SHAHEEM\OneDrive\Desktop\IMPORTANT\BRO\WEEK24\KAAIZEN\Backend\env\Lib\site-packages\django\db\models\lookups.py", line 35, in __init__
    self.rhs = self.get_prep_lookup()
               ^^^^^^^^^^^^^^^^^^^^^^
  File "C:\Users\SHAHEEM\OneDrive\Desktop\IMPORTANT\BRO\WEEK24\KAAIZEN\Backend\env\Lib\site-packages\django\db\models\fields\related_lookups.py", line 113, in get_prep_lookup
    self.rhs = target_field.get_prep_value(self.rhs)
               ^^^^^^^^^^^^^^^^^^^^^^^^^^^^^^^^^^^^^
  File "C:\Users\SHAHEEM\OneDrive\Desktop\IMPORTANT\BRO\WEEK24\KAAIZEN\Backend\env\Lib\site-packages\django\db\models\fields\__init__.py", line 2750, in get_prep_value
    return self.to_python(value)
           ^^^^^^^^^^^^^^^^^^^^^
  File "C:\Users\SHAHEEM\OneDrive\Desktop\IMPORTANT\BRO\WEEK24\KAAIZEN\Backend\env\Lib\site-packages\django\db\models\fields\__init__.py", line 2768, in to_python
    raise exceptions.ValidationError(
django.core.exceptions.ValidationError: ['“AnonymousUser” is not a valid UUID.']
ERROR 2026-01-19 10:42:31,185 django.request Internal Server Error: /api/nutrition/meal-entries/2026-01-19/
Traceback (most recent call last):
  File "C:\Users\SHAHEEM\OneDrive\Desktop\IMPORTANT\BRO\WEEK24\KAAIZEN\Backend\env\Lib\site-packages\django\db\models\fields\__init__.py", line 2766, in to_python
    return uuid.UUID(**{input_form: value})
           ^^^^^^^^^^^^^^^^^^^^^^^^^^^^^^^^
  File "C:\Users\SHAHEEM\AppData\Local\Programs\Python\Python312\Lib\uuid.py", line 175, in __init__
    hex = hex.replace('urn:', '').replace('uuid:', '')
          ^^^^^^^^^^^
AttributeError: 'AnonymousUser' object has no attribute 'replace'

During handling of the above exception, another exception occurred:

Traceback (most recent call last):
  File "C:\Users\SHAHEEM\OneDrive\Desktop\IMPORTANT\BRO\WEEK24\KAAIZEN\Backend\env\Lib\site-packages\django\core\handlers\exception.py", line 55, in inner
    response = get_response(request)
               ^^^^^^^^^^^^^^^^^^^^^
  File "C:\Users\SHAHEEM\OneDrive\Desktop\IMPORTANT\BRO\WEEK24\KAAIZEN\Backend\env\Lib\site-packages\django\core\handlers\base.py", line 198, in _get_response
    response = wrapped_callback(request, *callback_args, **callback_kwargs)
               ^^^^^^^^^^^^^^^^^^^^^^^^^^^^^^^^^^^^^^^^^^^^^^^^^^^^^^^^^^^^
  File "C:\Users\SHAHEEM\OneDrive\Desktop\IMPORTANT\BRO\WEEK24\KAAIZEN\Backend\env\Lib\site-packages\django\views\decorators\csrf.py", line 65, in _view_wrapper
    return view_func(request, *args, **kwargs)
           ^^^^^^^^^^^^^^^^^^^^^^^^^^^^^^^^^^^
  File "C:\Users\SHAHEEM\OneDrive\Desktop\IMPORTANT\BRO\WEEK24\KAAIZEN\Backend\env\Lib\site-packages\django\views\generic\base.py", line 106, in view
    return self.dispatch(request, *args, **kwargs)
           ^^^^^^^^^^^^^^^^^^^^^^^^^^^^^^^^^^^^^^^
  File "C:\Users\SHAHEEM\OneDrive\Desktop\IMPORTANT\BRO\WEEK24\KAAIZEN\Backend\env\Lib\site-packages\rest_framework\views.py", line 515, in dispatch
    response = self.handle_exception(exc)
               ^^^^^^^^^^^^^^^^^^^^^^^^^^
  File "C:\Users\SHAHEEM\OneDrive\Desktop\IMPORTANT\BRO\WEEK24\KAAIZEN\Backend\env\Lib\site-packages\rest_framework\views.py", line 475, in handle_exception
    self.raise_uncaught_exception(exc)
  File "C:\Users\SHAHEEM\OneDrive\Desktop\IMPORTANT\BRO\WEEK24\KAAIZEN\Backend\env\Lib\site-packages\rest_framework\views.py", line 486, in raise_uncaught_exception
    raise exc
  File "C:\Users\SHAHEEM\OneDrive\Desktop\IMPORTANT\BRO\WEEK24\KAAIZEN\Backend\env\Lib\site-packages\rest_framework\views.py", line 512, in dispatch
    response = handler(request, *args, **kwargs)
               ^^^^^^^^^^^^^^^^^^^^^^^^^^^^^^^^^
  File "C:\Users\SHAHEEM\OneDrive\Desktop\IMPORTANT\BRO\WEEK24\KAAIZEN\Backend\nutrition\views.py", line 27, in get
    entries = MealEntry.objects.filter(
              ^^^^^^^^^^^^^^^^^^^^^^^^^
  File "C:\Users\SHAHEEM\OneDrive\Desktop\IMPORTANT\BRO\WEEK24\KAAIZEN\Backend\env\Lib\site-packages\django\db\models\manager.py", line 87, in manager_method
    return getattr(self.get_queryset(), name)(*args, **kwargs)
           ^^^^^^^^^^^^^^^^^^^^^^^^^^^^^^^^^^^^^^^^^^^^^^^^^^^
  File "C:\Users\SHAHEEM\OneDrive\Desktop\IMPORTANT\BRO\WEEK24\KAAIZEN\Backend\env\Lib\site-packages\django\db\models\query.py", line 1542, in filter
    return self._filter_or_exclude(False, args, kwargs)
           ^^^^^^^^^^^^^^^^^^^^^^^^^^^^^^^^^^^^^^^^^^^^
  File "C:\Users\SHAHEEM\OneDrive\Desktop\IMPORTANT\BRO\WEEK24\KAAIZEN\Backend\env\Lib\site-packages\django\db\models\query.py", line 1560, in _filter_or_exclude
    clone._filter_or_exclude_inplace(negate, args, kwargs)
  File "C:\Users\SHAHEEM\OneDrive\Desktop\IMPORTANT\BRO\WEEK24\KAAIZEN\Backend\env\Lib\site-packages\django\db\models\query.py", line 1570, in _filter_or_exclude_inplace
    self._query.add_q(Q(*args, **kwargs))
  File "C:\Users\SHAHEEM\OneDrive\Desktop\IMPORTANT\BRO\WEEK24\KAAIZEN\Backend\env\Lib\site-packages\django\db\models\sql\query.py", line 1671, in add_q
    clause, _ = self._add_q(q_object, can_reuse)
                ^^^^^^^^^^^^^^^^^^^^^^^^^^^^^^^^
  File "C:\Users\SHAHEEM\OneDrive\Desktop\IMPORTANT\BRO\WEEK24\KAAIZEN\Backend\env\Lib\site-packages\django\db\models\sql\query.py", line 1703, in _add_q
    child_clause, needed_inner = self.build_filter(
                                 ^^^^^^^^^^^^^^^^^^
  File "C:\Users\SHAHEEM\OneDrive\Desktop\IMPORTANT\BRO\WEEK24\KAAIZEN\Backend\env\Lib\site-packages\django\db\models\sql\query.py", line 1613, in build_filter
    condition = self.build_lookup(lookups, col, value)
                ^^^^^^^^^^^^^^^^^^^^^^^^^^^^^^^^^^^^^^
  File "C:\Users\SHAHEEM\OneDrive\Desktop\IMPORTANT\BRO\WEEK24\KAAIZEN\Backend\env\Lib\site-packages\django\db\models\sql\query.py", line 1440, in build_lookup
    lookup = lookup_class(lhs, rhs)
             ^^^^^^^^^^^^^^^^^^^^^^
  File "C:\Users\SHAHEEM\OneDrive\Desktop\IMPORTANT\BRO\WEEK24\KAAIZEN\Backend\env\Lib\site-packages\django\db\models\lookups.py", line 35, in __init__
    self.rhs = self.get_prep_lookup()
               ^^^^^^^^^^^^^^^^^^^^^^
  File "C:\Users\SHAHEEM\OneDrive\Desktop\IMPORTANT\BRO\WEEK24\KAAIZEN\Backend\env\Lib\site-packages\django\db\models\fields\related_lookups.py", line 113, in get_prep_lookup
    self.rhs = target_field.get_prep_value(self.rhs)
               ^^^^^^^^^^^^^^^^^^^^^^^^^^^^^^^^^^^^^
  File "C:\Users\SHAHEEM\OneDrive\Desktop\IMPORTANT\BRO\WEEK24\KAAIZEN\Backend\env\Lib\site-packages\django\db\models\fields\__init__.py", line 2750, in get_prep_value
    return self.to_python(value)
           ^^^^^^^^^^^^^^^^^^^^^
  File "C:\Users\SHAHEEM\OneDrive\Desktop\IMPORTANT\BRO\WEEK24\KAAIZEN\Backend\env\Lib\site-packages\django\db\models\fields\__init__.py", line 2768, in to_python
    raise exceptions.ValidationError(
django.core.exceptions.ValidationError: ['“AnonymousUser” is not a valid UUID.']
INFO 2026-01-19 10:42:31,204 django.server "GET /api/client/me/profile/ HTTP/1.1" 200 476
ERROR 2026-01-19 10:42:31,197 django.request Internal Server Error: /api/nutrition/daily-summary/2026-01-19/
Traceback (most recent call last):
  File "C:\Users\SHAHEEM\OneDrive\Desktop\IMPORTANT\BRO\WEEK24\KAAIZEN\Backend\env\Lib\site-packages\django\db\models\fields\__init__.py", line 2766, in to_python
    return uuid.UUID(**{input_form: value})
           ^^^^^^^^^^^^^^^^^^^^^^^^^^^^^^^^
  File "C:\Users\SHAHEEM\AppData\Local\Programs\Python\Python312\Lib\uuid.py", line 175, in __init__
    hex = hex.replace('urn:', '').replace('uuid:', '')
          ^^^^^^^^^^^
AttributeError: 'AnonymousUser' object has no attribute 'replace'

During handling of the above exception, another exception occurred:

Traceback (most recent call last):
  File "C:\Users\SHAHEEM\OneDrive\Desktop\IMPORTANT\BRO\WEEK24\KAAIZEN\Backend\env\Lib\site-packages\django\core\handlers\exception.py", line 55, in inner
    response = get_response(request)
               ^^^^^^^^^^^^^^^^^^^^^
  File "C:\Users\SHAHEEM\OneDrive\Desktop\IMPORTANT\BRO\WEEK24\KAAIZEN\Backend\env\Lib\site-packages\django\core\handlers\base.py", line 198, in _get_response
    response = wrapped_callback(request, *callback_args, **callback_kwargs)
               ^^^^^^^^^^^^^^^^^^^^^^^^^^^^^^^^^^^^^^^^^^^^^^^^^^^^^^^^^^^^
  File "C:\Users\SHAHEEM\OneDrive\Desktop\IMPORTANT\BRO\WEEK24\KAAIZEN\Backend\env\Lib\site-packages\django\views\decorators\csrf.py", line 65, in _view_wrapper
    return view_func(request, *args, **kwargs)
           ^^^^^^^^^^^^^^^^^^^^^^^^^^^^^^^^^^^
  File "C:\Users\SHAHEEM\OneDrive\Desktop\IMPORTANT\BRO\WEEK24\KAAIZEN\Backend\env\Lib\site-packages\django\views\generic\base.py", line 106, in view
    return self.dispatch(request, *args, **kwargs)
           ^^^^^^^^^^^^^^^^^^^^^^^^^^^^^^^^^^^^^^^
  File "C:\Users\SHAHEEM\OneDrive\Desktop\IMPORTANT\BRO\WEEK24\KAAIZEN\Backend\env\Lib\site-packages\rest_framework\views.py", line 515, in dispatch
    response = self.handle_exception(exc)
               ^^^^^^^^^^^^^^^^^^^^^^^^^^
  File "C:\Users\SHAHEEM\OneDrive\Desktop\IMPORTANT\BRO\WEEK24\KAAIZEN\Backend\env\Lib\site-packages\rest_framework\views.py", line 475, in handle_exception
    self.raise_uncaught_exception(exc)
  File "C:\Users\SHAHEEM\OneDrive\Desktop\IMPORTANT\BRO\WEEK24\KAAIZEN\Backend\env\Lib\site-packages\rest_framework\views.py", line 486, in raise_uncaught_exception
    raise exc
  File "C:\Users\SHAHEEM\OneDrive\Desktop\IMPORTANT\BRO\WEEK24\KAAIZEN\Backend\env\Lib\site-packages\rest_framework\views.py", line 512, in dispatch
    response = handler(request, *args, **kwargs)
               ^^^^^^^^^^^^^^^^^^^^^^^^^^^^^^^^^
  File "C:\Users\SHAHEEM\OneDrive\Desktop\IMPORTANT\BRO\WEEK24\KAAIZEN\Backend\nutrition\views.py", line 38, in get
    entries = MealEntry.objects.filter(
              ^^^^^^^^^^^^^^^^^^^^^^^^^
  File "C:\Users\SHAHEEM\OneDrive\Desktop\IMPORTANT\BRO\WEEK24\KAAIZEN\Backend\env\Lib\site-packages\django\db\models\manager.py", line 87, in manager_method
    return getattr(self.get_queryset(), name)(*args, **kwargs)
           ^^^^^^^^^^^^^^^^^^^^^^^^^^^^^^^^^^^^^^^^^^^^^^^^^^^
  File "C:\Users\SHAHEEM\OneDrive\Desktop\IMPORTANT\BRO\WEEK24\KAAIZEN\Backend\env\Lib\site-packages\django\db\models\query.py", line 1542, in filter
    return self._filter_or_exclude(False, args, kwargs)
           ^^^^^^^^^^^^^^^^^^^^^^^^^^^^^^^^^^^^^^^^^^^^
  File "C:\Users\SHAHEEM\OneDrive\Desktop\IMPORTANT\BRO\WEEK24\KAAIZEN\Backend\env\Lib\site-packages\django\db\models\query.py", line 1560, in _filter_or_exclude
    clone._filter_or_exclude_inplace(negate, args, kwargs)
  File "C:\Users\SHAHEEM\OneDrive\Desktop\IMPORTANT\BRO\WEEK24\KAAIZEN\Backend\env\Lib\site-packages\django\db\models\query.py", line 1570, in _filter_or_exclude_inplace
    self._query.add_q(Q(*args, **kwargs))
  File "C:\Users\SHAHEEM\OneDrive\Desktop\IMPORTANT\BRO\WEEK24\KAAIZEN\Backend\env\Lib\site-packages\django\db\models\sql\query.py", line 1671, in add_q
    clause, _ = self._add_q(q_object, can_reuse)
                ^^^^^^^^^^^^^^^^^^^^^^^^^^^^^^^^
  File "C:\Users\SHAHEEM\OneDrive\Desktop\IMPORTANT\BRO\WEEK24\KAAIZEN\Backend\env\Lib\site-packages\django\db\models\sql\query.py", line 1703, in _add_q
    child_clause, needed_inner = self.build_filter(
                                 ^^^^^^^^^^^^^^^^^^
  File "C:\Users\SHAHEEM\OneDrive\Desktop\IMPORTANT\BRO\WEEK24\KAAIZEN\Backend\env\Lib\site-packages\django\db\models\sql\query.py", line 1613, in build_filter
    condition = self.build_lookup(lookups, col, value)
                ^^^^^^^^^^^^^^^^^^^^^^^^^^^^^^^^^^^^^^
  File "C:\Users\SHAHEEM\OneDrive\Desktop\IMPORTANT\BRO\WEEK24\KAAIZEN\Backend\env\Lib\site-packages\django\db\models\sql\query.py", line 1440, in build_lookup
    lookup = lookup_class(lhs, rhs)
             ^^^^^^^^^^^^^^^^^^^^^^
  File "C:\Users\SHAHEEM\OneDrive\Desktop\IMPORTANT\BRO\WEEK24\KAAIZEN\Backend\env\Lib\site-packages\django\db\models\lookups.py", line 35, in __init__
    self.rhs = self.get_prep_lookup()
               ^^^^^^^^^^^^^^^^^^^^^^
  File "C:\Users\SHAHEEM\OneDrive\Desktop\IMPORTANT\BRO\WEEK24\KAAIZEN\Backend\env\Lib\site-packages\django\db\models\fields\related_lookups.py", line 113, in get_prep_lookup
    self.rhs = target_field.get_prep_value(self.rhs)
               ^^^^^^^^^^^^^^^^^^^^^^^^^^^^^^^^^^^^^
  File "C:\Users\SHAHEEM\OneDrive\Desktop\IMPORTANT\BRO\WEEK24\KAAIZEN\Backend\env\Lib\site-packages\django\db\models\fields\__init__.py", line 2750, in get_prep_value
    return self.to_python(value)
           ^^^^^^^^^^^^^^^^^^^^^
  File "C:\Users\SHAHEEM\OneDrive\Desktop\IMPORTANT\BRO\WEEK24\KAAIZEN\Backend\env\Lib\site-packages\django\db\models\fields\__init__.py", line 2768, in to_python
    raise exceptions.ValidationError(
django.core.exceptions.ValidationError: ['“AnonymousUser” is not a valid UUID.']
INFO 2026-01-19 10:42:31,204 django.server "GET /api/client/me/profile/ HTTP/1.1" 200 476
ERROR 2026-01-19 10:42:31,211 django.server "GET /api/nutrition/meal-entries/2026-01-19/ HTTP/1.1" 500 27333
INFO 2026-01-19 10:42:31,214 django.server "GET /api/client/meal-allocations/ HTTP/1.1" 200 332
ERROR 2026-01-19 10:42:31,215 django.server "GET /api/nutrition/daily-summary/2026-01-19/ HTTP/1.1" 500 27339
ERROR 2026-01-19 10:42:31,211 django.server "GET /api/nutrition/meal-entries/2026-01-19/ HTTP/1.1" 500 27333
INFO 2026-01-19 10:42:31,214 django.server "GET /api/client/meal-allocations/ HTTP/1.1" 200 332
ERROR 2026-01-19 10:42:31,215 django.server "GET /api/nutrition/daily-summary/2026-01-19/ HTTP/1.1" 500 27339
INFO 2026-01-19 10:42:31,281 django.server "GET /api/nutrition/meal-entries/2026-01-19/ HTTP/1.1" 200 2
INFO 2026-01-19 10:42:31,281 django.server "GET /api/nutrition/meal-entries/2026-01-19/ HTTP/1.1" 200 2
INFO 2026-01-19 10:42:31,282 django.server "GET /api/nutrition/daily-summary/2026-01-19/ HTTP/1.1" 200 74
INFO 2026-01-19 10:42:31,282 django.server "GET /api/nutrition/daily-summary/2026-01-19/ HTTP/1.1" 200 74
INFO 2026-01-19 10:42:31,334 django.server "GET /api/nutrition/meal-entries/2026-01-19/ HTTP/1.1" 200 2
INFO 2026-01-19 10:42:31,334 django.server "GET /api/nutrition/meal-entries/2026-01-19/ HTTP/1.1" 200 2
INFO 2026-01-19 10:42:31,337 django.server "GET /api/nutrition/daily-summary/2026-01-19/ HTTP/1.1" 200 74
INFO 2026-01-19 10:42:31,337 django.server "GET /api/nutrition/daily-summary/2026-01-19/ HTTP/1.1" 200 74
INFO 2026-01-19 10:42:33,263 django.server "GET /api/nutrition/meal-entries/2026-01-19/ HTTP/1.1" 200 2
INFO 2026-01-19 10:42:33,265 django.server "GET /api/client/meal-allocations/ HTTP/1.1" 200 332
INFO 2026-01-19 10:42:33,263 django.server "GET /api/nutrition/meal-entries/2026-01-19/ HTTP/1.1" 200 2
INFO 2026-01-19 10:42:33,269 django.server "GET /api/auth/me/ HTTP/1.1" 200 65
INFO 2026-01-19 10:42:33,265 django.server "GET /api/client/meal-allocations/ HTTP/1.1" 200 332
INFO 2026-01-19 10:42:33,275 django.server "GET /api/nutrition/daily-summary/2026-01-19/ HTTP/1.1" 200 74
INFO 2026-01-19 10:42:33,269 django.server "GET /api/auth/me/ HTTP/1.1" 200 65
INFO 2026-01-19 10:42:33,275 django.server "GET /api/nutrition/daily-summary/2026-01-19/ HTTP/1.1" 200 74
INFO 2026-01-19 10:42:33,346 django.server "GET /api/client/me/profile/ HTTP/1.1" 200 476
INFO 2026-01-19 10:42:33,346 django.server "GET /api/client/me/profile/ HTTP/1.1" 200 476
INFO 2026-01-19 10:42:33,364 django.server "GET /api/client/meal-allocations/ HTTP/1.1" 200 332
INFO 2026-01-19 10:42:33,364 django.server "GET /api/nutrition/meal-entries/2026-01-19/ HTTP/1.1" 200 2
INFO 2026-01-19 10:42:33,364 django.server "GET /api/client/meal-allocations/ HTTP/1.1" 200 332
INFO 2026-01-19 10:42:33,364 django.server "GET /api/nutrition/meal-entries/2026-01-19/ HTTP/1.1" 200 2
INFO 2026-01-19 10:42:33,368 django.server "GET /api/nutrition/daily-summary/2026-01-19/ HTTP/1.1" 200 74
INFO 2026-01-19 10:42:33,368 django.server "GET /api/nutrition/daily-summary/2026-01-19/ HTTP/1.1" 200 74
INFO 2026-01-19 10:42:33,433 django.server "GET /api/client/me/profile/ HTTP/1.1" 200 476
INFO 2026-01-19 10:42:33,433 django.server "GET /api/client/me/profile/ HTTP/1.1" 200 476
INFO 2026-01-19 10:42:33,453 django.server "GET /api/nutrition/meal-entries/2026-01-19/ HTTP/1.1" 200 2
INFO 2026-01-19 10:42:33,453 django.server "GET /api/nutrition/meal-entries/2026-01-19/ HTTP/1.1" 200 2
INFO 2026-01-19 10:42:33,456 django.server "GET /api/nutrition/daily-summary/2026-01-19/ HTTP/1.1" 200 74
INFO 2026-01-19 10:42:33,456 django.server "GET /api/nutrition/daily-summary/2026-01-19/ HTTP/1.1" 200 74
INFO 2026-01-19 10:42:33,503 django.server "GET /api/client/meal-allocations/ HTTP/1.1" 200 332
INFO 2026-01-19 10:42:33,503 django.server "GET /api/client/meal-allocations/ HTTP/1.1" 200 332
INFO 2026-01-19 10:42:33,530 django.server "GET /api/client/me/profile/ HTTP/1.1" 200 476
INFO 2026-01-19 10:42:33,530 django.server "GET /api/client/me/profile/ HTTP/1.1" 200 476
INFO 2026-01-19 10:42:33,541 django.server "GET /api/nutrition/daily-summary/2026-01-19/ HTTP/1.1" 200 74
INFO 2026-01-19 10:42:33,541 django.server "GET /api/nutrition/daily-summary/2026-01-19/ HTTP/1.1" 200 74
INFO 2026-01-19 10:42:33,555 django.server "GET /api/nutrition/meal-entries/2026-01-19/ HTTP/1.1" 200 2
INFO 2026-01-19 10:42:33,555 django.server "GET /api/nutrition/meal-entries/2026-01-19/ HTTP/1.1" 200 2
INFO 2026-01-19 10:42:33,581 django.server "GET /api/client/meal-allocations/ HTTP/1.1" 200 332
INFO 2026-01-19 10:42:33,581 django.server "GET /api/client/meal-allocations/ HTTP/1.1" 200 332
INFO 2026-01-19 10:42:33,590 django.server "GET /api/client/me/profile/ HTTP/1.1" 200 476
INFO 2026-01-19 10:42:33,590 django.server "GET /api/client/me/profile/ HTTP/1.1" 200 476
INFO 2026-01-19 10:42:41,440 django.server "GET /api/nutrition/meal-entries/2026-01-19/ HTTP/1.1" 200 2
INFO 2026-01-19 10:42:41,440 django.server "GET /api/nutrition/meal-entries/2026-01-19/ HTTP/1.1" 200 2
INFO 2026-01-19 10:42:41,443 django.server "GET /api/client/meal-allocations/ HTTP/1.1" 200 332
INFO 2026-01-19 10:42:41,443 django.server "GET /api/auth/me/ HTTP/1.1" 200 65
INFO 2026-01-19 10:42:41,443 django.server "GET /api/client/meal-allocations/ HTTP/1.1" 200 332
INFO 2026-01-19 10:42:41,443 django.server "GET /api/auth/me/ HTTP/1.1" 200 65
INFO 2026-01-19 10:42:41,451 django.server "GET /api/nutrition/daily-summary/2026-01-19/ HTTP/1.1" 200 74
INFO 2026-01-19 10:42:41,451 django.server "GET /api/nutrition/daily-summary/2026-01-19/ HTTP/1.1" 200 74
INFO 2026-01-19 10:42:41,502 django.server "GET /api/client/me/profile/ HTTP/1.1" 200 476
INFO 2026-01-19 10:42:41,502 django.server "GET /api/client/me/profile/ HTTP/1.1" 200 476
INFO 2026-01-19 10:42:41,517 django.server "GET /api/nutrition/meal-entries/2026-01-19/ HTTP/1.1" 200 2
INFO 2026-01-19 10:42:41,517 django.server "GET /api/nutrition/meal-entries/2026-01-19/ HTTP/1.1" 200 2
INFO 2026-01-19 10:42:41,539 django.server "GET /api/nutrition/daily-summary/2026-01-19/ HTTP/1.1" 200 74
INFO 2026-01-19 10:42:41,539 django.server "GET /api/nutrition/daily-summary/2026-01-19/ HTTP/1.1" 200 74
INFO 2026-01-19 10:42:41,550 django.server "GET /api/client/meal-allocations/ HTTP/1.1" 200 332
INFO 2026-01-19 10:42:41,550 django.server "GET /api/client/meal-allocations/ HTTP/1.1" 200 332
INFO 2026-01-19 10:42:41,607 django.server "GET /api/client/me/profile/ HTTP/1.1" 200 476
INFO 2026-01-19 10:42:41,607 django.server "GET /api/client/me/profile/ HTTP/1.1" 200 476
INFO 2026-01-19 10:42:41,663 django.server "GET /api/client/meal-allocations/ HTTP/1.1" 200 332
INFO 2026-01-19 10:42:41,663 django.server "GET /api/client/meal-allocations/ HTTP/1.1" 200 332
INFO 2026-01-19 10:42:41,670 django.server "GET /api/nutrition/daily-summary/2026-01-19/ HTTP/1.1" 200 74
INFO 2026-01-19 10:42:41,670 django.server "GET /api/nutrition/daily-summary/2026-01-19/ HTTP/1.1" 200 74
INFO 2026-01-19 10:42:41,678 django.server "GET /api/nutrition/meal-entries/2026-01-19/ HTTP/1.1" 200 2
INFO 2026-01-19 10:42:41,678 django.server "GET /api/nutrition/meal-entries/2026-01-19/ HTTP/1.1" 200 2
INFO 2026-01-19 10:42:41,723 django.server "GET /api/client/me/profile/ HTTP/1.1" 200 476
INFO 2026-01-19 10:42:41,723 django.server "GET /api/client/me/profile/ HTTP/1.1" 200 476
INFO 2026-01-19 10:42:41,753 django.server "GET /api/client/meal-allocations/ HTTP/1.1" 200 332
INFO 2026-01-19 10:42:41,753 django.server "GET /api/nutrition/daily-summary/2026-01-19/ HTTP/1.1" 200 74
INFO 2026-01-19 10:42:41,753 django.server "GET /api/client/meal-allocations/ HTTP/1.1" 200 332
INFO 2026-01-19 10:42:41,753 django.server "GET /api/nutrition/daily-summary/2026-01-19/ HTTP/1.1" 200 74
INFO 2026-01-19 10:42:41,757 django.server "GET /api/nutrition/meal-entries/2026-01-19/ HTTP/1.1" 200 2
INFO 2026-01-19 10:42:41,757 django.server "GET /api/nutrition/meal-entries/2026-01-19/ HTTP/1.1" 200 2
INFO 2026-01-19 10:42:41,791 django.server "GET /api/client/me/profile/ HTTP/1.1" 200 476
INFO 2026-01-19 10:42:41,791 django.server "GET /api/client/me/profile/ HTTP/1.1" 200 476
INFO 2026-01-19 10:42:48,547 django.server "GET /api/nutrition/daily-summary/2026-01-19/ HTTP/1.1" 200 74
INFO 2026-01-19 10:42:48,547 django.server "GET /api/nutrition/daily-summary/2026-01-19/ HTTP/1.1" 200 74
INFO 2026-01-19 10:42:48,574 django.server "GET /api/client/meal-allocations/ HTTP/1.1" 200 332
INFO 2026-01-19 10:42:48,574 django.server "GET /api/client/meal-allocations/ HTTP/1.1" 200 332
INFO 2026-01-19 10:42:48,604 django.server "GET /api/nutrition/meal-entries/2026-01-19/ HTTP/1.1" 200 2
INFO 2026-01-19 10:42:48,604 django.server "GET /api/nutrition/meal-entries/2026-01-19/ HTTP/1.1" 200 2
INFO 2026-01-19 10:42:48,619 django.server "GET /api/auth/me/ HTTP/1.1" 200 65
INFO 2026-01-19 10:42:48,619 django.server "GET /api/auth/me/ HTTP/1.1" 200 65
INFO 2026-01-19 10:42:48,654 django.server "GET /api/nutrition/daily-summary/2026-01-19/ HTTP/1.1" 200 74
INFO 2026-01-19 10:42:48,654 django.server "GET /api/nutrition/daily-summary/2026-01-19/ HTTP/1.1" 200 74
INFO 2026-01-19 10:42:48,713 django.server "GET /api/client/meal-allocations/ HTTP/1.1" 200 332
INFO 2026-01-19 10:42:48,713 django.server "GET /api/client/meal-allocations/ HTTP/1.1" 200 332
INFO 2026-01-19 10:42:48,747 django.server "GET /api/nutrition/meal-entries/2026-01-19/ HTTP/1.1" 200 2
INFO 2026-01-19 10:42:48,747 django.server "GET /api/nutrition/meal-entries/2026-01-19/ HTTP/1.1" 200 2
INFO 2026-01-19 10:42:48,816 django.server "GET /api/client/me/profile/ HTTP/1.1" 200 476
INFO 2026-01-19 10:42:48,816 django.server "GET /api/client/me/profile/ HTTP/1.1" 200 476
INFO 2026-01-19 10:42:48,903 django.server "GET /api/nutrition/daily-summary/2026-01-19/ HTTP/1.1" 200 74
INFO 2026-01-19 10:42:48,903 django.server "GET /api/nutrition/daily-summary/2026-01-19/ HTTP/1.1" 200 74
INFO 2026-01-19 10:42:48,909 django.server "GET /api/client/meal-allocations/ HTTP/1.1" 200 332
INFO 2026-01-19 10:42:48,909 django.server "GET /api/client/meal-allocations/ HTTP/1.1" 200 332
INFO 2026-01-19 10:42:48,912 django.server "GET /api/nutrition/meal-entries/2026-01-19/ HTTP/1.1" 200 2
INFO 2026-01-19 10:42:48,912 django.server "GET /api/nutrition/meal-entries/2026-01-19/ HTTP/1.1" 200 2
INFO 2026-01-19 10:42:48,928 django.server "GET /api/client/me/profile/ HTTP/1.1" 200 476
INFO 2026-01-19 10:42:48,928 django.server "GET /api/client/me/profile/ HTTP/1.1" 200 476
INFO 2026-01-19 10:42:49,006 django.server "GET /api/nutrition/daily-summary/2026-01-19/ HTTP/1.1" 200 74
INFO 2026-01-19 10:42:49,006 django.server "GET /api/nutrition/daily-summary/2026-01-19/ HTTP/1.1" 200 74
INFO 2026-01-19 10:42:49,021 django.server "GET /api/client/meal-allocations/ HTTP/1.1" 200 332
INFO 2026-01-19 10:42:49,021 django.server "GET /api/client/me/profile/ HTTP/1.1" 200 476
INFO 2026-01-19 10:42:49,021 django.server "GET /api/nutrition/meal-entries/2026-01-19/ HTTP/1.1" 200 2
INFO 2026-01-19 10:42:49,021 django.server "GET /api/client/meal-allocations/ HTTP/1.1" 200 332
INFO 2026-01-19 10:42:49,021 django.server "GET /api/client/me/profile/ HTTP/1.1" 200 476
INFO 2026-01-19 10:42:49,021 django.server "GET /api/nutrition/meal-entries/2026-01-19/ HTTP/1.1" 200 2
INFO 2026-01-19 10:42:49,080 django.server "GET /api/client/me/profile/ HTTP/1.1" 200 476
INFO 2026-01-19 10:42:49,080 django.server "GET /api/client/me/profile/ HTTP/1.1" 200 476
INFO 2026-01-19 10:43:00,580 django.server "GET /api/client/meal-allocations/ HTTP/1.1" 200 332
INFO 2026-01-19 10:43:00,580 django.server "GET /api/client/meal-allocations/ HTTP/1.1" 200 332
INFO 2026-01-19 10:43:00,590 django.server "GET /api/auth/me/ HTTP/1.1" 200 65
INFO 2026-01-19 10:43:00,590 django.server "GET /api/auth/me/ HTTP/1.1" 200 65
INFO 2026-01-19 10:43:00,596 django.server "GET /api/nutrition/meal-entries/2026-01-19/ HTTP/1.1" 200 2
INFO 2026-01-19 10:43:00,605 django.server "GET /api/nutrition/daily-summary/2026-01-19/ HTTP/1.1" 200 74
INFO 2026-01-19 10:43:00,596 django.server "GET /api/nutrition/meal-entries/2026-01-19/ HTTP/1.1" 200 2
INFO 2026-01-19 10:43:00,605 django.server "GET /api/nutrition/daily-summary/2026-01-19/ HTTP/1.1" 200 74
INFO 2026-01-19 10:43:00,671 django.server "GET /api/client/me/profile/ HTTP/1.1" 200 476
INFO 2026-01-19 10:43:00,671 django.server "GET /api/client/me/profile/ HTTP/1.1" 200 476
INFO 2026-01-19 10:43:00,694 django.server "GET /api/nutrition/daily-summary/2026-01-19/ HTTP/1.1" 200 74
INFO 2026-01-19 10:43:00,697 django.server "GET /api/client/meal-allocations/ HTTP/1.1" 200 332
INFO 2026-01-19 10:43:00,694 django.server "GET /api/nutrition/daily-summary/2026-01-19/ HTTP/1.1" 200 74
INFO 2026-01-19 10:43:00,697 django.server "GET /api/client/meal-allocations/ HTTP/1.1" 200 332
INFO 2026-01-19 10:43:00,725 django.server "GET /api/nutrition/meal-entries/2026-01-19/ HTTP/1.1" 200 2
INFO 2026-01-19 10:43:00,725 django.server "GET /api/nutrition/meal-entries/2026-01-19/ HTTP/1.1" 200 2
INFO 2026-01-19 10:43:00,770 django.server "GET /api/client/me/profile/ HTTP/1.1" 200 476
INFO 2026-01-19 10:43:00,770 django.server "GET /api/client/me/profile/ HTTP/1.1" 200 476
INFO 2026-01-19 10:43:00,788 django.server "GET /api/client/meal-allocations/ HTTP/1.1" 200 332
INFO 2026-01-19 10:43:00,790 django.server "GET /api/nutrition/daily-summary/2026-01-19/ HTTP/1.1" 200 74
INFO 2026-01-19 10:43:00,788 django.server "GET /api/client/meal-allocations/ HTTP/1.1" 200 332
INFO 2026-01-19 10:43:00,790 django.server "GET /api/nutrition/daily-summary/2026-01-19/ HTTP/1.1" 200 74
INFO 2026-01-19 10:43:00,810 django.server "GET /api/nutrition/meal-entries/2026-01-19/ HTTP/1.1" 200 2
INFO 2026-01-19 10:43:00,810 django.server "GET /api/nutrition/meal-entries/2026-01-19/ HTTP/1.1" 200 2
INFO 2026-01-19 10:43:00,854 django.server "GET /api/client/me/profile/ HTTP/1.1" 200 476
INFO 2026-01-19 10:43:00,854 django.server "GET /api/client/me/profile/ HTTP/1.1" 200 476
INFO 2026-01-19 10:43:00,879 django.server "GET /api/nutrition/daily-summary/2026-01-19/ HTTP/1.1" 200 74
INFO 2026-01-19 10:43:00,879 django.server "GET /api/client/meal-allocations/ HTTP/1.1" 200 332
INFO 2026-01-19 10:43:00,879 django.server "GET /api/nutrition/daily-summary/2026-01-19/ HTTP/1.1" 200 74
INFO 2026-01-19 10:43:00,879 django.server "GET /api/client/meal-allocations/ HTTP/1.1" 200 332
INFO 2026-01-19 10:43:00,894 django.server "GET /api/nutrition/meal-entries/2026-01-19/ HTTP/1.1" 200 2
INFO 2026-01-19 10:43:00,894 django.server "GET /api/nutrition/meal-entries/2026-01-19/ HTTP/1.1" 200 2
INFO 2026-01-19 10:43:00,924 django.server "GET /api/client/me/profile/ HTTP/1.1" 200 476
INFO 2026-01-19 10:43:00,924 django.server "GET /api/client/me/profile/ HTTP/1.1" 200 476
INFO 2026-01-19 10:43:02,327 django.server "GET /api/nutrition/daily-summary/2026-01-19/ HTTP/1.1" 200 74
INFO 2026-01-19 10:43:02,327 django.server "GET /api/nutrition/daily-summary/2026-01-19/ HTTP/1.1" 200 74
INFO 2026-01-19 10:43:02,349 django.server "GET /api/nutrition/meal-entries/2026-01-19/ HTTP/1.1" 200 2
INFO 2026-01-19 10:43:02,351 django.server "GET /api/auth/me/ HTTP/1.1" 200 65
INFO 2026-01-19 10:43:02,349 django.server "GET /api/nutrition/meal-entries/2026-01-19/ HTTP/1.1" 200 2
INFO 2026-01-19 10:43:02,351 django.server "GET /api/auth/me/ HTTP/1.1" 200 65
INFO 2026-01-19 10:43:02,366 django.server "GET /api/client/meal-allocations/ HTTP/1.1" 200 332
INFO 2026-01-19 10:43:02,366 django.server "GET /api/client/meal-allocations/ HTTP/1.1" 200 332
INFO 2026-01-19 10:43:02,441 django.server "GET /api/client/me/profile/ HTTP/1.1" 200 476
INFO 2026-01-19 10:43:02,441 django.server "GET /api/client/me/profile/ HTTP/1.1" 200 476
INFO 2026-01-19 10:43:02,455 django.server "GET /api/nutrition/daily-summary/2026-01-19/ HTTP/1.1" 200 74
INFO 2026-01-19 10:43:02,455 django.server "GET /api/nutrition/daily-summary/2026-01-19/ HTTP/1.1" 200 74
INFO 2026-01-19 10:43:02,498 django.server "GET /api/nutrition/meal-entries/2026-01-19/ HTTP/1.1" 200 2
INFO 2026-01-19 10:43:02,498 django.server "GET /api/nutrition/meal-entries/2026-01-19/ HTTP/1.1" 200 2
INFO 2026-01-19 10:43:02,513 django.server "GET /api/client/meal-allocations/ HTTP/1.1" 200 332
INFO 2026-01-19 10:43:02,513 django.server "GET /api/client/meal-allocations/ HTTP/1.1" 200 332
INFO 2026-01-19 10:43:02,555 django.server "GET /api/client/me/profile/ HTTP/1.1" 200 476
INFO 2026-01-19 10:43:02,555 django.server "GET /api/client/me/profile/ HTTP/1.1" 200 476
INFO 2026-01-19 10:43:02,600 django.server "GET /api/nutrition/meal-entries/2026-01-19/ HTTP/1.1" 200 2
INFO 2026-01-19 10:43:02,600 django.server "GET /api/nutrition/meal-entries/2026-01-19/ HTTP/1.1" 200 2
INFO 2026-01-19 10:43:02,624 django.server "GET /api/nutrition/daily-summary/2026-01-19/ HTTP/1.1" 200 74
INFO 2026-01-19 10:43:02,624 django.server "GET /api/nutrition/daily-summary/2026-01-19/ HTTP/1.1" 200 74
INFO 2026-01-19 10:43:02,631 django.server "GET /api/client/meal-allocations/ HTTP/1.1" 200 332
INFO 2026-01-19 10:43:02,631 django.server "GET /api/client/meal-allocations/ HTTP/1.1" 200 332
INFO 2026-01-19 10:43:02,654 django.server "GET /api/client/me/profile/ HTTP/1.1" 200 476
INFO 2026-01-19 10:43:02,654 django.server "GET /api/client/me/profile/ HTTP/1.1" 200 476
INFO 2026-01-19 10:43:02,740 django.server "GET /api/nutrition/meal-entries/2026-01-19/ HTTP/1.1" 200 2
INFO 2026-01-19 10:43:02,740 django.server "GET /api/nutrition/meal-entries/2026-01-19/ HTTP/1.1" 200 2
INFO 2026-01-19 10:43:02,784 django.server "GET /api/nutrition/daily-summary/2026-01-19/ HTTP/1.1" 200 74
INFO 2026-01-19 10:43:02,784 django.server "GET /api/nutrition/daily-summary/2026-01-19/ HTTP/1.1" 200 74
INFO 2026-01-19 10:43:02,804 django.server "GET /api/client/meal-allocations/ HTTP/1.1" 200 332
INFO 2026-01-19 10:43:02,804 django.server "GET /api/client/meal-allocations/ HTTP/1.1" 200 332
INFO 2026-01-19 10:43:02,833 django.server "GET /api/client/me/profile/ HTTP/1.1" 200 476
INFO 2026-01-19 10:43:02,833 django.server "GET /api/client/me/profile/ HTTP/1.1" 200 476
INFO 2026-01-19 10:43:15,558 django.server "GET /api/auth/me/ HTTP/1.1" 200 65
INFO 2026-01-19 10:43:15,558 django.server "GET /api/client/meal-allocations/ HTTP/1.1" 200 332
INFO 2026-01-19 10:43:15,558 django.server "GET /api/auth/me/ HTTP/1.1" 200 65
INFO 2026-01-19 10:43:15,558 django.server "GET /api/client/meal-allocations/ HTTP/1.1" 200 332
INFO 2026-01-19 10:43:15,563 django.server "GET /api/nutrition/daily-summary/2026-01-19/ HTTP/1.1" 200 74
INFO 2026-01-19 10:43:15,563 django.server "GET /api/nutrition/daily-summary/2026-01-19/ HTTP/1.1" 200 74
INFO 2026-01-19 10:43:15,568 django.server "GET /api/nutrition/meal-entries/2026-01-19/ HTTP/1.1" 200 2
INFO 2026-01-19 10:43:15,568 django.server "GET /api/nutrition/meal-entries/2026-01-19/ HTTP/1.1" 200 2
INFO 2026-01-19 10:43:15,652 django.server "GET /api/client/meal-allocations/ HTTP/1.1" 200 332
INFO 2026-01-19 10:43:15,653 django.server "GET /api/nutrition/daily-summary/2026-01-19/ HTTP/1.1" 200 74
INFO 2026-01-19 10:43:15,652 django.server "GET /api/client/meal-allocations/ HTTP/1.1" 200 332
INFO 2026-01-19 10:43:15,653 django.server "GET /api/nutrition/daily-summary/2026-01-19/ HTTP/1.1" 200 74
INFO 2026-01-19 10:43:15,662 django.server "GET /api/nutrition/meal-entries/2026-01-19/ HTTP/1.1" 200 2
INFO 2026-01-19 10:43:15,662 django.server "GET /api/nutrition/meal-entries/2026-01-19/ HTTP/1.1" 200 2
INFO 2026-01-19 10:43:15,683 django.server "GET /api/client/me/profile/ HTTP/1.1" 200 476
INFO 2026-01-19 10:43:15,683 django.server "GET /api/client/me/profile/ HTTP/1.1" 200 476
INFO 2026-01-19 10:43:15,745 django.server "GET /api/nutrition/meal-entries/2026-01-19/ HTTP/1.1" 200 2
INFO 2026-01-19 10:43:15,745 django.server "GET /api/nutrition/meal-entries/2026-01-19/ HTTP/1.1" 200 2
INFO 2026-01-19 10:43:15,746 django.server "GET /api/nutrition/daily-summary/2026-01-19/ HTTP/1.1" 200 74
INFO 2026-01-19 10:43:15,746 django.server "GET /api/nutrition/daily-summary/2026-01-19/ HTTP/1.1" 200 74
INFO 2026-01-19 10:43:15,752 django.server "GET /api/client/meal-allocations/ HTTP/1.1" 200 332
INFO 2026-01-19 10:43:15,752 django.server "GET /api/client/meal-allocations/ HTTP/1.1" 200 332
INFO 2026-01-19 10:43:15,766 django.server "GET /api/client/me/profile/ HTTP/1.1" 200 476
INFO 2026-01-19 10:43:15,766 django.server "GET /api/client/me/profile/ HTTP/1.1" 200 476
INFO 2026-01-19 10:43:15,821 django.server "GET /api/nutrition/meal-entries/2026-01-19/ HTTP/1.1" 200 2
INFO 2026-01-19 10:43:15,821 django.server "GET /api/nutrition/meal-entries/2026-01-19/ HTTP/1.1" 200 2
INFO 2026-01-19 10:43:15,827 django.server "GET /api/nutrition/daily-summary/2026-01-19/ HTTP/1.1" 200 74
INFO 2026-01-19 10:43:15,827 django.server "GET /api/nutrition/daily-summary/2026-01-19/ HTTP/1.1" 200 74
INFO 2026-01-19 10:43:15,837 django.server "GET /api/client/meal-allocations/ HTTP/1.1" 200 332
INFO 2026-01-19 10:43:15,837 django.server "GET /api/client/meal-allocations/ HTTP/1.1" 200 332
INFO 2026-01-19 10:43:15,847 django.server "GET /api/client/me/profile/ HTTP/1.1" 200 476
INFO 2026-01-19 10:43:15,847 django.server "GET /api/client/me/profile/ HTTP/1.1" 200 476
INFO 2026-01-19 10:43:15,904 django.server "GET /api/client/me/profile/ HTTP/1.1" 200 476
INFO 2026-01-19 10:43:15,904 django.server "GET /api/client/me/profile/ HTTP/1.1" 200 476
INFO 2026-01-19 10:43:20,364 django.server "GET /api/nutrition/meal-entries/2026-01-19/ HTTP/1.1" 200 2
INFO 2026-01-19 10:43:20,364 django.server "GET /api/nutrition/meal-entries/2026-01-19/ HTTP/1.1" 200 2
INFO 2026-01-19 10:43:20,387 django.server "GET /api/nutrition/daily-summary/2026-01-19/ HTTP/1.1" 200 74
INFO 2026-01-19 10:43:20,388 django.server "GET /api/auth/me/ HTTP/1.1" 200 65
INFO 2026-01-19 10:43:20,388 django.server "GET /api/client/meal-allocations/ HTTP/1.1" 200 332
INFO 2026-01-19 10:43:20,387 django.server "GET /api/nutrition/daily-summary/2026-01-19/ HTTP/1.1" 200 74
INFO 2026-01-19 10:43:20,388 django.server "GET /api/auth/me/ HTTP/1.1" 200 65
INFO 2026-01-19 10:43:20,388 django.server "GET /api/client/meal-allocations/ HTTP/1.1" 200 332
INFO 2026-01-19 10:43:20,404 django.server "GET /api/client/me/profile/ HTTP/1.1" 200 476
INFO 2026-01-19 10:43:20,404 django.server "GET /api/client/me/profile/ HTTP/1.1" 200 476
INFO 2026-01-19 10:43:20,470 django.server "GET /api/nutrition/meal-entries/2026-01-19/ HTTP/1.1" 200 2
INFO 2026-01-19 10:43:20,473 django.server "GET /api/nutrition/daily-summary/2026-01-19/ HTTP/1.1" 200 74
INFO 2026-01-19 10:43:20,470 django.server "GET /api/nutrition/meal-entries/2026-01-19/ HTTP/1.1" 200 2
INFO 2026-01-19 10:43:20,473 django.server "GET /api/nutrition/daily-summary/2026-01-19/ HTTP/1.1" 200 74
INFO 2026-01-19 10:43:20,483 django.server "GET /api/client/meal-allocations/ HTTP/1.1" 200 332
INFO 2026-01-19 10:43:20,483 django.server "GET /api/client/meal-allocations/ HTTP/1.1" 200 332
INFO 2026-01-19 10:43:20,501 django.server "GET /api/client/me/profile/ HTTP/1.1" 200 476
INFO 2026-01-19 10:43:20,501 django.server "GET /api/client/me/profile/ HTTP/1.1" 200 476
INFO 2026-01-19 10:43:20,548 django.server "GET /api/nutrition/meal-entries/2026-01-19/ HTTP/1.1" 200 2
INFO 2026-01-19 10:43:20,548 django.server "GET /api/nutrition/meal-entries/2026-01-19/ HTTP/1.1" 200 2
INFO 2026-01-19 10:43:20,554 django.server "GET /api/nutrition/daily-summary/2026-01-19/ HTTP/1.1" 200 74
INFO 2026-01-19 10:43:20,554 django.server "GET /api/nutrition/daily-summary/2026-01-19/ HTTP/1.1" 200 74
INFO 2026-01-19 10:43:20,570 django.server "GET /api/client/meal-allocations/ HTTP/1.1" 200 332
INFO 2026-01-19 10:43:20,570 django.server "GET /api/client/meal-allocations/ HTTP/1.1" 200 332
INFO 2026-01-19 10:43:20,585 django.server "GET /api/client/me/profile/ HTTP/1.1" 200 476
INFO 2026-01-19 10:43:20,585 django.server "GET /api/client/me/profile/ HTTP/1.1" 200 476
INFO 2026-01-19 10:43:20,641 django.server "GET /api/nutrition/meal-entries/2026-01-19/ HTTP/1.1" 200 2
INFO 2026-01-19 10:43:20,642 django.server "GET /api/nutrition/daily-summary/2026-01-19/ HTTP/1.1" 200 74
INFO 2026-01-19 10:43:20,641 django.server "GET /api/nutrition/meal-entries/2026-01-19/ HTTP/1.1" 200 2
INFO 2026-01-19 10:43:20,642 django.server "GET /api/nutrition/daily-summary/2026-01-19/ HTTP/1.1" 200 74
INFO 2026-01-19 10:43:20,681 django.server "GET /api/client/me/profile/ HTTP/1.1" 200 476
INFO 2026-01-19 10:43:20,681 django.server "GET /api/client/me/profile/ HTTP/1.1" 200 476
INFO 2026-01-19 10:43:20,685 django.server "GET /api/client/meal-allocations/ HTTP/1.1" 200 332
INFO 2026-01-19 10:43:20,685 django.server "GET /api/client/meal-allocations/ HTTP/1.1" 200 332
INFO 2026-01-19 10:44:13,592 django.server "GET /api/nutrition/daily-summary/2026-01-19/ HTTP/1.1" 200 74
INFO 2026-01-19 10:44:13,592 django.server "GET /api/nutrition/daily-summary/2026-01-19/ HTTP/1.1" 200 74
INFO 2026-01-19 10:44:13,597 django.server "GET /api/nutrition/meal-entries/2026-01-19/ HTTP/1.1" 200 2
INFO 2026-01-19 10:44:13,597 django.server "GET /api/nutrition/meal-entries/2026-01-19/ HTTP/1.1" 200 2
INFO 2026-01-19 10:44:13,597 django.server "GET /api/auth/me/ HTTP/1.1" 200 65
INFO 2026-01-19 10:44:13,597 django.server "GET /api/auth/me/ HTTP/1.1" 200 65
INFO 2026-01-19 10:44:13,599 django.server "GET /api/client/meal-allocations/ HTTP/1.1" 200 332
INFO 2026-01-19 10:44:13,599 django.server "GET /api/client/meal-allocations/ HTTP/1.1" 200 332
INFO 2026-01-19 10:44:13,607 django.server "GET /api/client/me/profile/ HTTP/1.1" 200 476
INFO 2026-01-19 10:44:13,607 django.server "GET /api/client/me/profile/ HTTP/1.1" 200 476
INFO 2026-01-19 10:44:13,694 django.server "GET /api/nutrition/daily-summary/2026-01-19/ HTTP/1.1" 200 74
INFO 2026-01-19 10:44:13,694 django.server "GET /api/nutrition/daily-summary/2026-01-19/ HTTP/1.1" 200 74
INFO 2026-01-19 10:44:13,703 django.server "GET /api/nutrition/meal-entries/2026-01-19/ HTTP/1.1" 200 2
INFO 2026-01-19 10:44:13,703 django.server "GET /api/nutrition/meal-entries/2026-01-19/ HTTP/1.1" 200 2
INFO 2026-01-19 10:44:13,704 django.server "GET /api/client/meal-allocations/ HTTP/1.1" 200 332
INFO 2026-01-19 10:44:13,704 django.server "GET /api/client/meal-allocations/ HTTP/1.1" 200 332
INFO 2026-01-19 10:44:13,709 django.server "GET /api/client/me/profile/ HTTP/1.1" 200 476
INFO 2026-01-19 10:44:13,709 django.server "GET /api/client/me/profile/ HTTP/1.1" 200 476
INFO 2026-01-19 10:44:13,788 django.server "GET /api/client/meal-allocations/ HTTP/1.1" 200 332
INFO 2026-01-19 10:44:13,788 django.server "GET /api/client/meal-allocations/ HTTP/1.1" 200 332
INFO 2026-01-19 10:44:13,791 django.server "GET /api/nutrition/daily-summary/2026-01-19/ HTTP/1.1" 200 74
INFO 2026-01-19 10:44:13,791 django.server "GET /api/nutrition/daily-summary/2026-01-19/ HTTP/1.1" 200 74
INFO 2026-01-19 10:44:13,794 django.server "GET /api/nutrition/meal-entries/2026-01-19/ HTTP/1.1" 200 2
INFO 2026-01-19 10:44:13,794 django.server "GET /api/nutrition/meal-entries/2026-01-19/ HTTP/1.1" 200 2
INFO 2026-01-19 10:44:13,811 django.server "GET /api/client/me/profile/ HTTP/1.1" 200 476
INFO 2026-01-19 10:44:13,811 django.server "GET /api/client/me/profile/ HTTP/1.1" 200 476
INFO 2026-01-19 10:44:13,892 django.server "GET /api/nutrition/meal-entries/2026-01-19/ HTTP/1.1" 200 2
INFO 2026-01-19 10:44:13,893 django.server "GET /api/nutrition/daily-summary/2026-01-19/ HTTP/1.1" 200 74
INFO 2026-01-19 10:44:13,892 django.server "GET /api/nutrition/meal-entries/2026-01-19/ HTTP/1.1" 200 2
INFO 2026-01-19 10:44:13,893 django.server "GET /api/nutrition/daily-summary/2026-01-19/ HTTP/1.1" 200 74
INFO 2026-01-19 10:44:13,901 django.server "GET /api/client/meal-allocations/ HTTP/1.1" 200 332
INFO 2026-01-19 10:44:13,901 django.server "GET /api/client/meal-allocations/ HTTP/1.1" 200 332
INFO 2026-01-19 10:44:13,905 django.server "GET /api/client/me/profile/ HTTP/1.1" 200 476
INFO 2026-01-19 10:44:13,905 django.server "GET /api/client/me/profile/ HTTP/1.1" 200 476
INFO 2026-01-19 10:44:14,294 django.server "GET /api/nutrition/meal-entries/2026-01-19/ HTTP/1.1" 200 2
INFO 2026-01-19 10:44:14,294 django.server "GET /api/nutrition/meal-entries/2026-01-19/ HTTP/1.1" 200 2
INFO 2026-01-19 10:44:14,337 django.server "GET /api/auth/me/ HTTP/1.1" 200 65
INFO 2026-01-19 10:44:14,344 django.server "GET /api/nutrition/daily-summary/2026-01-19/ HTTP/1.1" 200 74
INFO 2026-01-19 10:44:14,337 django.server "GET /api/auth/me/ HTTP/1.1" 200 65
INFO 2026-01-19 10:44:14,344 django.server "GET /api/client/me/profile/ HTTP/1.1" 200 476
INFO 2026-01-19 10:44:14,344 django.server "GET /api/nutrition/daily-summary/2026-01-19/ HTTP/1.1" 200 74
INFO 2026-01-19 10:44:14,344 django.server "GET /api/client/me/profile/ HTTP/1.1" 200 476
INFO 2026-01-19 10:44:14,355 django.server "GET /api/client/meal-allocations/ HTTP/1.1" 200 332
INFO 2026-01-19 10:44:14,355 django.server "GET /api/client/meal-allocations/ HTTP/1.1" 200 332
INFO 2026-01-19 10:44:14,387 django.server "GET /api/nutrition/meal-entries/2026-01-19/ HTTP/1.1" 200 2
INFO 2026-01-19 10:44:14,387 django.server "GET /api/nutrition/meal-entries/2026-01-19/ HTTP/1.1" 200 2
INFO 2026-01-19 10:44:14,442 django.server "GET /api/nutrition/daily-summary/2026-01-19/ HTTP/1.1" 200 74
INFO 2026-01-19 10:44:14,442 django.server "GET /api/nutrition/daily-summary/2026-01-19/ HTTP/1.1" 200 74
INFO 2026-01-19 10:44:14,449 django.server "GET /api/client/me/profile/ HTTP/1.1" 200 476
INFO 2026-01-19 10:44:14,449 django.server "GET /api/client/me/profile/ HTTP/1.1" 200 476
INFO 2026-01-19 10:44:14,463 django.server "GET /api/client/meal-allocations/ HTTP/1.1" 200 332
INFO 2026-01-19 10:44:14,463 django.server "GET /api/client/meal-allocations/ HTTP/1.1" 200 332
INFO 2026-01-19 10:44:14,521 django.server "GET /api/nutrition/meal-entries/2026-01-19/ HTTP/1.1" 200 2
INFO 2026-01-19 10:44:14,521 django.server "GET /api/nutrition/meal-entries/2026-01-19/ HTTP/1.1" 200 2
INFO 2026-01-19 10:44:14,560 django.server "GET /api/nutrition/daily-summary/2026-01-19/ HTTP/1.1" 200 74
INFO 2026-01-19 10:44:14,560 django.server "GET /api/nutrition/daily-summary/2026-01-19/ HTTP/1.1" 200 74
INFO 2026-01-19 10:44:14,562 django.server "GET /api/client/me/profile/ HTTP/1.1" 200 476
INFO 2026-01-19 10:44:14,562 django.server "GET /api/client/me/profile/ HTTP/1.1" 200 476
INFO 2026-01-19 10:44:14,566 django.server "GET /api/client/meal-allocations/ HTTP/1.1" 200 332
INFO 2026-01-19 10:44:14,566 django.server "GET /api/client/meal-allocations/ HTTP/1.1" 200 332
INFO 2026-01-19 10:44:14,594 django.server "GET /api/nutrition/meal-entries/2026-01-19/ HTTP/1.1" 200 2
INFO 2026-01-19 10:44:14,594 django.server "GET /api/nutrition/meal-entries/2026-01-19/ HTTP/1.1" 200 2
INFO 2026-01-19 10:44:14,656 django.server "GET /api/nutrition/daily-summary/2026-01-19/ HTTP/1.1" 200 74
INFO 2026-01-19 10:44:14,656 django.server "GET /api/nutrition/daily-summary/2026-01-19/ HTTP/1.1" 200 74
INFO 2026-01-19 10:44:14,680 django.server "GET /api/client/me/profile/ HTTP/1.1" 200 476
INFO 2026-01-19 10:44:14,681 django.server "GET /api/client/meal-allocations/ HTTP/1.1" 200 332
INFO 2026-01-19 10:44:14,680 django.server "GET /api/client/me/profile/ HTTP/1.1" 200 476
INFO 2026-01-19 10:44:14,681 django.server "GET /api/client/meal-allocations/ HTTP/1.1" 200 332
INFO 2026-01-19 10:44:28,350 django.server "GET /api/auth/me/ HTTP/1.1" 200 65
INFO 2026-01-19 10:44:28,350 django.server "GET /api/auth/me/ HTTP/1.1" 200 65
INFO 2026-01-19 10:44:28,359 django.server "GET /api/nutrition/meal-entries/2026-01-19/ HTTP/1.1" 200 2
INFO 2026-01-19 10:44:28,359 django.server "GET /api/nutrition/meal-entries/2026-01-19/ HTTP/1.1" 200 2
INFO 2026-01-19 10:44:28,360 django.server "GET /api/client/meal-allocations/ HTTP/1.1" 200 332
INFO 2026-01-19 10:44:28,360 django.server "GET /api/nutrition/daily-summary/2026-01-19/ HTTP/1.1" 200 74
INFO 2026-01-19 10:44:28,360 django.server "GET /api/client/meal-allocations/ HTTP/1.1" 200 332
INFO 2026-01-19 10:44:28,363 django.server "GET /api/client/me/profile/ HTTP/1.1" 200 476
INFO 2026-01-19 10:44:28,360 django.server "GET /api/nutrition/daily-summary/2026-01-19/ HTTP/1.1" 200 74
INFO 2026-01-19 10:44:28,363 django.server "GET /api/client/me/profile/ HTTP/1.1" 200 476
INFO 2026-01-19 10:44:28,439 django.server "GET /api/nutrition/daily-summary/2026-01-19/ HTTP/1.1" 200 74
INFO 2026-01-19 10:44:28,440 django.server "GET /api/nutrition/meal-entries/2026-01-19/ HTTP/1.1" 200 2
INFO 2026-01-19 10:44:28,439 django.server "GET /api/nutrition/daily-summary/2026-01-19/ HTTP/1.1" 200 74
INFO 2026-01-19 10:44:28,440 django.server "GET /api/nutrition/meal-entries/2026-01-19/ HTTP/1.1" 200 2
INFO 2026-01-19 10:44:28,448 django.server "GET /api/client/me/profile/ HTTP/1.1" 200 476
INFO 2026-01-19 10:44:28,448 django.server "GET /api/client/me/profile/ HTTP/1.1" 200 476
INFO 2026-01-19 10:44:28,451 django.server "GET /api/client/meal-allocations/ HTTP/1.1" 200 332
INFO 2026-01-19 10:44:28,451 django.server "GET /api/client/meal-allocations/ HTTP/1.1" 200 332
INFO 2026-01-19 10:44:28,513 django.server "GET /api/client/me/profile/ HTTP/1.1" 200 476
INFO 2026-01-19 10:44:28,513 django.server "GET /api/client/me/profile/ HTTP/1.1" 200 476
INFO 2026-01-19 10:44:28,516 django.server "GET /api/nutrition/meal-entries/2026-01-19/ HTTP/1.1" 200 2
INFO 2026-01-19 10:44:28,516 django.server "GET /api/nutrition/meal-entries/2026-01-19/ HTTP/1.1" 200 2
INFO 2026-01-19 10:44:28,518 django.server "GET /api/nutrition/daily-summary/2026-01-19/ HTTP/1.1" 200 74
INFO 2026-01-19 10:44:28,518 django.server "GET /api/nutrition/daily-summary/2026-01-19/ HTTP/1.1" 200 74
INFO 2026-01-19 10:44:28,529 django.server "GET /api/client/meal-allocations/ HTTP/1.1" 200 332
INFO 2026-01-19 10:44:28,529 django.server "GET /api/client/meal-allocations/ HTTP/1.1" 200 332
INFO 2026-01-19 10:44:28,592 django.server "GET /api/nutrition/meal-entries/2026-01-19/ HTTP/1.1" 200 2
INFO 2026-01-19 10:44:28,592 django.server "GET /api/nutrition/meal-entries/2026-01-19/ HTTP/1.1" 200 2
INFO 2026-01-19 10:44:28,599 django.server "GET /api/client/me/profile/ HTTP/1.1" 200 476
INFO 2026-01-19 10:44:28,599 django.server "GET /api/client/me/profile/ HTTP/1.1" 200 476
INFO 2026-01-19 10:44:28,603 django.server "GET /api/nutrition/daily-summary/2026-01-19/ HTTP/1.1" 200 74
INFO 2026-01-19 10:44:28,603 django.server "GET /api/nutrition/daily-summary/2026-01-19/ HTTP/1.1" 200 74
INFO 2026-01-19 10:44:28,621 django.server "GET /api/client/meal-allocations/ HTTP/1.1" 200 332
INFO 2026-01-19 10:44:28,621 django.server "GET /api/client/meal-allocations/ HTTP/1.1" 200 332
INFO 2026-01-19 10:44:30,372 django.server "GET /api/nutrition/daily-summary/2026-01-19/ HTTP/1.1" 200 74
INFO 2026-01-19 10:44:30,372 django.server "GET /api/nutrition/daily-summary/2026-01-19/ HTTP/1.1" 200 74
INFO 2026-01-19 10:44:30,377 django.server "GET /api/nutrition/meal-entries/2026-01-19/ HTTP/1.1" 200 2
INFO 2026-01-19 10:44:30,377 django.server "GET /api/auth/me/ HTTP/1.1" 200 65
INFO 2026-01-19 10:44:30,377 django.server "GET /api/client/meal-allocations/ HTTP/1.1" 200 332
INFO 2026-01-19 10:44:30,377 django.server "GET /api/client/meal-allocations/ HTTP/1.1" 200 332
INFO 2026-01-19 10:44:30,377 django.server "GET /api/auth/me/ HTTP/1.1" 200 65
INFO 2026-01-19 10:44:30,377 django.server "GET /api/nutrition/meal-entries/2026-01-19/ HTTP/1.1" 200 2
INFO 2026-01-19 10:44:30,411 django.server "GET /api/client/me/profile/ HTTP/1.1" 200 476
INFO 2026-01-19 10:44:30,411 django.server "GET /api/client/me/profile/ HTTP/1.1" 200 476
INFO 2026-01-19 10:44:30,467 django.server "GET /api/client/meal-allocations/ HTTP/1.1" 200 332
INFO 2026-01-19 10:44:30,467 django.server "GET /api/client/meal-allocations/ HTTP/1.1" 200 332
INFO 2026-01-19 10:44:30,471 django.server "GET /api/nutrition/meal-entries/2026-01-19/ HTTP/1.1" 200 2
INFO 2026-01-19 10:44:30,471 django.server "GET /api/nutrition/meal-entries/2026-01-19/ HTTP/1.1" 200 2
INFO 2026-01-19 10:44:30,486 django.server "GET /api/nutrition/daily-summary/2026-01-19/ HTTP/1.1" 200 74
INFO 2026-01-19 10:44:30,486 django.server "GET /api/nutrition/daily-summary/2026-01-19/ HTTP/1.1" 200 74
INFO 2026-01-19 10:44:30,493 django.server "GET /api/client/me/profile/ HTTP/1.1" 200 476
INFO 2026-01-19 10:44:30,493 django.server "GET /api/client/me/profile/ HTTP/1.1" 200 476
INFO 2026-01-19 10:44:30,544 django.server "GET /api/client/meal-allocations/ HTTP/1.1" 200 332
INFO 2026-01-19 10:44:30,544 django.server "GET /api/client/meal-allocations/ HTTP/1.1" 200 332
INFO 2026-01-19 10:44:30,550 django.server "GET /api/nutrition/daily-summary/2026-01-19/ HTTP/1.1" 200 74
INFO 2026-01-19 10:44:30,550 django.server "GET /api/nutrition/daily-summary/2026-01-19/ HTTP/1.1" 200 74
INFO 2026-01-19 10:44:30,556 django.server "GET /api/client/me/profile/ HTTP/1.1" 200 476
INFO 2026-01-19 10:44:30,556 django.server "GET /api/client/me/profile/ HTTP/1.1" 200 476
INFO 2026-01-19 10:44:30,611 django.server "GET /api/nutrition/daily-summary/2026-01-19/ HTTP/1.1" 200 74
INFO 2026-01-19 10:44:30,611 django.server "GET /api/client/meal-allocations/ HTTP/1.1" 200 332
INFO 2026-01-19 10:44:30,611 django.server "GET /api/nutrition/daily-summary/2026-01-19/ HTTP/1.1" 200 74
INFO 2026-01-19 10:44:30,611 django.server "GET /api/client/meal-allocations/ HTTP/1.1" 200 332
INFO 2026-01-19 10:44:30,613 django.server "GET /api/client/me/profile/ HTTP/1.1" 200 476
INFO 2026-01-19 10:44:30,613 django.server "GET /api/client/me/profile/ HTTP/1.1" 200 476
INFO 2026-01-19 10:44:30,650 django.server "GET /api/nutrition/meal-entries/2026-01-19/ HTTP/1.1" 200 2
INFO 2026-01-19 10:44:30,650 django.server "GET /api/nutrition/meal-entries/2026-01-19/ HTTP/1.1" 200 2
INFO 2026-01-19 10:44:30,706 django.server "GET /api/nutrition/meal-entries/2026-01-19/ HTTP/1.1" 200 2
INFO 2026-01-19 10:44:30,706 django.server "GET /api/nutrition/meal-entries/2026-01-19/ HTTP/1.1" 200 2
INFO 2026-01-19 10:44:32,244 django.server "GET /api/client/meal-allocations/ HTTP/1.1" 200 332
INFO 2026-01-19 10:44:32,244 django.server "GET /api/client/meal-allocations/ HTTP/1.1" 200 332
INFO 2026-01-19 10:44:32,292 django.server "GET /api/nutrition/daily-summary/2026-01-19/ HTTP/1.1" 200 74
INFO 2026-01-19 10:44:32,292 django.server "GET /api/nutrition/daily-summary/2026-01-19/ HTTP/1.1" 200 74
INFO 2026-01-19 10:44:32,353 django.server "GET /api/nutrition/meal-entries/2026-01-19/ HTTP/1.1" 200 2
INFO 2026-01-19 10:44:32,353 django.server "GET /api/nutrition/meal-entries/2026-01-19/ HTTP/1.1" 200 2
INFO 2026-01-19 10:44:32,424 django.server "GET /api/auth/me/ HTTP/1.1" 200 65
INFO 2026-01-19 10:44:32,424 django.server "GET /api/auth/me/ HTTP/1.1" 200 65
INFO 2026-01-19 10:44:32,529 django.server "GET /api/client/me/profile/ HTTP/1.1" 200 476
INFO 2026-01-19 10:44:32,529 django.server "GET /api/client/me/profile/ HTTP/1.1" 200 476
INFO 2026-01-19 10:44:32,571 django.server "GET /api/client/meal-allocations/ HTTP/1.1" 200 332
INFO 2026-01-19 10:44:32,571 django.server "GET /api/client/meal-allocations/ HTTP/1.1" 200 332
INFO 2026-01-19 10:44:32,578 django.server "GET /api/nutrition/daily-summary/2026-01-19/ HTTP/1.1" 200 74
INFO 2026-01-19 10:44:32,578 django.server "GET /api/nutrition/daily-summary/2026-01-19/ HTTP/1.1" 200 74
INFO 2026-01-19 10:44:32,579 django.server "GET /api/nutrition/meal-entries/2026-01-19/ HTTP/1.1" 200 2
INFO 2026-01-19 10:44:32,579 django.server "GET /api/nutrition/meal-entries/2026-01-19/ HTTP/1.1" 200 2
INFO 2026-01-19 10:44:32,604 django.server "GET /api/client/me/profile/ HTTP/1.1" 200 476
INFO 2026-01-19 10:44:32,604 django.server "GET /api/client/me/profile/ HTTP/1.1" 200 476
INFO 2026-01-19 10:44:32,639 django.server "GET /api/client/meal-allocations/ HTTP/1.1" 200 332
INFO 2026-01-19 10:44:32,639 django.server "GET /api/client/meal-allocations/ HTTP/1.1" 200 332
INFO 2026-01-19 10:44:32,644 django.server "GET /api/nutrition/daily-summary/2026-01-19/ HTTP/1.1" 200 74
INFO 2026-01-19 10:44:32,644 django.server "GET /api/nutrition/daily-summary/2026-01-19/ HTTP/1.1" 200 74
INFO 2026-01-19 10:44:32,652 django.server "GET /api/nutrition/meal-entries/2026-01-19/ HTTP/1.1" 200 2
INFO 2026-01-19 10:44:32,652 django.server "GET /api/nutrition/meal-entries/2026-01-19/ HTTP/1.1" 200 2
INFO 2026-01-19 10:44:32,671 django.server "GET /api/client/me/profile/ HTTP/1.1" 200 476
INFO 2026-01-19 10:44:32,671 django.server "GET /api/client/me/profile/ HTTP/1.1" 200 476
INFO 2026-01-19 10:44:32,724 django.server "GET /api/client/meal-allocations/ HTTP/1.1" 200 332
INFO 2026-01-19 10:44:32,724 django.server "GET /api/client/meal-allocations/ HTTP/1.1" 200 332
INFO 2026-01-19 10:44:32,730 django.server "GET /api/nutrition/daily-summary/2026-01-19/ HTTP/1.1" 200 74
INFO 2026-01-19 10:44:32,730 django.server "GET /api/nutrition/daily-summary/2026-01-19/ HTTP/1.1" 200 74
INFO 2026-01-19 10:44:32,741 django.server "GET /api/nutrition/meal-entries/2026-01-19/ HTTP/1.1" 200 2
INFO 2026-01-19 10:44:32,741 django.server "GET /api/nutrition/meal-entries/2026-01-19/ HTTP/1.1" 200 2
INFO 2026-01-19 10:44:32,760 django.server "GET /api/client/me/profile/ HTTP/1.1" 200 476
INFO 2026-01-19 10:44:32,760 django.server "GET /api/client/me/profile/ HTTP/1.1" 200 476
INFO 2026-01-19 10:44:36,341 django.server "GET /api/nutrition/daily-summary/2026-01-19/ HTTP/1.1" 200 74
INFO 2026-01-19 10:44:36,341 django.server "GET /api/nutrition/daily-summary/2026-01-19/ HTTP/1.1" 200 74
INFO 2026-01-19 10:44:36,348 django.server "GET /api/nutrition/meal-entries/2026-01-19/ HTTP/1.1" 200 2
INFO 2026-01-19 10:44:36,350 django.server "GET /api/client/meal-allocations/ HTTP/1.1" 200 332
INFO 2026-01-19 10:44:36,348 django.server "GET /api/nutrition/meal-entries/2026-01-19/ HTTP/1.1" 200 2
INFO 2026-01-19 10:44:36,350 django.server "GET /api/client/meal-allocations/ HTTP/1.1" 200 332
INFO 2026-01-19 10:44:36,383 django.server "GET /api/auth/me/ HTTP/1.1" 200 65
INFO 2026-01-19 10:44:36,383 django.server "GET /api/auth/me/ HTTP/1.1" 200 65
INFO 2026-01-19 10:44:36,391 django.server "GET /api/client/me/profile/ HTTP/1.1" 200 476
INFO 2026-01-19 10:44:36,391 django.server "GET /api/client/me/profile/ HTTP/1.1" 200 476
INFO 2026-01-19 10:44:36,448 django.server "GET /api/nutrition/meal-entries/2026-01-19/ HTTP/1.1" 200 2
INFO 2026-01-19 10:44:36,448 django.server "GET /api/nutrition/meal-entries/2026-01-19/ HTTP/1.1" 200 2
INFO 2026-01-19 10:44:36,456 django.server "GET /api/nutrition/daily-summary/2026-01-19/ HTTP/1.1" 200 74
INFO 2026-01-19 10:44:36,456 django.server "GET /api/nutrition/daily-summary/2026-01-19/ HTTP/1.1" 200 74
INFO 2026-01-19 10:44:36,466 django.server "GET /api/client/meal-allocations/ HTTP/1.1" 200 332
INFO 2026-01-19 10:44:36,466 django.server "GET /api/client/meal-allocations/ HTTP/1.1" 200 332
INFO 2026-01-19 10:44:36,511 django.server "GET /api/client/me/profile/ HTTP/1.1" 200 476
INFO 2026-01-19 10:44:36,511 django.server "GET /api/client/me/profile/ HTTP/1.1" 200 476
INFO 2026-01-19 10:44:36,553 django.server "GET /api/nutrition/daily-summary/2026-01-19/ HTTP/1.1" 200 74
INFO 2026-01-19 10:44:36,553 django.server "GET /api/nutrition/daily-summary/2026-01-19/ HTTP/1.1" 200 74
INFO 2026-01-19 10:44:36,561 django.server "GET /api/client/meal-allocations/ HTTP/1.1" 200 332
INFO 2026-01-19 10:44:36,561 django.server "GET /api/client/meal-allocations/ HTTP/1.1" 200 332
INFO 2026-01-19 10:44:36,566 django.server "GET /api/nutrition/meal-entries/2026-01-19/ HTTP/1.1" 200 2
INFO 2026-01-19 10:44:36,566 django.server "GET /api/nutrition/meal-entries/2026-01-19/ HTTP/1.1" 200 2
INFO 2026-01-19 10:44:36,583 django.server "GET /api/client/me/profile/ HTTP/1.1" 200 476
INFO 2026-01-19 10:44:36,583 django.server "GET /api/client/me/profile/ HTTP/1.1" 200 476
INFO 2026-01-19 10:44:36,636 django.server "GET /api/nutrition/daily-summary/2026-01-19/ HTTP/1.1" 200 74
INFO 2026-01-19 10:44:36,636 django.server "GET /api/nutrition/daily-summary/2026-01-19/ HTTP/1.1" 200 74
INFO 2026-01-19 10:44:36,642 django.server "GET /api/nutrition/meal-entries/2026-01-19/ HTTP/1.1" 200 2
INFO 2026-01-19 10:44:36,643 django.server "GET /api/client/meal-allocations/ HTTP/1.1" 200 332
INFO 2026-01-19 10:44:36,642 django.server "GET /api/nutrition/meal-entries/2026-01-19/ HTTP/1.1" 200 2
INFO 2026-01-19 10:44:36,643 django.server "GET /api/client/meal-allocations/ HTTP/1.1" 200 332
INFO 2026-01-19 10:44:36,655 django.server "GET /api/client/me/profile/ HTTP/1.1" 200 476
INFO 2026-01-19 10:44:36,655 django.server "GET /api/client/me/profile/ HTTP/1.1" 200 476
INFO 2026-01-19 10:44:41,744 django.server "GET /api/auth/me/ HTTP/1.1" 200 65
INFO 2026-01-19 10:44:41,744 django.server "GET /api/auth/me/ HTTP/1.1" 200 65
INFO 2026-01-19 10:44:41,758 django.server "GET /api/client/meal-allocations/ HTTP/1.1" 200 332
INFO 2026-01-19 10:44:41,758 django.server "GET /api/client/meal-allocations/ HTTP/1.1" 200 332
INFO 2026-01-19 10:44:41,771 django.server "GET /api/nutrition/meal-entries/2026-01-19/ HTTP/1.1" 200 2
INFO 2026-01-19 10:44:41,774 django.server "GET /api/nutrition/daily-summary/2026-01-19/ HTTP/1.1" 200 74
INFO 2026-01-19 10:44:41,771 django.server "GET /api/nutrition/meal-entries/2026-01-19/ HTTP/1.1" 200 2
INFO 2026-01-19 10:44:41,774 django.server "GET /api/nutrition/daily-summary/2026-01-19/ HTTP/1.1" 200 74
INFO 2026-01-19 10:44:41,803 django.server "GET /api/client/me/profile/ HTTP/1.1" 200 476
INFO 2026-01-19 10:44:41,803 django.server "GET /api/client/me/profile/ HTTP/1.1" 200 476
INFO 2026-01-19 10:44:41,861 django.server "GET /api/client/meal-allocations/ HTTP/1.1" 200 332
INFO 2026-01-19 10:44:41,861 django.server "GET /api/client/meal-allocations/ HTTP/1.1" 200 332
INFO 2026-01-19 10:44:41,871 django.server "GET /api/nutrition/daily-summary/2026-01-19/ HTTP/1.1" 200 74
INFO 2026-01-19 10:44:41,871 django.server "GET /api/nutrition/meal-entries/2026-01-19/ HTTP/1.1" 200 2
INFO 2026-01-19 10:44:41,871 django.server "GET /api/nutrition/daily-summary/2026-01-19/ HTTP/1.1" 200 74
INFO 2026-01-19 10:44:41,871 django.server "GET /api/nutrition/meal-entries/2026-01-19/ HTTP/1.1" 200 2
INFO 2026-01-19 10:44:41,881 django.server "GET /api/client/me/profile/ HTTP/1.1" 200 476
INFO 2026-01-19 10:44:41,881 django.server "GET /api/client/me/profile/ HTTP/1.1" 200 476
INFO 2026-01-19 10:44:41,943 django.server "GET /api/nutrition/meal-entries/2026-01-19/ HTTP/1.1" 200 2
INFO 2026-01-19 10:44:41,943 django.server "GET /api/nutrition/meal-entries/2026-01-19/ HTTP/1.1" 200 2
INFO 2026-01-19 10:44:41,948 django.server "GET /api/client/meal-allocations/ HTTP/1.1" 200 332
INFO 2026-01-19 10:44:41,948 django.server "GET /api/client/meal-allocations/ HTTP/1.1" 200 332
INFO 2026-01-19 10:44:41,950 django.server "GET /api/nutrition/daily-summary/2026-01-19/ HTTP/1.1" 200 74
INFO 2026-01-19 10:44:41,950 django.server "GET /api/nutrition/daily-summary/2026-01-19/ HTTP/1.1" 200 74
INFO 2026-01-19 10:44:41,963 django.server "GET /api/client/me/profile/ HTTP/1.1" 200 476
INFO 2026-01-19 10:44:41,963 django.server "GET /api/client/me/profile/ HTTP/1.1" 200 476
INFO 2026-01-19 10:44:42,012 django.server "GET /api/nutrition/meal-entries/2026-01-19/ HTTP/1.1" 200 2
INFO 2026-01-19 10:44:42,012 django.server "GET /api/nutrition/meal-entries/2026-01-19/ HTTP/1.1" 200 2
INFO 2026-01-19 10:44:42,022 django.server "GET /api/nutrition/daily-summary/2026-01-19/ HTTP/1.1" 200 74
INFO 2026-01-19 10:44:42,022 django.server "GET /api/nutrition/daily-summary/2026-01-19/ HTTP/1.1" 200 74
INFO 2026-01-19 10:44:42,025 django.server "GET /api/client/meal-allocations/ HTTP/1.1" 200 332
INFO 2026-01-19 10:44:42,025 django.server "GET /api/client/meal-allocations/ HTTP/1.1" 200 332
INFO 2026-01-19 10:44:42,038 django.server "GET /api/client/me/profile/ HTTP/1.1" 200 476
INFO 2026-01-19 10:44:42,038 django.server "GET /api/client/me/profile/ HTTP/1.1" 200 476
INFO 2026-01-19 10:44:42,239 django.server "GET /api/auth/me/ HTTP/1.1" 200 65
INFO 2026-01-19 10:44:42,239 django.server "GET /api/auth/me/ HTTP/1.1" 200 65
INFO 2026-01-19 10:44:42,243 django.server "GET /api/nutrition/daily-summary/2026-01-19/ HTTP/1.1" 200 74
INFO 2026-01-19 10:44:42,243 django.server "GET /api/client/meal-allocations/ HTTP/1.1" 200 332
INFO 2026-01-19 10:44:42,243 django.server "GET /api/nutrition/daily-summary/2026-01-19/ HTTP/1.1" 200 74
INFO 2026-01-19 10:44:42,243 django.server "GET /api/client/meal-allocations/ HTTP/1.1" 200 332
INFO 2026-01-19 10:44:42,252 django.server "GET /api/nutrition/meal-entries/2026-01-19/ HTTP/1.1" 200 2
INFO 2026-01-19 10:44:42,252 django.server "GET /api/nutrition/meal-entries/2026-01-19/ HTTP/1.1" 200 2
INFO 2026-01-19 10:44:42,280 django.server "GET /api/client/me/profile/ HTTP/1.1" 200 476
INFO 2026-01-19 10:44:42,280 django.server "GET /api/client/me/profile/ HTTP/1.1" 200 476
INFO 2026-01-19 10:44:42,321 django.server "GET /api/nutrition/daily-summary/2026-01-19/ HTTP/1.1" 200 74
INFO 2026-01-19 10:44:42,321 django.server "GET /api/nutrition/daily-summary/2026-01-19/ HTTP/1.1" 200 74
INFO 2026-01-19 10:44:42,332 django.server "GET /api/nutrition/meal-entries/2026-01-19/ HTTP/1.1" 200 2
INFO 2026-01-19 10:44:42,332 django.server "GET /api/nutrition/meal-entries/2026-01-19/ HTTP/1.1" 200 2
INFO 2026-01-19 10:44:42,348 django.server "GET /api/client/meal-allocations/ HTTP/1.1" 200 332
INFO 2026-01-19 10:44:42,348 django.server "GET /api/client/meal-allocations/ HTTP/1.1" 200 332
INFO 2026-01-19 10:44:42,366 django.server "GET /api/client/me/profile/ HTTP/1.1" 200 476
INFO 2026-01-19 10:44:42,366 django.server "GET /api/client/me/profile/ HTTP/1.1" 200 476
INFO 2026-01-19 10:44:42,394 django.server "GET /api/nutrition/daily-summary/2026-01-19/ HTTP/1.1" 200 74
INFO 2026-01-19 10:44:42,394 django.server "GET /api/nutrition/daily-summary/2026-01-19/ HTTP/1.1" 200 74
INFO 2026-01-19 10:44:42,400 django.server "GET /api/nutrition/meal-entries/2026-01-19/ HTTP/1.1" 200 2
INFO 2026-01-19 10:44:42,400 django.server "GET /api/nutrition/meal-entries/2026-01-19/ HTTP/1.1" 200 2
INFO 2026-01-19 10:44:42,421 django.server "GET /api/client/meal-allocations/ HTTP/1.1" 200 332
INFO 2026-01-19 10:44:42,421 django.server "GET /api/client/meal-allocations/ HTTP/1.1" 200 332
INFO 2026-01-19 10:44:42,444 django.server "GET /api/client/me/profile/ HTTP/1.1" 200 476
INFO 2026-01-19 10:44:42,444 django.server "GET /api/client/me/profile/ HTTP/1.1" 200 476
INFO 2026-01-19 10:44:42,472 django.server "GET /api/nutrition/daily-summary/2026-01-19/ HTTP/1.1" 200 74
INFO 2026-01-19 10:44:42,472 django.server "GET /api/nutrition/daily-summary/2026-01-19/ HTTP/1.1" 200 74
INFO 2026-01-19 10:44:42,479 django.server "GET /api/nutrition/meal-entries/2026-01-19/ HTTP/1.1" 200 2
INFO 2026-01-19 10:44:42,479 django.server "GET /api/nutrition/meal-entries/2026-01-19/ HTTP/1.1" 200 2
INFO 2026-01-19 10:44:42,503 django.server "GET /api/client/me/profile/ HTTP/1.1" 200 476
INFO 2026-01-19 10:44:42,503 django.server "GET /api/client/me/profile/ HTTP/1.1" 200 476
INFO 2026-01-19 10:44:42,505 django.server "GET /api/client/meal-allocations/ HTTP/1.1" 200 332
INFO 2026-01-19 10:44:42,505 django.server "GET /api/client/meal-allocations/ HTTP/1.1" 200 332
INFO 2026-01-19 10:44:44,264 django.server "GET /api/client/meal-allocations/ HTTP/1.1" 200 332
INFO 2026-01-19 10:44:44,264 django.server "GET /api/client/meal-allocations/ HTTP/1.1" 200 332
INFO 2026-01-19 10:44:44,268 django.server "GET /api/auth/me/ HTTP/1.1" 200 65
INFO 2026-01-19 10:44:44,268 django.server "GET /api/auth/me/ HTTP/1.1" 200 65
INFO 2026-01-19 10:44:44,274 django.server "GET /api/nutrition/daily-summary/2026-01-19/ HTTP/1.1" 200 74
INFO 2026-01-19 10:44:44,274 django.server "GET /api/nutrition/daily-summary/2026-01-19/ HTTP/1.1" 200 74
INFO 2026-01-19 10:44:44,280 django.server "GET /api/client/me/profile/ HTTP/1.1" 200 476
INFO 2026-01-19 10:44:44,280 django.server "GET /api/client/me/profile/ HTTP/1.1" 200 476
INFO 2026-01-19 10:44:44,284 django.server "GET /api/nutrition/meal-entries/2026-01-19/ HTTP/1.1" 200 2
INFO 2026-01-19 10:44:44,284 django.server "GET /api/nutrition/meal-entries/2026-01-19/ HTTP/1.1" 200 2
INFO 2026-01-19 10:44:44,358 django.server "GET /api/client/meal-allocations/ HTTP/1.1" 200 332
INFO 2026-01-19 10:44:44,358 django.server "GET /api/client/meal-allocations/ HTTP/1.1" 200 332
INFO 2026-01-19 10:44:44,399 django.server "GET /api/nutrition/daily-summary/2026-01-19/ HTTP/1.1" 200 74
INFO 2026-01-19 10:44:44,399 django.server "GET /api/nutrition/daily-summary/2026-01-19/ HTTP/1.1" 200 74
INFO 2026-01-19 10:44:44,434 django.server "GET /api/nutrition/meal-entries/2026-01-19/ HTTP/1.1" 200 2
INFO 2026-01-19 10:44:44,434 django.server "GET /api/nutrition/meal-entries/2026-01-19/ HTTP/1.1" 200 2
INFO 2026-01-19 10:44:44,504 django.server "GET /api/client/me/profile/ HTTP/1.1" 200 476
INFO 2026-01-19 10:44:44,504 django.server "GET /api/client/me/profile/ HTTP/1.1" 200 476
INFO 2026-01-19 10:44:44,521 django.server "GET /api/client/meal-allocations/ HTTP/1.1" 200 332
INFO 2026-01-19 10:44:44,521 django.server "GET /api/client/meal-allocations/ HTTP/1.1" 200 332
INFO 2026-01-19 10:44:44,548 django.server "GET /api/nutrition/meal-entries/2026-01-19/ HTTP/1.1" 200 2
INFO 2026-01-19 10:44:44,548 django.server "GET /api/nutrition/meal-entries/2026-01-19/ HTTP/1.1" 200 2
INFO 2026-01-19 10:44:44,580 django.server "GET /api/client/me/profile/ HTTP/1.1" 200 476
INFO 2026-01-19 10:44:44,580 django.server "GET /api/client/me/profile/ HTTP/1.1" 200 476
INFO 2026-01-19 10:44:44,603 django.server "GET /api/client/meal-allocations/ HTTP/1.1" 200 332
INFO 2026-01-19 10:44:44,603 django.server "GET /api/client/meal-allocations/ HTTP/1.1" 200 332
INFO 2026-01-19 10:44:44,613 django.server "GET /api/nutrition/meal-entries/2026-01-19/ HTTP/1.1" 200 2
INFO 2026-01-19 10:44:44,613 django.server "GET /api/nutrition/meal-entries/2026-01-19/ HTTP/1.1" 200 2
INFO 2026-01-19 10:44:44,634 django.server "GET /api/nutrition/daily-summary/2026-01-19/ HTTP/1.1" 200 74
INFO 2026-01-19 10:44:44,634 django.server "GET /api/nutrition/daily-summary/2026-01-19/ HTTP/1.1" 200 74
INFO 2026-01-19 10:44:44,654 django.server "GET /api/client/me/profile/ HTTP/1.1" 200 476
INFO 2026-01-19 10:44:44,654 django.server "GET /api/client/me/profile/ HTTP/1.1" 200 476
INFO 2026-01-19 10:44:44,698 django.server "GET /api/nutrition/daily-summary/2026-01-19/ HTTP/1.1" 200 74
INFO 2026-01-19 10:44:44,698 django.server "GET /api/nutrition/daily-summary/2026-01-19/ HTTP/1.1" 200 74
INFO 2026-01-19 10:44:45,291 django.server "GET /api/nutrition/daily-summary/2026-01-19/ HTTP/1.1" 200 74
INFO 2026-01-19 10:44:45,291 django.server "GET /api/nutrition/daily-summary/2026-01-19/ HTTP/1.1" 200 74
INFO 2026-01-19 10:44:45,295 django.server "GET /api/client/meal-allocations/ HTTP/1.1" 200 332
INFO 2026-01-19 10:44:45,295 django.server "GET /api/client/meal-allocations/ HTTP/1.1" 200 332
INFO 2026-01-19 10:44:45,304 django.server "GET /api/auth/me/ HTTP/1.1" 200 65
INFO 2026-01-19 10:44:45,304 django.server "GET /api/auth/me/ HTTP/1.1" 200 65
INFO 2026-01-19 10:44:45,315 django.server "GET /api/nutrition/meal-entries/2026-01-19/ HTTP/1.1" 200 2
INFO 2026-01-19 10:44:45,318 django.server "GET /api/client/me/profile/ HTTP/1.1" 200 476
INFO 2026-01-19 10:44:45,318 django.server "GET /api/client/me/profile/ HTTP/1.1" 200 476
INFO 2026-01-19 10:44:45,315 django.server "GET /api/nutrition/meal-entries/2026-01-19/ HTTP/1.1" 200 2
INFO 2026-01-19 10:44:45,378 django.server "GET /api/nutrition/daily-summary/2026-01-19/ HTTP/1.1" 200 74
INFO 2026-01-19 10:44:45,378 django.server "GET /api/nutrition/daily-summary/2026-01-19/ HTTP/1.1" 200 74
INFO 2026-01-19 10:44:45,388 django.server "GET /api/client/meal-allocations/ HTTP/1.1" 200 332
INFO 2026-01-19 10:44:45,388 django.server "GET /api/client/meal-allocations/ HTTP/1.1" 200 332
INFO 2026-01-19 10:44:45,402 django.server "GET /api/client/me/profile/ HTTP/1.1" 200 476
INFO 2026-01-19 10:44:45,402 django.server "GET /api/nutrition/meal-entries/2026-01-19/ HTTP/1.1" 200 2
INFO 2026-01-19 10:44:45,402 django.server "GET /api/client/me/profile/ HTTP/1.1" 200 476
INFO 2026-01-19 10:44:45,402 django.server "GET /api/nutrition/meal-entries/2026-01-19/ HTTP/1.1" 200 2
INFO 2026-01-19 10:44:45,448 django.server "GET /api/nutrition/daily-summary/2026-01-19/ HTTP/1.1" 200 74
INFO 2026-01-19 10:44:45,448 django.server "GET /api/nutrition/daily-summary/2026-01-19/ HTTP/1.1" 200 74
INFO 2026-01-19 10:44:45,468 django.server "GET /api/client/meal-allocations/ HTTP/1.1" 200 332
INFO 2026-01-19 10:44:45,468 django.server "GET /api/client/meal-allocations/ HTTP/1.1" 200 332
INFO 2026-01-19 10:44:45,486 django.server "GET /api/client/me/profile/ HTTP/1.1" 200 476
INFO 2026-01-19 10:44:45,486 django.server "GET /api/nutrition/meal-entries/2026-01-19/ HTTP/1.1" 200 2
INFO 2026-01-19 10:44:45,486 django.server "GET /api/client/me/profile/ HTTP/1.1" 200 476
INFO 2026-01-19 10:44:45,486 django.server "GET /api/nutrition/meal-entries/2026-01-19/ HTTP/1.1" 200 2
INFO 2026-01-19 10:44:45,534 django.server "GET /api/nutrition/daily-summary/2026-01-19/ HTTP/1.1" 200 74
INFO 2026-01-19 10:44:45,534 django.server "GET /api/nutrition/daily-summary/2026-01-19/ HTTP/1.1" 200 74
INFO 2026-01-19 10:44:45,554 django.server "GET /api/client/meal-allocations/ HTTP/1.1" 200 332
INFO 2026-01-19 10:44:45,554 django.server "GET /api/client/meal-allocations/ HTTP/1.1" 200 332
INFO 2026-01-19 10:44:45,567 django.server "GET /api/client/me/profile/ HTTP/1.1" 200 476
INFO 2026-01-19 10:44:45,567 django.server "GET /api/client/me/profile/ HTTP/1.1" 200 476
INFO 2026-01-19 10:44:45,583 django.server "GET /api/nutrition/meal-entries/2026-01-19/ HTTP/1.1" 200 2
INFO 2026-01-19 10:44:45,583 django.server "GET /api/nutrition/meal-entries/2026-01-19/ HTTP/1.1" 200 2
INFO 2026-01-19 10:46:32,640 django.server "GET /api/auth/me/ HTTP/1.1" 200 65
INFO 2026-01-19 10:46:32,640 django.server "GET /api/auth/me/ HTTP/1.1" 200 65
INFO 2026-01-19 10:46:32,654 django.server "GET /api/client/meal-allocations/ HTTP/1.1" 200 332
INFO 2026-01-19 10:46:32,657 django.server "GET /api/nutrition/meal-entries/2026-01-19/ HTTP/1.1" 200 2
INFO 2026-01-19 10:46:32,654 django.server "GET /api/client/meal-allocations/ HTTP/1.1" 200 332
INFO 2026-01-19 10:46:32,663 django.server "GET /api/client/me/profile/ HTTP/1.1" 200 476
INFO 2026-01-19 10:46:32,657 django.server "GET /api/nutrition/meal-entries/2026-01-19/ HTTP/1.1" 200 2
INFO 2026-01-19 10:46:32,663 django.server "GET /api/client/me/profile/ HTTP/1.1" 200 476
INFO 2026-01-19 10:46:32,668 django.server "GET /api/nutrition/daily-summary/2026-01-19/ HTTP/1.1" 200 74
INFO 2026-01-19 10:46:32,668 django.server "GET /api/nutrition/daily-summary/2026-01-19/ HTTP/1.1" 200 74
INFO 2026-01-19 10:46:32,763 django.server "GET /api/nutrition/meal-entries/2026-01-19/ HTTP/1.1" 200 2
INFO 2026-01-19 10:46:32,763 django.server "GET /api/nutrition/meal-entries/2026-01-19/ HTTP/1.1" 200 2
INFO 2026-01-19 10:46:32,784 django.server "GET /api/client/me/profile/ HTTP/1.1" 200 476
INFO 2026-01-19 10:46:32,784 django.server "GET /api/client/me/profile/ HTTP/1.1" 200 476
INFO 2026-01-19 10:46:32,797 django.server "GET /api/nutrition/daily-summary/2026-01-19/ HTTP/1.1" 200 74
INFO 2026-01-19 10:46:32,797 django.server "GET /api/nutrition/daily-summary/2026-01-19/ HTTP/1.1" 200 74
INFO 2026-01-19 10:46:32,812 django.server "GET /api/client/meal-allocations/ HTTP/1.1" 200 332
INFO 2026-01-19 10:46:32,812 django.server "GET /api/client/meal-allocations/ HTTP/1.1" 200 332
INFO 2026-01-19 10:46:32,876 django.server "GET /api/nutrition/meal-entries/2026-01-19/ HTTP/1.1" 200 2
INFO 2026-01-19 10:46:32,876 django.server "GET /api/nutrition/meal-entries/2026-01-19/ HTTP/1.1" 200 2
INFO 2026-01-19 10:46:32,906 django.server "GET /api/nutrition/daily-summary/2026-01-19/ HTTP/1.1" 200 74
INFO 2026-01-19 10:46:32,906 django.server "GET /api/nutrition/daily-summary/2026-01-19/ HTTP/1.1" 200 74
INFO 2026-01-19 10:46:32,918 django.server "GET /api/client/meal-allocations/ HTTP/1.1" 200 332
INFO 2026-01-19 10:46:32,918 django.server "GET /api/client/meal-allocations/ HTTP/1.1" 200 332
INFO 2026-01-19 10:46:32,967 django.server "GET /api/client/me/profile/ HTTP/1.1" 200 476
INFO 2026-01-19 10:46:32,967 django.server "GET /api/client/me/profile/ HTTP/1.1" 200 476
INFO 2026-01-19 10:46:32,973 django.server "GET /api/nutrition/meal-entries/2026-01-19/ HTTP/1.1" 200 2
INFO 2026-01-19 10:46:32,973 django.server "GET /api/nutrition/meal-entries/2026-01-19/ HTTP/1.1" 200 2
INFO 2026-01-19 10:46:33,021 django.server "GET /api/nutrition/daily-summary/2026-01-19/ HTTP/1.1" 200 74
INFO 2026-01-19 10:46:33,021 django.server "GET /api/nutrition/daily-summary/2026-01-19/ HTTP/1.1" 200 74
INFO 2026-01-19 10:46:33,033 django.server "GET /api/client/meal-allocations/ HTTP/1.1" 200 332
INFO 2026-01-19 10:46:33,033 django.server "GET /api/client/meal-allocations/ HTTP/1.1" 200 332
INFO 2026-01-19 10:46:33,054 django.server "GET /api/client/me/profile/ HTTP/1.1" 200 476
INFO 2026-01-19 10:46:33,054 django.server "GET /api/client/me/profile/ HTTP/1.1" 200 476
INFO 2026-01-19 10:46:54,569 django.server "GET /api/auth/me/ HTTP/1.1" 200 65
INFO 2026-01-19 10:46:54,569 django.server "GET /api/auth/me/ HTTP/1.1" 200 65
INFO 2026-01-19 10:46:54,572 django.server "GET /api/nutrition/daily-summary/2026-01-19/ HTTP/1.1" 200 74
INFO 2026-01-19 10:46:54,574 django.server "GET /api/client/meal-allocations/ HTTP/1.1" 200 332
INFO 2026-01-19 10:46:54,574 django.server "GET /api/client/meal-allocations/ HTTP/1.1" 200 332
INFO 2026-01-19 10:46:54,572 django.server "GET /api/nutrition/daily-summary/2026-01-19/ HTTP/1.1" 200 74
INFO 2026-01-19 10:46:54,579 django.server "GET /api/nutrition/meal-entries/2026-01-19/ HTTP/1.1" 200 2
INFO 2026-01-19 10:46:54,579 django.server "GET /api/nutrition/meal-entries/2026-01-19/ HTTP/1.1" 200 2
INFO 2026-01-19 10:46:54,597 django.server "GET /api/client/me/profile/ HTTP/1.1" 200 476
INFO 2026-01-19 10:46:54,597 django.server "GET /api/client/me/profile/ HTTP/1.1" 200 476
INFO 2026-01-19 10:46:54,672 django.server "GET /api/nutrition/daily-summary/2026-01-19/ HTTP/1.1" 200 74
INFO 2026-01-19 10:46:54,676 django.server "GET /api/client/meal-allocations/ HTTP/1.1" 200 332
INFO 2026-01-19 10:46:54,676 django.server "GET /api/nutrition/meal-entries/2026-01-19/ HTTP/1.1" 200 2
INFO 2026-01-19 10:46:54,672 django.server "GET /api/nutrition/daily-summary/2026-01-19/ HTTP/1.1" 200 74
INFO 2026-01-19 10:46:54,676 django.server "GET /api/client/meal-allocations/ HTTP/1.1" 200 332
INFO 2026-01-19 10:46:54,676 django.server "GET /api/nutrition/meal-entries/2026-01-19/ HTTP/1.1" 200 2
INFO 2026-01-19 10:46:54,687 django.server "GET /api/client/me/profile/ HTTP/1.1" 200 476
INFO 2026-01-19 10:46:54,687 django.server "GET /api/client/me/profile/ HTTP/1.1" 200 476
INFO 2026-01-19 10:46:54,771 django.server "GET /api/client/meal-allocations/ HTTP/1.1" 200 332
INFO 2026-01-19 10:46:54,771 django.server "GET /api/client/meal-allocations/ HTTP/1.1" 200 332
INFO 2026-01-19 10:46:54,776 django.server "GET /api/client/me/profile/ HTTP/1.1" 200 476
INFO 2026-01-19 10:46:54,776 django.server "GET /api/client/me/profile/ HTTP/1.1" 200 476
INFO 2026-01-19 10:46:54,779 django.server "GET /api/nutrition/daily-summary/2026-01-19/ HTTP/1.1" 200 74
INFO 2026-01-19 10:46:54,779 django.server "GET /api/nutrition/daily-summary/2026-01-19/ HTTP/1.1" 200 74
INFO 2026-01-19 10:46:54,785 django.server "GET /api/nutrition/meal-entries/2026-01-19/ HTTP/1.1" 200 2
INFO 2026-01-19 10:46:54,785 django.server "GET /api/nutrition/meal-entries/2026-01-19/ HTTP/1.1" 200 2
INFO 2026-01-19 10:46:54,857 django.server "GET /api/client/meal-allocations/ HTTP/1.1" 200 332
INFO 2026-01-19 10:46:54,857 django.server "GET /api/client/meal-allocations/ HTTP/1.1" 200 332
INFO 2026-01-19 10:46:54,865 django.server "GET /api/client/me/profile/ HTTP/1.1" 200 476
INFO 2026-01-19 10:46:54,865 django.server "GET /api/client/me/profile/ HTTP/1.1" 200 476
INFO 2026-01-19 10:46:54,870 django.server "GET /api/nutrition/daily-summary/2026-01-19/ HTTP/1.1" 200 74
INFO 2026-01-19 10:46:54,870 django.server "GET /api/nutrition/daily-summary/2026-01-19/ HTTP/1.1" 200 74
INFO 2026-01-19 10:46:55,053 django.server "GET /api/nutrition/meal-entries/2026-01-19/ HTTP/1.1" 200 2
INFO 2026-01-19 10:46:55,053 django.server "GET /api/nutrition/meal-entries/2026-01-19/ HTTP/1.1" 200 2
INFO 2026-01-19 10:47:02,656 django.server "GET /api/auth/me/ HTTP/1.1" 200 65
INFO 2026-01-19 10:47:02,656 django.server "GET /api/auth/me/ HTTP/1.1" 200 65
INFO 2026-01-19 10:47:02,661 django.server "GET /api/nutrition/meal-entries/2026-01-19/ HTTP/1.1" 200 2
INFO 2026-01-19 10:47:02,664 django.server "GET /api/nutrition/daily-summary/2026-01-19/ HTTP/1.1" 200 74
INFO 2026-01-19 10:47:02,661 django.server "GET /api/nutrition/meal-entries/2026-01-19/ HTTP/1.1" 200 2
INFO 2026-01-19 10:47:02,668 django.server "GET /api/client/meal-allocations/ HTTP/1.1" 200 332
INFO 2026-01-19 10:47:02,664 django.server "GET /api/nutrition/daily-summary/2026-01-19/ HTTP/1.1" 200 74
INFO 2026-01-19 10:47:02,668 django.server "GET /api/client/meal-allocations/ HTTP/1.1" 200 332
INFO 2026-01-19 10:47:02,674 django.server "GET /api/client/me/profile/ HTTP/1.1" 200 476
INFO 2026-01-19 10:47:02,674 django.server "GET /api/client/me/profile/ HTTP/1.1" 200 476
INFO 2026-01-19 10:47:02,764 django.server "GET /api/nutrition/daily-summary/2026-01-19/ HTTP/1.1" 200 74
INFO 2026-01-19 10:47:02,764 django.server "GET /api/nutrition/daily-summary/2026-01-19/ HTTP/1.1" 200 74
INFO 2026-01-19 10:47:02,770 django.server "GET /api/nutrition/meal-entries/2026-01-19/ HTTP/1.1" 200 2
INFO 2026-01-19 10:47:02,770 django.server "GET /api/nutrition/meal-entries/2026-01-19/ HTTP/1.1" 200 2
INFO 2026-01-19 10:47:02,778 django.server "GET /api/client/me/profile/ HTTP/1.1" 200 476
INFO 2026-01-19 10:47:02,778 django.server "GET /api/client/me/profile/ HTTP/1.1" 200 476
INFO 2026-01-19 10:47:02,784 django.server "GET /api/client/meal-allocations/ HTTP/1.1" 200 332
INFO 2026-01-19 10:47:02,784 django.server "GET /api/client/meal-allocations/ HTTP/1.1" 200 332
INFO 2026-01-19 10:47:02,874 django.server "GET /api/nutrition/daily-summary/2026-01-19/ HTTP/1.1" 200 74
INFO 2026-01-19 10:47:02,874 django.server "GET /api/nutrition/daily-summary/2026-01-19/ HTTP/1.1" 200 74
INFO 2026-01-19 10:47:02,884 django.server "GET /api/client/meal-allocations/ HTTP/1.1" 200 332
INFO 2026-01-19 10:47:02,884 django.server "GET /api/client/meal-allocations/ HTTP/1.1" 200 332
INFO 2026-01-19 10:47:02,900 django.server "GET /api/nutrition/meal-entries/2026-01-19/ HTTP/1.1" 200 2
INFO 2026-01-19 10:47:02,900 django.server "GET /api/nutrition/meal-entries/2026-01-19/ HTTP/1.1" 200 2
INFO 2026-01-19 10:47:02,957 django.server "GET /api/client/me/profile/ HTTP/1.1" 200 476
INFO 2026-01-19 10:47:02,957 django.server "GET /api/client/me/profile/ HTTP/1.1" 200 476
INFO 2026-01-19 10:47:02,965 django.server "GET /api/nutrition/daily-summary/2026-01-19/ HTTP/1.1" 200 74
INFO 2026-01-19 10:47:02,965 django.server "GET /api/nutrition/daily-summary/2026-01-19/ HTTP/1.1" 200 74
INFO 2026-01-19 10:47:02,979 django.server "GET /api/client/meal-allocations/ HTTP/1.1" 200 332
INFO 2026-01-19 10:47:02,979 django.server "GET /api/client/meal-allocations/ HTTP/1.1" 200 332
INFO 2026-01-19 10:47:02,993 django.server "GET /api/nutrition/meal-entries/2026-01-19/ HTTP/1.1" 200 2
INFO 2026-01-19 10:47:02,993 django.server "GET /api/nutrition/meal-entries/2026-01-19/ HTTP/1.1" 200 2
INFO 2026-01-19 10:47:03,036 django.server "GET /api/client/me/profile/ HTTP/1.1" 200 476
INFO 2026-01-19 10:47:03,036 django.server "GET /api/client/me/profile/ HTTP/1.1" 200 476
INFO 2026-01-19 10:47:10,228 django.server "GET /api/auth/me/ HTTP/1.1" 200 65
INFO 2026-01-19 10:47:10,228 django.server "GET /api/auth/me/ HTTP/1.1" 200 65
WARNING 2026-01-19 10:51:43,694 django.request Unauthorized: /api/client/meal-allocations/
WARNING 2026-01-19 10:51:43,704 django.request Unauthorized: /api/nutrition/daily-summary/2026-01-19/
WARNING 2026-01-19 10:51:43,694 django.request Unauthorized: /api/client/meal-allocations/
WARNING 2026-01-19 10:51:43,704 django.request Unauthorized: /api/nutrition/daily-summary/2026-01-19/
WARNING 2026-01-19 10:51:43,707 django.request Unauthorized: /api/nutrition/meal-entries/2026-01-19/
WARNING 2026-01-19 10:51:43,708 django.server "GET /api/client/meal-allocations/ HTTP/1.1" 401 37
WARNING 2026-01-19 10:51:43,707 django.request Unauthorized: /api/nutrition/meal-entries/2026-01-19/
WARNING 2026-01-19 10:51:43,710 django.server "GET /api/nutrition/daily-summary/2026-01-19/ HTTP/1.1" 401 37
WARNING 2026-01-19 10:51:43,710 django.server "GET /api/nutrition/daily-summary/2026-01-19/ HTTP/1.1" 401 37
WARNING 2026-01-19 10:51:43,713 django.request Unauthorized: /api/auth/me/
WARNING 2026-01-19 10:51:43,714 django.request Unauthorized: /api/client/me/profile/
WARNING 2026-01-19 10:51:43,714 django.request Unauthorized: /api/client/me/profile/
WARNING 2026-01-19 10:51:43,715 django.server "GET /api/nutrition/meal-entries/2026-01-19/ HTTP/1.1" 401 37
WARNING 2026-01-19 10:51:43,713 django.request Unauthorized: /api/auth/me/
WARNING 2026-01-19 10:51:43,708 django.server "GET /api/client/meal-allocations/ HTTP/1.1" 401 37
WARNING 2026-01-19 10:51:43,721 django.server "GET /api/client/me/profile/ HTTP/1.1" 401 37
WARNING 2026-01-19 10:51:43,715 django.server "GET /api/nutrition/meal-entries/2026-01-19/ HTTP/1.1" 401 37
WARNING 2026-01-19 10:51:43,723 django.server "GET /api/auth/me/ HTTP/1.1" 401 37
WARNING 2026-01-19 10:51:43,721 django.server "GET /api/client/me/profile/ HTTP/1.1" 401 37
WARNING 2026-01-19 10:51:43,723 django.server "GET /api/auth/me/ HTTP/1.1" 401 37
INFO 2026-01-19 10:51:43,892 django.server "POST /api/auth/refresh/ HTTP/1.1" 200 28
INFO 2026-01-19 10:51:43,892 django.server "POST /api/auth/refresh/ HTTP/1.1" 200 28
INFO 2026-01-19 10:51:44,098 django.server "GET /api/nutrition/meal-entries/2026-01-19/ HTTP/1.1" 200 2
INFO 2026-01-19 10:51:44,100 django.server "GET /api/nutrition/daily-summary/2026-01-19/ HTTP/1.1" 200 74
INFO 2026-01-19 10:51:44,100 django.server "GET /api/client/me/profile/ HTTP/1.1" 200 476
INFO 2026-01-19 10:51:44,098 django.server "GET /api/nutrition/meal-entries/2026-01-19/ HTTP/1.1" 200 2
INFO 2026-01-19 10:51:44,100 django.server "GET /api/nutrition/daily-summary/2026-01-19/ HTTP/1.1" 200 74
INFO 2026-01-19 10:51:44,100 django.server "GET /api/client/me/profile/ HTTP/1.1" 200 476
INFO 2026-01-19 10:51:44,106 django.server "GET /api/client/meal-allocations/ HTTP/1.1" 200 332
INFO 2026-01-19 10:51:44,106 django.server "GET /api/client/meal-allocations/ HTTP/1.1" 200 332
INFO 2026-01-19 10:51:44,269 django.server "POST /api/auth/refresh/ HTTP/1.1" 200 28
INFO 2026-01-19 10:51:44,269 django.server "POST /api/auth/refresh/ HTTP/1.1" 200 28
INFO 2026-01-19 10:51:44,451 django.server "GET /api/auth/me/ HTTP/1.1" 200 65
INFO 2026-01-19 10:51:44,451 django.server "GET /api/auth/me/ HTTP/1.1" 200 65
INFO 2026-01-19 10:54:19,491 django.server "GET /api/auth/me/ HTTP/1.1" 200 65
INFO 2026-01-19 10:54:19,491 django.server "GET /api/auth/me/ HTTP/1.1" 200 65
INFO 2026-01-19 10:54:19,634 django.server "GET /api/client/meal-allocations/ HTTP/1.1" 200 332
INFO 2026-01-19 10:54:19,634 django.server "GET /api/nutrition/daily-summary/2026-01-19/ HTTP/1.1" 200 74
INFO 2026-01-19 10:54:19,634 django.server "GET /api/client/meal-allocations/ HTTP/1.1" 200 332
INFO 2026-01-19 10:54:19,634 django.server "GET /api/nutrition/daily-summary/2026-01-19/ HTTP/1.1" 200 74
INFO 2026-01-19 10:54:19,866 django.server "GET /api/client/me/profile/ HTTP/1.1" 200 476
INFO 2026-01-19 10:54:19,866 django.server "GET /api/nutrition/meal-entries/2026-01-19/ HTTP/1.1" 200 2
INFO 2026-01-19 10:54:19,866 django.server "GET /api/client/me/profile/ HTTP/1.1" 200 476
INFO 2026-01-19 10:54:19,866 django.server "GET /api/nutrition/meal-entries/2026-01-19/ HTTP/1.1" 200 2
INFO 2026-01-19 10:54:42,212 django.server "OPTIONS /api/nutrition/meal-entries/ HTTP/1.1" 200 0
INFO 2026-01-19 10:54:42,212 django.server "OPTIONS /api/nutrition/meal-entries/ HTTP/1.1" 200 0
DEBUG 2026-01-19 10:54:42,367 urllib3.connectionpool Starting new HTTPS connection (1): api.edamam.com:443
DEBUG 2026-01-19 10:54:43,976 urllib3.connectionpool https://api.edamam.com:443 "POST /api/nutrition-details?app_id=e9506ce1&app_key=818534556d1d6a5e8d705614b79cb415 HTTP/1.1" 200 None
INFO 2026-01-19 10:54:44,087 django.server "POST /api/nutrition/meal-entries/ HTTP/1.1" 201 379
INFO 2026-01-19 10:54:44,087 django.server "POST /api/nutrition/meal-entries/ HTTP/1.1" 201 379
INFO 2026-01-19 10:54:44,204 django.server "GET /api/nutrition/daily-summary/2026-01-19/ HTTP/1.1" 200 105
INFO 2026-01-19 10:54:44,204 django.server "GET /api/nutrition/daily-summary/2026-01-19/ HTTP/1.1" 200 105
INFO 2026-01-19 10:54:44,215 django.server "GET /api/nutrition/meal-entries/2026-01-19/ HTTP/1.1" 200 381
INFO 2026-01-19 10:54:44,215 django.server "GET /api/nutrition/meal-entries/2026-01-19/ HTTP/1.1" 200 381
INFO 2026-01-19 10:54:45,420 django.server "GET /api/auth/me/ HTTP/1.1" 200 65
INFO 2026-01-19 10:54:45,420 django.server "GET /api/auth/me/ HTTP/1.1" 200 65
INFO 2026-01-19 10:54:45,545 django.server "GET /api/nutrition/daily-summary/2026-01-19/ HTTP/1.1" 200 105
INFO 2026-01-19 10:54:45,545 django.server "GET /api/nutrition/daily-summary/2026-01-19/ HTTP/1.1" 200 105
INFO 2026-01-19 10:54:45,553 django.server "GET /api/client/meal-allocations/ HTTP/1.1" 200 332
INFO 2026-01-19 10:54:45,553 django.server "GET /api/client/meal-allocations/ HTTP/1.1" 200 332
INFO 2026-01-19 10:54:45,573 django.server "GET /api/client/me/profile/ HTTP/1.1" 200 476
INFO 2026-01-19 10:54:45,573 django.server "GET /api/client/me/profile/ HTTP/1.1" 200 476
INFO 2026-01-19 10:54:45,587 django.server "GET /api/nutrition/meal-entries/2026-01-19/ HTTP/1.1" 200 381
INFO 2026-01-19 10:54:45,587 django.server "GET /api/nutrition/meal-entries/2026-01-19/ HTTP/1.1" 200 381
DEBUG 2026-01-19 10:55:01,825 urllib3.connectionpool Starting new HTTPS connection (1): api.edamam.com:443
DEBUG 2026-01-19 10:55:03,330 urllib3.connectionpool https://api.edamam.com:443 "POST /api/nutrition-details?app_id=e9506ce1&app_key=818534556d1d6a5e8d705614b79cb415 HTTP/1.1" 555 None
INFO 2026-01-19 10:55:03,374 django.server "POST /api/nutrition/meal-entries/ HTTP/1.1" 201 344
INFO 2026-01-19 10:55:03,374 django.server "POST /api/nutrition/meal-entries/ HTTP/1.1" 201 344
INFO 2026-01-19 10:55:03,504 django.server "GET /api/nutrition/daily-summary/2026-01-19/ HTTP/1.1" 200 105
INFO 2026-01-19 10:55:03,504 django.server "GET /api/nutrition/meal-entries/2026-01-19/ HTTP/1.1" 200 726
INFO 2026-01-19 10:55:03,504 django.server "GET /api/nutrition/daily-summary/2026-01-19/ HTTP/1.1" 200 105
INFO 2026-01-19 10:55:03,504 django.server "GET /api/nutrition/meal-entries/2026-01-19/ HTTP/1.1" 200 726
INFO 2026-01-19 10:55:15,262 django.server "GET /api/nutrition/daily-summary/2026-01-19/ HTTP/1.1" 200 105
INFO 2026-01-19 10:55:15,262 django.server "GET /api/nutrition/daily-summary/2026-01-19/ HTTP/1.1" 200 105
INFO 2026-01-19 10:55:15,337 django.server "GET /api/nutrition/daily-summary/2026-01-19/ HTTP/1.1" 200 105
INFO 2026-01-19 10:55:15,337 django.server "GET /api/nutrition/daily-summary/2026-01-19/ HTTP/1.1" 200 105
WARNING 2026-01-19 10:57:37,575 django.request Unauthorized: /api/auth/me/
WARNING 2026-01-19 10:57:37,575 django.request Unauthorized: /api/auth/me/
WARNING 2026-01-19 10:57:37,577 django.server "GET /api/auth/me/ HTTP/1.1" 401 37
WARNING 2026-01-19 10:57:37,577 django.server "GET /api/auth/me/ HTTP/1.1" 401 37
INFO 2026-01-19 10:57:37,673 django.server "POST /api/auth/refresh/ HTTP/1.1" 200 28
INFO 2026-01-19 10:57:37,673 django.server "POST /api/auth/refresh/ HTTP/1.1" 200 28
INFO 2026-01-19 10:57:37,808 django.server "GET /api/auth/me/ HTTP/1.1" 200 65
INFO 2026-01-19 10:57:37,808 django.server "GET /api/auth/me/ HTTP/1.1" 200 65
INFO 2026-01-19 10:57:45,236 django.server "GET /api/auth/me/ HTTP/1.1" 200 65
INFO 2026-01-19 10:57:45,236 django.server "GET /api/auth/me/ HTTP/1.1" 200 65
INFO 2026-01-19 10:58:22,234 django.server "GET /api/auth/me/ HTTP/1.1" 200 65
INFO 2026-01-19 10:58:22,234 django.server "GET /api/auth/me/ HTTP/1.1" 200 65
INFO 2026-01-19 10:58:22,385 django.server "GET /api/client/meal-allocations/ HTTP/1.1" 200 332
INFO 2026-01-19 10:58:22,385 django.server "GET /api/client/meal-allocations/ HTTP/1.1" 200 332
INFO 2026-01-19 10:58:22,497 django.server "GET /api/nutrition/daily-summary/2026-01-19/ HTTP/1.1" 200 105
INFO 2026-01-19 10:58:22,497 django.server "GET /api/nutrition/daily-summary/2026-01-19/ HTTP/1.1" 200 105
INFO 2026-01-19 10:58:22,510 django.server "GET /api/nutrition/meal-entries/2026-01-19/ HTTP/1.1" 200 726
INFO 2026-01-19 10:58:22,510 django.server "GET /api/nutrition/meal-entries/2026-01-19/ HTTP/1.1" 200 726
INFO 2026-01-19 10:58:22,573 django.server "GET /api/client/me/profile/ HTTP/1.1" 200 476
INFO 2026-01-19 10:58:22,573 django.server "GET /api/client/me/profile/ HTTP/1.1" 200 476
INFO 2026-01-19 10:59:54,913 django.server "POST /api/auth/logout/ HTTP/1.1" 205 37
INFO 2026-01-19 10:59:54,913 django.server "POST /api/auth/logout/ HTTP/1.1" 205 37
DEBUG 2026-01-19 11:03:04,796 urllib3.connectionpool Starting new HTTPS connection (1): www.googleapis.com:443
DEBUG 2026-01-19 11:03:05,801 urllib3.connectionpool https://www.googleapis.com:443 "GET /oauth2/v1/certs HTTP/1.1" 200 1574
INFO 2026-01-19 11:03:05,965 django.server "POST /api/auth/google-auth HTTP/1.1" 200 85
INFO 2026-01-19 11:03:05,965 django.server "POST /api/auth/google-auth HTTP/1.1" 200 85
INFO 2026-01-19 11:04:54,475 django.server "OPTIONS /api/client/me/profile/ HTTP/1.1" 200 0
INFO 2026-01-19 11:04:54,475 django.server "OPTIONS /api/client/me/profile/ HTTP/1.1" 200 0
INFO 2026-01-19 11:04:54,965 clients.views from post of client rpofile view
INFO 2026-01-19 11:04:55,018 clients.serializers.client_profile from create of client profile serializer
INFO 2026-01-19 11:04:55,019 clients.services.calculations from calculate daily calory
INFO 2026-01-19 11:04:55,673 django.server "POST /api/client/me/profile/ HTTP/1.1" 201 472
INFO 2026-01-19 11:04:55,673 django.server "POST /api/client/me/profile/ HTTP/1.1" 201 472
INFO 2026-01-19 11:04:55,791 django.server "GET /api/nutrition/daily-summary/2026-01-19/ HTTP/1.1" 200 74
INFO 2026-01-19 11:04:55,791 django.server "GET /api/client/me/profile/ HTTP/1.1" 200 472
INFO 2026-01-19 11:04:55,791 django.server "GET /api/nutrition/daily-summary/2026-01-19/ HTTP/1.1" 200 74
INFO 2026-01-19 11:04:55,791 django.server "GET /api/client/me/profile/ HTTP/1.1" 200 472
INFO 2026-01-19 11:04:55,887 django.server "GET /api/nutrition/daily-summary/2026-01-19/ HTTP/1.1" 200 74
INFO 2026-01-19 11:04:55,887 django.server "GET /api/nutrition/daily-summary/2026-01-19/ HTTP/1.1" 200 74
INFO 2026-01-19 11:04:57,152 django.server "GET /api/nutrition/daily-summary/2026-01-19/ HTTP/1.1" 200 74
INFO 2026-01-19 11:04:57,152 django.server "GET /api/nutrition/daily-summary/2026-01-19/ HTTP/1.1" 200 74
INFO 2026-01-19 11:04:57,157 django.server "GET /api/nutrition/meal-entries/2026-01-19/ HTTP/1.1" 200 2
INFO 2026-01-19 11:04:57,157 django.server "GET /api/nutrition/meal-entries/2026-01-19/ HTTP/1.1" 200 2
INFO 2026-01-19 11:04:59,694 django.server "GET /api/client/meal-allocations/ HTTP/1.1" 200 349
INFO 2026-01-19 11:04:59,694 django.server "GET /api/client/meal-allocations/ HTTP/1.1" 200 349
INFO 2026-01-19 11:05:04,278 django.server "GET /api/nutrition/daily-summary/2026-01-19/ HTTP/1.1" 200 74
INFO 2026-01-19 11:05:04,278 django.server "GET /api/nutrition/daily-summary/2026-01-19/ HTTP/1.1" 200 74
INFO 2026-01-19 11:05:04,371 django.server "GET /api/nutrition/daily-summary/2026-01-19/ HTTP/1.1" 200 74
INFO 2026-01-19 11:05:04,371 django.server "GET /api/nutrition/daily-summary/2026-01-19/ HTTP/1.1" 200 74
ERROR 2026-01-19 11:52:22,599 django.request Internal Server Error: /api/client/meal-allocations/
Traceback (most recent call last):
  File "C:\Users\SHAHEEM\OneDrive\Desktop\IMPORTANT\BRO\WEEK24\KAAIZEN\Backend\env\Lib\site-packages\django\db\models\fields\__init__.py", line 2766, in to_python
    return uuid.UUID(**{input_form: value})
           ^^^^^^^^^^^^^^^^^^^^^^^^^^^^^^^^
  File "C:\Users\SHAHEEM\AppData\Local\Programs\Python\Python312\Lib\uuid.py", line 175, in __init__
    hex = hex.replace('urn:', '').replace('uuid:', '')
          ^^^^^^^^^^^
AttributeError: 'AnonymousUser' object has no attribute 'replace'

During handling of the above exception, another exception occurred:

Traceback (most recent call last):
  File "C:\Users\SHAHEEM\OneDrive\Desktop\IMPORTANT\BRO\WEEK24\KAAIZEN\Backend\env\Lib\site-packages\django\core\handlers\exception.py", line 55, in inner
    response = get_response(request)
               ^^^^^^^^^^^^^^^^^^^^^
  File "C:\Users\SHAHEEM\OneDrive\Desktop\IMPORTANT\BRO\WEEK24\KAAIZEN\Backend\env\Lib\site-packages\django\core\handlers\base.py", line 198, in _get_response
    response = wrapped_callback(request, *callback_args, **callback_kwargs)
               ^^^^^^^^^^^^^^^^^^^^^^^^^^^^^^^^^^^^^^^^^^^^^^^^^^^^^^^^^^^^
  File "C:\Users\SHAHEEM\OneDrive\Desktop\IMPORTANT\BRO\WEEK24\KAAIZEN\Backend\env\Lib\site-packages\django\views\decorators\csrf.py", line 65, in _view_wrapper
    return view_func(request, *args, **kwargs)
           ^^^^^^^^^^^^^^^^^^^^^^^^^^^^^^^^^^^
  File "C:\Users\SHAHEEM\OneDrive\Desktop\IMPORTANT\BRO\WEEK24\KAAIZEN\Backend\env\Lib\site-packages\django\views\generic\base.py", line 106, in view
    return self.dispatch(request, *args, **kwargs)
           ^^^^^^^^^^^^^^^^^^^^^^^^^^^^^^^^^^^^^^^
  File "C:\Users\SHAHEEM\OneDrive\Desktop\IMPORTANT\BRO\WEEK24\KAAIZEN\Backend\env\Lib\site-packages\rest_framework\views.py", line 515, in dispatch
    response = self.handle_exception(exc)
               ^^^^^^^^^^^^^^^^^^^^^^^^^^
  File "C:\Users\SHAHEEM\OneDrive\Desktop\IMPORTANT\BRO\WEEK24\KAAIZEN\Backend\env\Lib\site-packages\rest_framework\views.py", line 475, in handle_exception
    self.raise_uncaught_exception(exc)
  File "C:\Users\SHAHEEM\OneDrive\Desktop\IMPORTANT\BRO\WEEK24\KAAIZEN\Backend\env\Lib\site-packages\rest_framework\views.py", line 486, in raise_uncaught_exception
    raise exc
  File "C:\Users\SHAHEEM\OneDrive\Desktop\IMPORTANT\BRO\WEEK24\KAAIZEN\Backend\env\Lib\site-packages\rest_framework\views.py", line 512, in dispatch
    response = handler(request, *args, **kwargs)
               ^^^^^^^^^^^^^^^^^^^^^^^^^^^^^^^^^
  File "C:\Users\SHAHEEM\OneDrive\Desktop\IMPORTANT\BRO\WEEK24\KAAIZEN\Backend\clients\views.py", line 72, in get
    profile = ClientProfile.objects.filter(user=request.user).first()
              ^^^^^^^^^^^^^^^^^^^^^^^^^^^^^^^^^^^^^^^^^^^^^^^
  File "C:\Users\SHAHEEM\OneDrive\Desktop\IMPORTANT\BRO\WEEK24\KAAIZEN\Backend\env\Lib\site-packages\django\db\models\manager.py", line 87, in manager_method
    return getattr(self.get_queryset(), name)(*args, **kwargs)
           ^^^^^^^^^^^^^^^^^^^^^^^^^^^^^^^^^^^^^^^^^^^^^^^^^^^
  File "C:\Users\SHAHEEM\OneDrive\Desktop\IMPORTANT\BRO\WEEK24\KAAIZEN\Backend\env\Lib\site-packages\django\db\models\query.py", line 1542, in filter
    return self._filter_or_exclude(False, args, kwargs)
           ^^^^^^^^^^^^^^^^^^^^^^^^^^^^^^^^^^^^^^^^^^^^
  File "C:\Users\SHAHEEM\OneDrive\Desktop\IMPORTANT\BRO\WEEK24\KAAIZEN\Backend\env\Lib\site-packages\django\db\models\query.py", line 1560, in _filter_or_exclude
    clone._filter_or_exclude_inplace(negate, args, kwargs)
  File "C:\Users\SHAHEEM\OneDrive\Desktop\IMPORTANT\BRO\WEEK24\KAAIZEN\Backend\env\Lib\site-packages\django\db\models\query.py", line 1570, in _filter_or_exclude_inplace
    self._query.add_q(Q(*args, **kwargs))
  File "C:\Users\SHAHEEM\OneDrive\Desktop\IMPORTANT\BRO\WEEK24\KAAIZEN\Backend\env\Lib\site-packages\django\db\models\sql\query.py", line 1671, in add_q
    clause, _ = self._add_q(q_object, can_reuse)
                ^^^^^^^^^^^^^^^^^^^^^^^^^^^^^^^^
  File "C:\Users\SHAHEEM\OneDrive\Desktop\IMPORTANT\BRO\WEEK24\KAAIZEN\Backend\env\Lib\site-packages\django\db\models\sql\query.py", line 1703, in _add_q
    child_clause, needed_inner = self.build_filter(
                                 ^^^^^^^^^^^^^^^^^^
  File "C:\Users\SHAHEEM\OneDrive\Desktop\IMPORTANT\BRO\WEEK24\KAAIZEN\Backend\env\Lib\site-packages\django\db\models\sql\query.py", line 1613, in build_filter
    condition = self.build_lookup(lookups, col, value)
                ^^^^^^^^^^^^^^^^^^^^^^^^^^^^^^^^^^^^^^
  File "C:\Users\SHAHEEM\OneDrive\Desktop\IMPORTANT\BRO\WEEK24\KAAIZEN\Backend\env\Lib\site-packages\django\db\models\sql\query.py", line 1440, in build_lookup
    lookup = lookup_class(lhs, rhs)
             ^^^^^^^^^^^^^^^^^^^^^^
  File "C:\Users\SHAHEEM\OneDrive\Desktop\IMPORTANT\BRO\WEEK24\KAAIZEN\Backend\env\Lib\site-packages\django\db\models\lookups.py", line 35, in __init__
    self.rhs = self.get_prep_lookup()
               ^^^^^^^^^^^^^^^^^^^^^^
  File "C:\Users\SHAHEEM\OneDrive\Desktop\IMPORTANT\BRO\WEEK24\KAAIZEN\Backend\env\Lib\site-packages\django\db\models\fields\related_lookups.py", line 113, in get_prep_lookup
    self.rhs = target_field.get_prep_value(self.rhs)
               ^^^^^^^^^^^^^^^^^^^^^^^^^^^^^^^^^^^^^
  File "C:\Users\SHAHEEM\OneDrive\Desktop\IMPORTANT\BRO\WEEK24\KAAIZEN\Backend\env\Lib\site-packages\django\db\models\fields\__init__.py", line 2750, in get_prep_value
    return self.to_python(value)
           ^^^^^^^^^^^^^^^^^^^^^
  File "C:\Users\SHAHEEM\OneDrive\Desktop\IMPORTANT\BRO\WEEK24\KAAIZEN\Backend\env\Lib\site-packages\django\db\models\fields\__init__.py", line 2768, in to_python
    raise exceptions.ValidationError(
django.core.exceptions.ValidationError: ['“AnonymousUser” is not a valid UUID.']
ERROR 2026-01-19 11:52:23,931 django.request Internal Server Error: /api/nutrition/daily-summary/2026-01-19/
Traceback (most recent call last):
  File "C:\Users\SHAHEEM\OneDrive\Desktop\IMPORTANT\BRO\WEEK24\KAAIZEN\Backend\env\Lib\site-packages\django\db\models\fields\__init__.py", line 2766, in to_python
    return uuid.UUID(**{input_form: value})
           ^^^^^^^^^^^^^^^^^^^^^^^^^^^^^^^^
  File "C:\Users\SHAHEEM\AppData\Local\Programs\Python\Python312\Lib\uuid.py", line 175, in __init__
    hex = hex.replace('urn:', '').replace('uuid:', '')
          ^^^^^^^^^^^
AttributeError: 'AnonymousUser' object has no attribute 'replace'

During handling of the above exception, another exception occurred:

Traceback (most recent call last):
  File "C:\Users\SHAHEEM\OneDrive\Desktop\IMPORTANT\BRO\WEEK24\KAAIZEN\Backend\env\Lib\site-packages\django\core\handlers\exception.py", line 55, in inner
    response = get_response(request)
               ^^^^^^^^^^^^^^^^^^^^^
  File "C:\Users\SHAHEEM\OneDrive\Desktop\IMPORTANT\BRO\WEEK24\KAAIZEN\Backend\env\Lib\site-packages\django\core\handlers\base.py", line 198, in _get_response
    response = wrapped_callback(request, *callback_args, **callback_kwargs)
               ^^^^^^^^^^^^^^^^^^^^^^^^^^^^^^^^^^^^^^^^^^^^^^^^^^^^^^^^^^^^
  File "C:\Users\SHAHEEM\OneDrive\Desktop\IMPORTANT\BRO\WEEK24\KAAIZEN\Backend\env\Lib\site-packages\django\views\decorators\csrf.py", line 65, in _view_wrapper
    return view_func(request, *args, **kwargs)
           ^^^^^^^^^^^^^^^^^^^^^^^^^^^^^^^^^^^
  File "C:\Users\SHAHEEM\OneDrive\Desktop\IMPORTANT\BRO\WEEK24\KAAIZEN\Backend\env\Lib\site-packages\django\views\generic\base.py", line 106, in view
    return self.dispatch(request, *args, **kwargs)
           ^^^^^^^^^^^^^^^^^^^^^^^^^^^^^^^^^^^^^^^
  File "C:\Users\SHAHEEM\OneDrive\Desktop\IMPORTANT\BRO\WEEK24\KAAIZEN\Backend\env\Lib\site-packages\rest_framework\views.py", line 515, in dispatch
    response = self.handle_exception(exc)
               ^^^^^^^^^^^^^^^^^^^^^^^^^^
  File "C:\Users\SHAHEEM\OneDrive\Desktop\IMPORTANT\BRO\WEEK24\KAAIZEN\Backend\env\Lib\site-packages\rest_framework\views.py", line 475, in handle_exception
    self.raise_uncaught_exception(exc)
  File "C:\Users\SHAHEEM\OneDrive\Desktop\IMPORTANT\BRO\WEEK24\KAAIZEN\Backend\env\Lib\site-packages\rest_framework\views.py", line 486, in raise_uncaught_exception
    raise exc
  File "C:\Users\SHAHEEM\OneDrive\Desktop\IMPORTANT\BRO\WEEK24\KAAIZEN\Backend\env\Lib\site-packages\rest_framework\views.py", line 512, in dispatch
    response = handler(request, *args, **kwargs)
               ^^^^^^^^^^^^^^^^^^^^^^^^^^^^^^^^^
  File "C:\Users\SHAHEEM\OneDrive\Desktop\IMPORTANT\BRO\WEEK24\KAAIZEN\Backend\nutrition\views.py", line 38, in get
    entries = MealEntry.objects.filter(
              ^^^^^^^^^^^^^^^^^^^^^^^^^
  File "C:\Users\SHAHEEM\OneDrive\Desktop\IMPORTANT\BRO\WEEK24\KAAIZEN\Backend\env\Lib\site-packages\django\db\models\manager.py", line 87, in manager_method
    return getattr(self.get_queryset(), name)(*args, **kwargs)
           ^^^^^^^^^^^^^^^^^^^^^^^^^^^^^^^^^^^^^^^^^^^^^^^^^^^
  File "C:\Users\SHAHEEM\OneDrive\Desktop\IMPORTANT\BRO\WEEK24\KAAIZEN\Backend\env\Lib\site-packages\django\db\models\query.py", line 1542, in filter
    return self._filter_or_exclude(False, args, kwargs)
           ^^^^^^^^^^^^^^^^^^^^^^^^^^^^^^^^^^^^^^^^^^^^
  File "C:\Users\SHAHEEM\OneDrive\Desktop\IMPORTANT\BRO\WEEK24\KAAIZEN\Backend\env\Lib\site-packages\django\db\models\query.py", line 1560, in _filter_or_exclude
    clone._filter_or_exclude_inplace(negate, args, kwargs)
  File "C:\Users\SHAHEEM\OneDrive\Desktop\IMPORTANT\BRO\WEEK24\KAAIZEN\Backend\env\Lib\site-packages\django\db\models\query.py", line 1570, in _filter_or_exclude_inplace
    self._query.add_q(Q(*args, **kwargs))
  File "C:\Users\SHAHEEM\OneDrive\Desktop\IMPORTANT\BRO\WEEK24\KAAIZEN\Backend\env\Lib\site-packages\django\db\models\sql\query.py", line 1671, in add_q
    clause, _ = self._add_q(q_object, can_reuse)
                ^^^^^^^^^^^^^^^^^^^^^^^^^^^^^^^^
  File "C:\Users\SHAHEEM\OneDrive\Desktop\IMPORTANT\BRO\WEEK24\KAAIZEN\Backend\env\Lib\site-packages\django\db\models\sql\query.py", line 1703, in _add_q
    child_clause, needed_inner = self.build_filter(
                                 ^^^^^^^^^^^^^^^^^^
  File "C:\Users\SHAHEEM\OneDrive\Desktop\IMPORTANT\BRO\WEEK24\KAAIZEN\Backend\env\Lib\site-packages\django\db\models\sql\query.py", line 1613, in build_filter
    condition = self.build_lookup(lookups, col, value)
                ^^^^^^^^^^^^^^^^^^^^^^^^^^^^^^^^^^^^^^
  File "C:\Users\SHAHEEM\OneDrive\Desktop\IMPORTANT\BRO\WEEK24\KAAIZEN\Backend\env\Lib\site-packages\django\db\models\sql\query.py", line 1440, in build_lookup
    lookup = lookup_class(lhs, rhs)
             ^^^^^^^^^^^^^^^^^^^^^^
  File "C:\Users\SHAHEEM\OneDrive\Desktop\IMPORTANT\BRO\WEEK24\KAAIZEN\Backend\env\Lib\site-packages\django\db\models\lookups.py", line 35, in __init__
    self.rhs = self.get_prep_lookup()
               ^^^^^^^^^^^^^^^^^^^^^^
  File "C:\Users\SHAHEEM\OneDrive\Desktop\IMPORTANT\BRO\WEEK24\KAAIZEN\Backend\env\Lib\site-packages\django\db\models\fields\related_lookups.py", line 113, in get_prep_lookup
    self.rhs = target_field.get_prep_value(self.rhs)
               ^^^^^^^^^^^^^^^^^^^^^^^^^^^^^^^^^^^^^
  File "C:\Users\SHAHEEM\OneDrive\Desktop\IMPORTANT\BRO\WEEK24\KAAIZEN\Backend\env\Lib\site-packages\django\db\models\fields\__init__.py", line 2750, in get_prep_value
    return self.to_python(value)
           ^^^^^^^^^^^^^^^^^^^^^
  File "C:\Users\SHAHEEM\OneDrive\Desktop\IMPORTANT\BRO\WEEK24\KAAIZEN\Backend\env\Lib\site-packages\django\db\models\fields\__init__.py", line 2768, in to_python
    raise exceptions.ValidationError(
django.core.exceptions.ValidationError: ['“AnonymousUser” is not a valid UUID.']
ERROR 2026-01-19 11:52:22,599 django.request Internal Server Error: /api/client/meal-allocations/
Traceback (most recent call last):
  File "C:\Users\SHAHEEM\OneDrive\Desktop\IMPORTANT\BRO\WEEK24\KAAIZEN\Backend\env\Lib\site-packages\django\db\models\fields\__init__.py", line 2766, in to_python
    return uuid.UUID(**{input_form: value})
           ^^^^^^^^^^^^^^^^^^^^^^^^^^^^^^^^
  File "C:\Users\SHAHEEM\AppData\Local\Programs\Python\Python312\Lib\uuid.py", line 175, in __init__
    hex = hex.replace('urn:', '').replace('uuid:', '')
          ^^^^^^^^^^^
AttributeError: 'AnonymousUser' object has no attribute 'replace'

During handling of the above exception, another exception occurred:

Traceback (most recent call last):
  File "C:\Users\SHAHEEM\OneDrive\Desktop\IMPORTANT\BRO\WEEK24\KAAIZEN\Backend\env\Lib\site-packages\django\core\handlers\exception.py", line 55, in inner
    response = get_response(request)
               ^^^^^^^^^^^^^^^^^^^^^
  File "C:\Users\SHAHEEM\OneDrive\Desktop\IMPORTANT\BRO\WEEK24\KAAIZEN\Backend\env\Lib\site-packages\django\core\handlers\base.py", line 198, in _get_response
    response = wrapped_callback(request, *callback_args, **callback_kwargs)
               ^^^^^^^^^^^^^^^^^^^^^^^^^^^^^^^^^^^^^^^^^^^^^^^^^^^^^^^^^^^^
  File "C:\Users\SHAHEEM\OneDrive\Desktop\IMPORTANT\BRO\WEEK24\KAAIZEN\Backend\env\Lib\site-packages\django\views\decorators\csrf.py", line 65, in _view_wrapper
    return view_func(request, *args, **kwargs)
           ^^^^^^^^^^^^^^^^^^^^^^^^^^^^^^^^^^^
  File "C:\Users\SHAHEEM\OneDrive\Desktop\IMPORTANT\BRO\WEEK24\KAAIZEN\Backend\env\Lib\site-packages\django\views\generic\base.py", line 106, in view
    return self.dispatch(request, *args, **kwargs)
           ^^^^^^^^^^^^^^^^^^^^^^^^^^^^^^^^^^^^^^^
  File "C:\Users\SHAHEEM\OneDrive\Desktop\IMPORTANT\BRO\WEEK24\KAAIZEN\Backend\env\Lib\site-packages\rest_framework\views.py", line 515, in dispatch
    response = self.handle_exception(exc)
               ^^^^^^^^^^^^^^^^^^^^^^^^^^
  File "C:\Users\SHAHEEM\OneDrive\Desktop\IMPORTANT\BRO\WEEK24\KAAIZEN\Backend\env\Lib\site-packages\rest_framework\views.py", line 475, in handle_exception
    self.raise_uncaught_exception(exc)
  File "C:\Users\SHAHEEM\OneDrive\Desktop\IMPORTANT\BRO\WEEK24\KAAIZEN\Backend\env\Lib\site-packages\rest_framework\views.py", line 486, in raise_uncaught_exception
    raise exc
  File "C:\Users\SHAHEEM\OneDrive\Desktop\IMPORTANT\BRO\WEEK24\KAAIZEN\Backend\env\Lib\site-packages\rest_framework\views.py", line 512, in dispatch
    response = handler(request, *args, **kwargs)
               ^^^^^^^^^^^^^^^^^^^^^^^^^^^^^^^^^
  File "C:\Users\SHAHEEM\OneDrive\Desktop\IMPORTANT\BRO\WEEK24\KAAIZEN\Backend\clients\views.py", line 72, in get
    profile = ClientProfile.objects.filter(user=request.user).first()
              ^^^^^^^^^^^^^^^^^^^^^^^^^^^^^^^^^^^^^^^^^^^^^^^
  File "C:\Users\SHAHEEM\OneDrive\Desktop\IMPORTANT\BRO\WEEK24\KAAIZEN\Backend\env\Lib\site-packages\django\db\models\manager.py", line 87, in manager_method
    return getattr(self.get_queryset(), name)(*args, **kwargs)
           ^^^^^^^^^^^^^^^^^^^^^^^^^^^^^^^^^^^^^^^^^^^^^^^^^^^
  File "C:\Users\SHAHEEM\OneDrive\Desktop\IMPORTANT\BRO\WEEK24\KAAIZEN\Backend\env\Lib\site-packages\django\db\models\query.py", line 1542, in filter
    return self._filter_or_exclude(False, args, kwargs)
           ^^^^^^^^^^^^^^^^^^^^^^^^^^^^^^^^^^^^^^^^^^^^
  File "C:\Users\SHAHEEM\OneDrive\Desktop\IMPORTANT\BRO\WEEK24\KAAIZEN\Backend\env\Lib\site-packages\django\db\models\query.py", line 1560, in _filter_or_exclude
    clone._filter_or_exclude_inplace(negate, args, kwargs)
  File "C:\Users\SHAHEEM\OneDrive\Desktop\IMPORTANT\BRO\WEEK24\KAAIZEN\Backend\env\Lib\site-packages\django\db\models\query.py", line 1570, in _filter_or_exclude_inplace
    self._query.add_q(Q(*args, **kwargs))
  File "C:\Users\SHAHEEM\OneDrive\Desktop\IMPORTANT\BRO\WEEK24\KAAIZEN\Backend\env\Lib\site-packages\django\db\models\sql\query.py", line 1671, in add_q
    clause, _ = self._add_q(q_object, can_reuse)
                ^^^^^^^^^^^^^^^^^^^^^^^^^^^^^^^^
  File "C:\Users\SHAHEEM\OneDrive\Desktop\IMPORTANT\BRO\WEEK24\KAAIZEN\Backend\env\Lib\site-packages\django\db\models\sql\query.py", line 1703, in _add_q
    child_clause, needed_inner = self.build_filter(
                                 ^^^^^^^^^^^^^^^^^^
  File "C:\Users\SHAHEEM\OneDrive\Desktop\IMPORTANT\BRO\WEEK24\KAAIZEN\Backend\env\Lib\site-packages\django\db\models\sql\query.py", line 1613, in build_filter
    condition = self.build_lookup(lookups, col, value)
                ^^^^^^^^^^^^^^^^^^^^^^^^^^^^^^^^^^^^^^
  File "C:\Users\SHAHEEM\OneDrive\Desktop\IMPORTANT\BRO\WEEK24\KAAIZEN\Backend\env\Lib\site-packages\django\db\models\sql\query.py", line 1440, in build_lookup
    lookup = lookup_class(lhs, rhs)
             ^^^^^^^^^^^^^^^^^^^^^^
  File "C:\Users\SHAHEEM\OneDrive\Desktop\IMPORTANT\BRO\WEEK24\KAAIZEN\Backend\env\Lib\site-packages\django\db\models\lookups.py", line 35, in __init__
    self.rhs = self.get_prep_lookup()
               ^^^^^^^^^^^^^^^^^^^^^^
  File "C:\Users\SHAHEEM\OneDrive\Desktop\IMPORTANT\BRO\WEEK24\KAAIZEN\Backend\env\Lib\site-packages\django\db\models\fields\related_lookups.py", line 113, in get_prep_lookup
    self.rhs = target_field.get_prep_value(self.rhs)
               ^^^^^^^^^^^^^^^^^^^^^^^^^^^^^^^^^^^^^
  File "C:\Users\SHAHEEM\OneDrive\Desktop\IMPORTANT\BRO\WEEK24\KAAIZEN\Backend\env\Lib\site-packages\django\db\models\fields\__init__.py", line 2750, in get_prep_value
    return self.to_python(value)
           ^^^^^^^^^^^^^^^^^^^^^
  File "C:\Users\SHAHEEM\OneDrive\Desktop\IMPORTANT\BRO\WEEK24\KAAIZEN\Backend\env\Lib\site-packages\django\db\models\fields\__init__.py", line 2768, in to_python
    raise exceptions.ValidationError(
django.core.exceptions.ValidationError: ['“AnonymousUser” is not a valid UUID.']
ERROR 2026-01-19 11:52:24,176 django.request Internal Server Error: /api/client/me/profile/
Traceback (most recent call last):
  File "C:\Users\SHAHEEM\OneDrive\Desktop\IMPORTANT\BRO\WEEK24\KAAIZEN\Backend\env\Lib\site-packages\django\db\models\fields\__init__.py", line 2766, in to_python
    return uuid.UUID(**{input_form: value})
           ^^^^^^^^^^^^^^^^^^^^^^^^^^^^^^^^
  File "C:\Users\SHAHEEM\AppData\Local\Programs\Python\Python312\Lib\uuid.py", line 175, in __init__
    hex = hex.replace('urn:', '').replace('uuid:', '')
          ^^^^^^^^^^^
AttributeError: 'AnonymousUser' object has no attribute 'replace'

During handling of the above exception, another exception occurred:

Traceback (most recent call last):
  File "C:\Users\SHAHEEM\OneDrive\Desktop\IMPORTANT\BRO\WEEK24\KAAIZEN\Backend\env\Lib\site-packages\django\core\handlers\exception.py", line 55, in inner
    response = get_response(request)
               ^^^^^^^^^^^^^^^^^^^^^
  File "C:\Users\SHAHEEM\OneDrive\Desktop\IMPORTANT\BRO\WEEK24\KAAIZEN\Backend\env\Lib\site-packages\django\core\handlers\base.py", line 198, in _get_response
    response = wrapped_callback(request, *callback_args, **callback_kwargs)
               ^^^^^^^^^^^^^^^^^^^^^^^^^^^^^^^^^^^^^^^^^^^^^^^^^^^^^^^^^^^^
  File "C:\Users\SHAHEEM\OneDrive\Desktop\IMPORTANT\BRO\WEEK24\KAAIZEN\Backend\env\Lib\site-packages\django\views\decorators\csrf.py", line 65, in _view_wrapper
    return view_func(request, *args, **kwargs)
           ^^^^^^^^^^^^^^^^^^^^^^^^^^^^^^^^^^^
  File "C:\Users\SHAHEEM\OneDrive\Desktop\IMPORTANT\BRO\WEEK24\KAAIZEN\Backend\env\Lib\site-packages\django\views\generic\base.py", line 106, in view
    return self.dispatch(request, *args, **kwargs)
           ^^^^^^^^^^^^^^^^^^^^^^^^^^^^^^^^^^^^^^^
  File "C:\Users\SHAHEEM\OneDrive\Desktop\IMPORTANT\BRO\WEEK24\KAAIZEN\Backend\env\Lib\site-packages\rest_framework\views.py", line 515, in dispatch
    response = self.handle_exception(exc)
               ^^^^^^^^^^^^^^^^^^^^^^^^^^
  File "C:\Users\SHAHEEM\OneDrive\Desktop\IMPORTANT\BRO\WEEK24\KAAIZEN\Backend\env\Lib\site-packages\rest_framework\views.py", line 475, in handle_exception
    self.raise_uncaught_exception(exc)
  File "C:\Users\SHAHEEM\OneDrive\Desktop\IMPORTANT\BRO\WEEK24\KAAIZEN\Backend\env\Lib\site-packages\rest_framework\views.py", line 486, in raise_uncaught_exception
    raise exc
  File "C:\Users\SHAHEEM\OneDrive\Desktop\IMPORTANT\BRO\WEEK24\KAAIZEN\Backend\env\Lib\site-packages\rest_framework\views.py", line 512, in dispatch
    response = handler(request, *args, **kwargs)
               ^^^^^^^^^^^^^^^^^^^^^^^^^^^^^^^^^
  File "C:\Users\SHAHEEM\OneDrive\Desktop\IMPORTANT\BRO\WEEK24\KAAIZEN\Backend\clients\views.py", line 22, in get
    profile = self.get_profile(request.user)
              ^^^^^^^^^^^^^^^^^^^^^^^^^^^^^^
  File "C:\Users\SHAHEEM\OneDrive\Desktop\IMPORTANT\BRO\WEEK24\KAAIZEN\Backend\clients\views.py", line 19, in get_profile
    return ClientProfile.objects.filter(user=user).first()
           ^^^^^^^^^^^^^^^^^^^^^^^^^^^^^^^^^^^^^^^
  File "C:\Users\SHAHEEM\OneDrive\Desktop\IMPORTANT\BRO\WEEK24\KAAIZEN\Backend\env\Lib\site-packages\django\db\models\manager.py", line 87, in manager_method
    return getattr(self.get_queryset(), name)(*args, **kwargs)
           ^^^^^^^^^^^^^^^^^^^^^^^^^^^^^^^^^^^^^^^^^^^^^^^^^^^
  File "C:\Users\SHAHEEM\OneDrive\Desktop\IMPORTANT\BRO\WEEK24\KAAIZEN\Backend\env\Lib\site-packages\django\db\models\query.py", line 1542, in filter
    return self._filter_or_exclude(False, args, kwargs)
           ^^^^^^^^^^^^^^^^^^^^^^^^^^^^^^^^^^^^^^^^^^^^
  File "C:\Users\SHAHEEM\OneDrive\Desktop\IMPORTANT\BRO\WEEK24\KAAIZEN\Backend\env\Lib\site-packages\django\db\models\query.py", line 1560, in _filter_or_exclude
    clone._filter_or_exclude_inplace(negate, args, kwargs)
  File "C:\Users\SHAHEEM\OneDrive\Desktop\IMPORTANT\BRO\WEEK24\KAAIZEN\Backend\env\Lib\site-packages\django\db\models\query.py", line 1570, in _filter_or_exclude_inplace
    self._query.add_q(Q(*args, **kwargs))
  File "C:\Users\SHAHEEM\OneDrive\Desktop\IMPORTANT\BRO\WEEK24\KAAIZEN\Backend\env\Lib\site-packages\django\db\models\sql\query.py", line 1671, in add_q
    clause, _ = self._add_q(q_object, can_reuse)
                ^^^^^^^^^^^^^^^^^^^^^^^^^^^^^^^^
  File "C:\Users\SHAHEEM\OneDrive\Desktop\IMPORTANT\BRO\WEEK24\KAAIZEN\Backend\env\Lib\site-packages\django\db\models\sql\query.py", line 1703, in _add_q
    child_clause, needed_inner = self.build_filter(
                                 ^^^^^^^^^^^^^^^^^^
  File "C:\Users\SHAHEEM\OneDrive\Desktop\IMPORTANT\BRO\WEEK24\KAAIZEN\Backend\env\Lib\site-packages\django\db\models\sql\query.py", line 1613, in build_filter
    condition = self.build_lookup(lookups, col, value)
                ^^^^^^^^^^^^^^^^^^^^^^^^^^^^^^^^^^^^^^
  File "C:\Users\SHAHEEM\OneDrive\Desktop\IMPORTANT\BRO\WEEK24\KAAIZEN\Backend\env\Lib\site-packages\django\db\models\sql\query.py", line 1440, in build_lookup
    lookup = lookup_class(lhs, rhs)
             ^^^^^^^^^^^^^^^^^^^^^^
  File "C:\Users\SHAHEEM\OneDrive\Desktop\IMPORTANT\BRO\WEEK24\KAAIZEN\Backend\env\Lib\site-packages\django\db\models\lookups.py", line 35, in __init__
    self.rhs = self.get_prep_lookup()
               ^^^^^^^^^^^^^^^^^^^^^^
  File "C:\Users\SHAHEEM\OneDrive\Desktop\IMPORTANT\BRO\WEEK24\KAAIZEN\Backend\env\Lib\site-packages\django\db\models\fields\related_lookups.py", line 113, in get_prep_lookup
    self.rhs = target_field.get_prep_value(self.rhs)
               ^^^^^^^^^^^^^^^^^^^^^^^^^^^^^^^^^^^^^
  File "C:\Users\SHAHEEM\OneDrive\Desktop\IMPORTANT\BRO\WEEK24\KAAIZEN\Backend\env\Lib\site-packages\django\db\models\fields\__init__.py", line 2750, in get_prep_value
    return self.to_python(value)
           ^^^^^^^^^^^^^^^^^^^^^
  File "C:\Users\SHAHEEM\OneDrive\Desktop\IMPORTANT\BRO\WEEK24\KAAIZEN\Backend\env\Lib\site-packages\django\db\models\fields\__init__.py", line 2768, in to_python
    raise exceptions.ValidationError(
django.core.exceptions.ValidationError: ['“AnonymousUser” is not a valid UUID.']
ERROR 2026-01-19 11:52:23,931 django.request Internal Server Error: /api/nutrition/daily-summary/2026-01-19/
Traceback (most recent call last):
  File "C:\Users\SHAHEEM\OneDrive\Desktop\IMPORTANT\BRO\WEEK24\KAAIZEN\Backend\env\Lib\site-packages\django\db\models\fields\__init__.py", line 2766, in to_python
    return uuid.UUID(**{input_form: value})
           ^^^^^^^^^^^^^^^^^^^^^^^^^^^^^^^^
  File "C:\Users\SHAHEEM\AppData\Local\Programs\Python\Python312\Lib\uuid.py", line 175, in __init__
    hex = hex.replace('urn:', '').replace('uuid:', '')
          ^^^^^^^^^^^
AttributeError: 'AnonymousUser' object has no attribute 'replace'

During handling of the above exception, another exception occurred:

Traceback (most recent call last):
  File "C:\Users\SHAHEEM\OneDrive\Desktop\IMPORTANT\BRO\WEEK24\KAAIZEN\Backend\env\Lib\site-packages\django\core\handlers\exception.py", line 55, in inner
    response = get_response(request)
               ^^^^^^^^^^^^^^^^^^^^^
  File "C:\Users\SHAHEEM\OneDrive\Desktop\IMPORTANT\BRO\WEEK24\KAAIZEN\Backend\env\Lib\site-packages\django\core\handlers\base.py", line 198, in _get_response
    response = wrapped_callback(request, *callback_args, **callback_kwargs)
               ^^^^^^^^^^^^^^^^^^^^^^^^^^^^^^^^^^^^^^^^^^^^^^^^^^^^^^^^^^^^
  File "C:\Users\SHAHEEM\OneDrive\Desktop\IMPORTANT\BRO\WEEK24\KAAIZEN\Backend\env\Lib\site-packages\django\views\decorators\csrf.py", line 65, in _view_wrapper
    return view_func(request, *args, **kwargs)
           ^^^^^^^^^^^^^^^^^^^^^^^^^^^^^^^^^^^
  File "C:\Users\SHAHEEM\OneDrive\Desktop\IMPORTANT\BRO\WEEK24\KAAIZEN\Backend\env\Lib\site-packages\django\views\generic\base.py", line 106, in view
    return self.dispatch(request, *args, **kwargs)
           ^^^^^^^^^^^^^^^^^^^^^^^^^^^^^^^^^^^^^^^
  File "C:\Users\SHAHEEM\OneDrive\Desktop\IMPORTANT\BRO\WEEK24\KAAIZEN\Backend\env\Lib\site-packages\rest_framework\views.py", line 515, in dispatch
    response = self.handle_exception(exc)
               ^^^^^^^^^^^^^^^^^^^^^^^^^^
  File "C:\Users\SHAHEEM\OneDrive\Desktop\IMPORTANT\BRO\WEEK24\KAAIZEN\Backend\env\Lib\site-packages\rest_framework\views.py", line 475, in handle_exception
    self.raise_uncaught_exception(exc)
  File "C:\Users\SHAHEEM\OneDrive\Desktop\IMPORTANT\BRO\WEEK24\KAAIZEN\Backend\env\Lib\site-packages\rest_framework\views.py", line 486, in raise_uncaught_exception
    raise exc
  File "C:\Users\SHAHEEM\OneDrive\Desktop\IMPORTANT\BRO\WEEK24\KAAIZEN\Backend\env\Lib\site-packages\rest_framework\views.py", line 512, in dispatch
    response = handler(request, *args, **kwargs)
               ^^^^^^^^^^^^^^^^^^^^^^^^^^^^^^^^^
  File "C:\Users\SHAHEEM\OneDrive\Desktop\IMPORTANT\BRO\WEEK24\KAAIZEN\Backend\nutrition\views.py", line 38, in get
    entries = MealEntry.objects.filter(
              ^^^^^^^^^^^^^^^^^^^^^^^^^
  File "C:\Users\SHAHEEM\OneDrive\Desktop\IMPORTANT\BRO\WEEK24\KAAIZEN\Backend\env\Lib\site-packages\django\db\models\manager.py", line 87, in manager_method
    return getattr(self.get_queryset(), name)(*args, **kwargs)
           ^^^^^^^^^^^^^^^^^^^^^^^^^^^^^^^^^^^^^^^^^^^^^^^^^^^
  File "C:\Users\SHAHEEM\OneDrive\Desktop\IMPORTANT\BRO\WEEK24\KAAIZEN\Backend\env\Lib\site-packages\django\db\models\query.py", line 1542, in filter
    return self._filter_or_exclude(False, args, kwargs)
           ^^^^^^^^^^^^^^^^^^^^^^^^^^^^^^^^^^^^^^^^^^^^
  File "C:\Users\SHAHEEM\OneDrive\Desktop\IMPORTANT\BRO\WEEK24\KAAIZEN\Backend\env\Lib\site-packages\django\db\models\query.py", line 1560, in _filter_or_exclude
    clone._filter_or_exclude_inplace(negate, args, kwargs)
  File "C:\Users\SHAHEEM\OneDrive\Desktop\IMPORTANT\BRO\WEEK24\KAAIZEN\Backend\env\Lib\site-packages\django\db\models\query.py", line 1570, in _filter_or_exclude_inplace
    self._query.add_q(Q(*args, **kwargs))
  File "C:\Users\SHAHEEM\OneDrive\Desktop\IMPORTANT\BRO\WEEK24\KAAIZEN\Backend\env\Lib\site-packages\django\db\models\sql\query.py", line 1671, in add_q
    clause, _ = self._add_q(q_object, can_reuse)
                ^^^^^^^^^^^^^^^^^^^^^^^^^^^^^^^^
  File "C:\Users\SHAHEEM\OneDrive\Desktop\IMPORTANT\BRO\WEEK24\KAAIZEN\Backend\env\Lib\site-packages\django\db\models\sql\query.py", line 1703, in _add_q
    child_clause, needed_inner = self.build_filter(
                                 ^^^^^^^^^^^^^^^^^^
  File "C:\Users\SHAHEEM\OneDrive\Desktop\IMPORTANT\BRO\WEEK24\KAAIZEN\Backend\env\Lib\site-packages\django\db\models\sql\query.py", line 1613, in build_filter
    condition = self.build_lookup(lookups, col, value)
                ^^^^^^^^^^^^^^^^^^^^^^^^^^^^^^^^^^^^^^
  File "C:\Users\SHAHEEM\OneDrive\Desktop\IMPORTANT\BRO\WEEK24\KAAIZEN\Backend\env\Lib\site-packages\django\db\models\sql\query.py", line 1440, in build_lookup
    lookup = lookup_class(lhs, rhs)
             ^^^^^^^^^^^^^^^^^^^^^^
  File "C:\Users\SHAHEEM\OneDrive\Desktop\IMPORTANT\BRO\WEEK24\KAAIZEN\Backend\env\Lib\site-packages\django\db\models\lookups.py", line 35, in __init__
    self.rhs = self.get_prep_lookup()
               ^^^^^^^^^^^^^^^^^^^^^^
  File "C:\Users\SHAHEEM\OneDrive\Desktop\IMPORTANT\BRO\WEEK24\KAAIZEN\Backend\env\Lib\site-packages\django\db\models\fields\related_lookups.py", line 113, in get_prep_lookup
    self.rhs = target_field.get_prep_value(self.rhs)
               ^^^^^^^^^^^^^^^^^^^^^^^^^^^^^^^^^^^^^
  File "C:\Users\SHAHEEM\OneDrive\Desktop\IMPORTANT\BRO\WEEK24\KAAIZEN\Backend\env\Lib\site-packages\django\db\models\fields\__init__.py", line 2750, in get_prep_value
    return self.to_python(value)
           ^^^^^^^^^^^^^^^^^^^^^
  File "C:\Users\SHAHEEM\OneDrive\Desktop\IMPORTANT\BRO\WEEK24\KAAIZEN\Backend\env\Lib\site-packages\django\db\models\fields\__init__.py", line 2768, in to_python
    raise exceptions.ValidationError(
django.core.exceptions.ValidationError: ['“AnonymousUser” is not a valid UUID.']
ERROR 2026-01-19 11:52:24,440 django.server "GET /api/client/meal-allocations/ HTTP/1.1" 500 27362
ERROR 2026-01-19 11:52:24,176 django.request Internal Server Error: /api/client/me/profile/
Traceback (most recent call last):
  File "C:\Users\SHAHEEM\OneDrive\Desktop\IMPORTANT\BRO\WEEK24\KAAIZEN\Backend\env\Lib\site-packages\django\db\models\fields\__init__.py", line 2766, in to_python
    return uuid.UUID(**{input_form: value})
           ^^^^^^^^^^^^^^^^^^^^^^^^^^^^^^^^
  File "C:\Users\SHAHEEM\AppData\Local\Programs\Python\Python312\Lib\uuid.py", line 175, in __init__
    hex = hex.replace('urn:', '').replace('uuid:', '')
          ^^^^^^^^^^^
AttributeError: 'AnonymousUser' object has no attribute 'replace'

During handling of the above exception, another exception occurred:

Traceback (most recent call last):
  File "C:\Users\SHAHEEM\OneDrive\Desktop\IMPORTANT\BRO\WEEK24\KAAIZEN\Backend\env\Lib\site-packages\django\core\handlers\exception.py", line 55, in inner
    response = get_response(request)
               ^^^^^^^^^^^^^^^^^^^^^
  File "C:\Users\SHAHEEM\OneDrive\Desktop\IMPORTANT\BRO\WEEK24\KAAIZEN\Backend\env\Lib\site-packages\django\core\handlers\base.py", line 198, in _get_response
    response = wrapped_callback(request, *callback_args, **callback_kwargs)
               ^^^^^^^^^^^^^^^^^^^^^^^^^^^^^^^^^^^^^^^^^^^^^^^^^^^^^^^^^^^^
  File "C:\Users\SHAHEEM\OneDrive\Desktop\IMPORTANT\BRO\WEEK24\KAAIZEN\Backend\env\Lib\site-packages\django\views\decorators\csrf.py", line 65, in _view_wrapper
    return view_func(request, *args, **kwargs)
           ^^^^^^^^^^^^^^^^^^^^^^^^^^^^^^^^^^^
  File "C:\Users\SHAHEEM\OneDrive\Desktop\IMPORTANT\BRO\WEEK24\KAAIZEN\Backend\env\Lib\site-packages\django\views\generic\base.py", line 106, in view
    return self.dispatch(request, *args, **kwargs)
           ^^^^^^^^^^^^^^^^^^^^^^^^^^^^^^^^^^^^^^^
  File "C:\Users\SHAHEEM\OneDrive\Desktop\IMPORTANT\BRO\WEEK24\KAAIZEN\Backend\env\Lib\site-packages\rest_framework\views.py", line 515, in dispatch
    response = self.handle_exception(exc)
               ^^^^^^^^^^^^^^^^^^^^^^^^^^
  File "C:\Users\SHAHEEM\OneDrive\Desktop\IMPORTANT\BRO\WEEK24\KAAIZEN\Backend\env\Lib\site-packages\rest_framework\views.py", line 475, in handle_exception
    self.raise_uncaught_exception(exc)
  File "C:\Users\SHAHEEM\OneDrive\Desktop\IMPORTANT\BRO\WEEK24\KAAIZEN\Backend\env\Lib\site-packages\rest_framework\views.py", line 486, in raise_uncaught_exception
    raise exc
  File "C:\Users\SHAHEEM\OneDrive\Desktop\IMPORTANT\BRO\WEEK24\KAAIZEN\Backend\env\Lib\site-packages\rest_framework\views.py", line 512, in dispatch
    response = handler(request, *args, **kwargs)
               ^^^^^^^^^^^^^^^^^^^^^^^^^^^^^^^^^
  File "C:\Users\SHAHEEM\OneDrive\Desktop\IMPORTANT\BRO\WEEK24\KAAIZEN\Backend\clients\views.py", line 22, in get
    profile = self.get_profile(request.user)
              ^^^^^^^^^^^^^^^^^^^^^^^^^^^^^^
  File "C:\Users\SHAHEEM\OneDrive\Desktop\IMPORTANT\BRO\WEEK24\KAAIZEN\Backend\clients\views.py", line 19, in get_profile
    return ClientProfile.objects.filter(user=user).first()
           ^^^^^^^^^^^^^^^^^^^^^^^^^^^^^^^^^^^^^^^
  File "C:\Users\SHAHEEM\OneDrive\Desktop\IMPORTANT\BRO\WEEK24\KAAIZEN\Backend\env\Lib\site-packages\django\db\models\manager.py", line 87, in manager_method
    return getattr(self.get_queryset(), name)(*args, **kwargs)
           ^^^^^^^^^^^^^^^^^^^^^^^^^^^^^^^^^^^^^^^^^^^^^^^^^^^
  File "C:\Users\SHAHEEM\OneDrive\Desktop\IMPORTANT\BRO\WEEK24\KAAIZEN\Backend\env\Lib\site-packages\django\db\models\query.py", line 1542, in filter
    return self._filter_or_exclude(False, args, kwargs)
           ^^^^^^^^^^^^^^^^^^^^^^^^^^^^^^^^^^^^^^^^^^^^
  File "C:\Users\SHAHEEM\OneDrive\Desktop\IMPORTANT\BRO\WEEK24\KAAIZEN\Backend\env\Lib\site-packages\django\db\models\query.py", line 1560, in _filter_or_exclude
    clone._filter_or_exclude_inplace(negate, args, kwargs)
  File "C:\Users\SHAHEEM\OneDrive\Desktop\IMPORTANT\BRO\WEEK24\KAAIZEN\Backend\env\Lib\site-packages\django\db\models\query.py", line 1570, in _filter_or_exclude_inplace
    self._query.add_q(Q(*args, **kwargs))
  File "C:\Users\SHAHEEM\OneDrive\Desktop\IMPORTANT\BRO\WEEK24\KAAIZEN\Backend\env\Lib\site-packages\django\db\models\sql\query.py", line 1671, in add_q
    clause, _ = self._add_q(q_object, can_reuse)
                ^^^^^^^^^^^^^^^^^^^^^^^^^^^^^^^^
  File "C:\Users\SHAHEEM\OneDrive\Desktop\IMPORTANT\BRO\WEEK24\KAAIZEN\Backend\env\Lib\site-packages\django\db\models\sql\query.py", line 1703, in _add_q
    child_clause, needed_inner = self.build_filter(
                                 ^^^^^^^^^^^^^^^^^^
  File "C:\Users\SHAHEEM\OneDrive\Desktop\IMPORTANT\BRO\WEEK24\KAAIZEN\Backend\env\Lib\site-packages\django\db\models\sql\query.py", line 1613, in build_filter
    condition = self.build_lookup(lookups, col, value)
                ^^^^^^^^^^^^^^^^^^^^^^^^^^^^^^^^^^^^^^
  File "C:\Users\SHAHEEM\OneDrive\Desktop\IMPORTANT\BRO\WEEK24\KAAIZEN\Backend\env\Lib\site-packages\django\db\models\sql\query.py", line 1440, in build_lookup
    lookup = lookup_class(lhs, rhs)
             ^^^^^^^^^^^^^^^^^^^^^^
  File "C:\Users\SHAHEEM\OneDrive\Desktop\IMPORTANT\BRO\WEEK24\KAAIZEN\Backend\env\Lib\site-packages\django\db\models\lookups.py", line 35, in __init__
    self.rhs = self.get_prep_lookup()
               ^^^^^^^^^^^^^^^^^^^^^^
  File "C:\Users\SHAHEEM\OneDrive\Desktop\IMPORTANT\BRO\WEEK24\KAAIZEN\Backend\env\Lib\site-packages\django\db\models\fields\related_lookups.py", line 113, in get_prep_lookup
    self.rhs = target_field.get_prep_value(self.rhs)
               ^^^^^^^^^^^^^^^^^^^^^^^^^^^^^^^^^^^^^
  File "C:\Users\SHAHEEM\OneDrive\Desktop\IMPORTANT\BRO\WEEK24\KAAIZEN\Backend\env\Lib\site-packages\django\db\models\fields\__init__.py", line 2750, in get_prep_value
    return self.to_python(value)
           ^^^^^^^^^^^^^^^^^^^^^
  File "C:\Users\SHAHEEM\OneDrive\Desktop\IMPORTANT\BRO\WEEK24\KAAIZEN\Backend\env\Lib\site-packages\django\db\models\fields\__init__.py", line 2768, in to_python
    raise exceptions.ValidationError(
django.core.exceptions.ValidationError: ['“AnonymousUser” is not a valid UUID.']
INFO 2026-01-19 11:52:24,690 django.server - Broken pipe from ('127.0.0.1', 63546)
ERROR 2026-01-19 11:52:24,440 django.server "GET /api/client/meal-allocations/ HTTP/1.1" 500 27362
INFO 2026-01-19 11:52:24,690 django.server - Broken pipe from ('127.0.0.1', 63546)
ERROR 2026-01-19 11:52:24,953 django.request Internal Server Error: /api/nutrition/meal-entries/2026-01-19/
Traceback (most recent call last):
  File "C:\Users\SHAHEEM\OneDrive\Desktop\IMPORTANT\BRO\WEEK24\KAAIZEN\Backend\env\Lib\site-packages\django\db\models\fields\__init__.py", line 2766, in to_python
    return uuid.UUID(**{input_form: value})
           ^^^^^^^^^^^^^^^^^^^^^^^^^^^^^^^^
  File "C:\Users\SHAHEEM\AppData\Local\Programs\Python\Python312\Lib\uuid.py", line 175, in __init__
    hex = hex.replace('urn:', '').replace('uuid:', '')
          ^^^^^^^^^^^
AttributeError: 'AnonymousUser' object has no attribute 'replace'

During handling of the above exception, another exception occurred:

Traceback (most recent call last):
  File "C:\Users\SHAHEEM\OneDrive\Desktop\IMPORTANT\BRO\WEEK24\KAAIZEN\Backend\env\Lib\site-packages\django\core\handlers\exception.py", line 55, in inner
    response = get_response(request)
               ^^^^^^^^^^^^^^^^^^^^^
  File "C:\Users\SHAHEEM\OneDrive\Desktop\IMPORTANT\BRO\WEEK24\KAAIZEN\Backend\env\Lib\site-packages\django\core\handlers\base.py", line 198, in _get_response
    response = wrapped_callback(request, *callback_args, **callback_kwargs)
               ^^^^^^^^^^^^^^^^^^^^^^^^^^^^^^^^^^^^^^^^^^^^^^^^^^^^^^^^^^^^
  File "C:\Users\SHAHEEM\OneDrive\Desktop\IMPORTANT\BRO\WEEK24\KAAIZEN\Backend\env\Lib\site-packages\django\views\decorators\csrf.py", line 65, in _view_wrapper
    return view_func(request, *args, **kwargs)
           ^^^^^^^^^^^^^^^^^^^^^^^^^^^^^^^^^^^
  File "C:\Users\SHAHEEM\OneDrive\Desktop\IMPORTANT\BRO\WEEK24\KAAIZEN\Backend\env\Lib\site-packages\django\views\generic\base.py", line 106, in view
    return self.dispatch(request, *args, **kwargs)
           ^^^^^^^^^^^^^^^^^^^^^^^^^^^^^^^^^^^^^^^
  File "C:\Users\SHAHEEM\OneDrive\Desktop\IMPORTANT\BRO\WEEK24\KAAIZEN\Backend\env\Lib\site-packages\rest_framework\views.py", line 515, in dispatch
    response = self.handle_exception(exc)
               ^^^^^^^^^^^^^^^^^^^^^^^^^^
  File "C:\Users\SHAHEEM\OneDrive\Desktop\IMPORTANT\BRO\WEEK24\KAAIZEN\Backend\env\Lib\site-packages\rest_framework\views.py", line 475, in handle_exception
    self.raise_uncaught_exception(exc)
  File "C:\Users\SHAHEEM\OneDrive\Desktop\IMPORTANT\BRO\WEEK24\KAAIZEN\Backend\env\Lib\site-packages\rest_framework\views.py", line 486, in raise_uncaught_exception
    raise exc
  File "C:\Users\SHAHEEM\OneDrive\Desktop\IMPORTANT\BRO\WEEK24\KAAIZEN\Backend\env\Lib\site-packages\rest_framework\views.py", line 512, in dispatch
    response = handler(request, *args, **kwargs)
               ^^^^^^^^^^^^^^^^^^^^^^^^^^^^^^^^^
  File "C:\Users\SHAHEEM\OneDrive\Desktop\IMPORTANT\BRO\WEEK24\KAAIZEN\Backend\nutrition\views.py", line 27, in get
    entries = MealEntry.objects.filter(
              ^^^^^^^^^^^^^^^^^^^^^^^^^
  File "C:\Users\SHAHEEM\OneDrive\Desktop\IMPORTANT\BRO\WEEK24\KAAIZEN\Backend\env\Lib\site-packages\django\db\models\manager.py", line 87, in manager_method
    return getattr(self.get_queryset(), name)(*args, **kwargs)
           ^^^^^^^^^^^^^^^^^^^^^^^^^^^^^^^^^^^^^^^^^^^^^^^^^^^
  File "C:\Users\SHAHEEM\OneDrive\Desktop\IMPORTANT\BRO\WEEK24\KAAIZEN\Backend\env\Lib\site-packages\django\db\models\query.py", line 1542, in filter
    return self._filter_or_exclude(False, args, kwargs)
           ^^^^^^^^^^^^^^^^^^^^^^^^^^^^^^^^^^^^^^^^^^^^
  File "C:\Users\SHAHEEM\OneDrive\Desktop\IMPORTANT\BRO\WEEK24\KAAIZEN\Backend\env\Lib\site-packages\django\db\models\query.py", line 1560, in _filter_or_exclude
    clone._filter_or_exclude_inplace(negate, args, kwargs)
  File "C:\Users\SHAHEEM\OneDrive\Desktop\IMPORTANT\BRO\WEEK24\KAAIZEN\Backend\env\Lib\site-packages\django\db\models\query.py", line 1570, in _filter_or_exclude_inplace
    self._query.add_q(Q(*args, **kwargs))
  File "C:\Users\SHAHEEM\OneDrive\Desktop\IMPORTANT\BRO\WEEK24\KAAIZEN\Backend\env\Lib\site-packages\django\db\models\sql\query.py", line 1671, in add_q
    clause, _ = self._add_q(q_object, can_reuse)
                ^^^^^^^^^^^^^^^^^^^^^^^^^^^^^^^^
  File "C:\Users\SHAHEEM\OneDrive\Desktop\IMPORTANT\BRO\WEEK24\KAAIZEN\Backend\env\Lib\site-packages\django\db\models\sql\query.py", line 1703, in _add_q
    child_clause, needed_inner = self.build_filter(
                                 ^^^^^^^^^^^^^^^^^^
  File "C:\Users\SHAHEEM\OneDrive\Desktop\IMPORTANT\BRO\WEEK24\KAAIZEN\Backend\env\Lib\site-packages\django\db\models\sql\query.py", line 1613, in build_filter
    condition = self.build_lookup(lookups, col, value)
                ^^^^^^^^^^^^^^^^^^^^^^^^^^^^^^^^^^^^^^
  File "C:\Users\SHAHEEM\OneDrive\Desktop\IMPORTANT\BRO\WEEK24\KAAIZEN\Backend\env\Lib\site-packages\django\db\models\sql\query.py", line 1440, in build_lookup
    lookup = lookup_class(lhs, rhs)
             ^^^^^^^^^^^^^^^^^^^^^^
  File "C:\Users\SHAHEEM\OneDrive\Desktop\IMPORTANT\BRO\WEEK24\KAAIZEN\Backend\env\Lib\site-packages\django\db\models\lookups.py", line 35, in __init__
    self.rhs = self.get_prep_lookup()
               ^^^^^^^^^^^^^^^^^^^^^^
  File "C:\Users\SHAHEEM\OneDrive\Desktop\IMPORTANT\BRO\WEEK24\KAAIZEN\Backend\env\Lib\site-packages\django\db\models\fields\related_lookups.py", line 113, in get_prep_lookup
    self.rhs = target_field.get_prep_value(self.rhs)
               ^^^^^^^^^^^^^^^^^^^^^^^^^^^^^^^^^^^^^
  File "C:\Users\SHAHEEM\OneDrive\Desktop\IMPORTANT\BRO\WEEK24\KAAIZEN\Backend\env\Lib\site-packages\django\db\models\fields\__init__.py", line 2750, in get_prep_value
    return self.to_python(value)
           ^^^^^^^^^^^^^^^^^^^^^
  File "C:\Users\SHAHEEM\OneDrive\Desktop\IMPORTANT\BRO\WEEK24\KAAIZEN\Backend\env\Lib\site-packages\django\db\models\fields\__init__.py", line 2768, in to_python
    raise exceptions.ValidationError(
django.core.exceptions.ValidationError: ['“AnonymousUser” is not a valid UUID.']
INFO 2026-01-19 11:52:24,965 django.server - Broken pipe from ('127.0.0.1', 54150)
ERROR 2026-01-19 11:52:24,953 django.request Internal Server Error: /api/nutrition/meal-entries/2026-01-19/
Traceback (most recent call last):
  File "C:\Users\SHAHEEM\OneDrive\Desktop\IMPORTANT\BRO\WEEK24\KAAIZEN\Backend\env\Lib\site-packages\django\db\models\fields\__init__.py", line 2766, in to_python
    return uuid.UUID(**{input_form: value})
           ^^^^^^^^^^^^^^^^^^^^^^^^^^^^^^^^
  File "C:\Users\SHAHEEM\AppData\Local\Programs\Python\Python312\Lib\uuid.py", line 175, in __init__
    hex = hex.replace('urn:', '').replace('uuid:', '')
          ^^^^^^^^^^^
AttributeError: 'AnonymousUser' object has no attribute 'replace'

During handling of the above exception, another exception occurred:

Traceback (most recent call last):
  File "C:\Users\SHAHEEM\OneDrive\Desktop\IMPORTANT\BRO\WEEK24\KAAIZEN\Backend\env\Lib\site-packages\django\core\handlers\exception.py", line 55, in inner
    response = get_response(request)
               ^^^^^^^^^^^^^^^^^^^^^
  File "C:\Users\SHAHEEM\OneDrive\Desktop\IMPORTANT\BRO\WEEK24\KAAIZEN\Backend\env\Lib\site-packages\django\core\handlers\base.py", line 198, in _get_response
    response = wrapped_callback(request, *callback_args, **callback_kwargs)
               ^^^^^^^^^^^^^^^^^^^^^^^^^^^^^^^^^^^^^^^^^^^^^^^^^^^^^^^^^^^^
  File "C:\Users\SHAHEEM\OneDrive\Desktop\IMPORTANT\BRO\WEEK24\KAAIZEN\Backend\env\Lib\site-packages\django\views\decorators\csrf.py", line 65, in _view_wrapper
    return view_func(request, *args, **kwargs)
           ^^^^^^^^^^^^^^^^^^^^^^^^^^^^^^^^^^^
  File "C:\Users\SHAHEEM\OneDrive\Desktop\IMPORTANT\BRO\WEEK24\KAAIZEN\Backend\env\Lib\site-packages\django\views\generic\base.py", line 106, in view
    return self.dispatch(request, *args, **kwargs)
           ^^^^^^^^^^^^^^^^^^^^^^^^^^^^^^^^^^^^^^^
  File "C:\Users\SHAHEEM\OneDrive\Desktop\IMPORTANT\BRO\WEEK24\KAAIZEN\Backend\env\Lib\site-packages\rest_framework\views.py", line 515, in dispatch
    response = self.handle_exception(exc)
               ^^^^^^^^^^^^^^^^^^^^^^^^^^
  File "C:\Users\SHAHEEM\OneDrive\Desktop\IMPORTANT\BRO\WEEK24\KAAIZEN\Backend\env\Lib\site-packages\rest_framework\views.py", line 475, in handle_exception
    self.raise_uncaught_exception(exc)
  File "C:\Users\SHAHEEM\OneDrive\Desktop\IMPORTANT\BRO\WEEK24\KAAIZEN\Backend\env\Lib\site-packages\rest_framework\views.py", line 486, in raise_uncaught_exception
    raise exc
  File "C:\Users\SHAHEEM\OneDrive\Desktop\IMPORTANT\BRO\WEEK24\KAAIZEN\Backend\env\Lib\site-packages\rest_framework\views.py", line 512, in dispatch
    response = handler(request, *args, **kwargs)
               ^^^^^^^^^^^^^^^^^^^^^^^^^^^^^^^^^
  File "C:\Users\SHAHEEM\OneDrive\Desktop\IMPORTANT\BRO\WEEK24\KAAIZEN\Backend\nutrition\views.py", line 27, in get
    entries = MealEntry.objects.filter(
              ^^^^^^^^^^^^^^^^^^^^^^^^^
  File "C:\Users\SHAHEEM\OneDrive\Desktop\IMPORTANT\BRO\WEEK24\KAAIZEN\Backend\env\Lib\site-packages\django\db\models\manager.py", line 87, in manager_method
    return getattr(self.get_queryset(), name)(*args, **kwargs)
           ^^^^^^^^^^^^^^^^^^^^^^^^^^^^^^^^^^^^^^^^^^^^^^^^^^^
  File "C:\Users\SHAHEEM\OneDrive\Desktop\IMPORTANT\BRO\WEEK24\KAAIZEN\Backend\env\Lib\site-packages\django\db\models\query.py", line 1542, in filter
    return self._filter_or_exclude(False, args, kwargs)
           ^^^^^^^^^^^^^^^^^^^^^^^^^^^^^^^^^^^^^^^^^^^^
  File "C:\Users\SHAHEEM\OneDrive\Desktop\IMPORTANT\BRO\WEEK24\KAAIZEN\Backend\env\Lib\site-packages\django\db\models\query.py", line 1560, in _filter_or_exclude
    clone._filter_or_exclude_inplace(negate, args, kwargs)
  File "C:\Users\SHAHEEM\OneDrive\Desktop\IMPORTANT\BRO\WEEK24\KAAIZEN\Backend\env\Lib\site-packages\django\db\models\query.py", line 1570, in _filter_or_exclude_inplace
    self._query.add_q(Q(*args, **kwargs))
  File "C:\Users\SHAHEEM\OneDrive\Desktop\IMPORTANT\BRO\WEEK24\KAAIZEN\Backend\env\Lib\site-packages\django\db\models\sql\query.py", line 1671, in add_q
    clause, _ = self._add_q(q_object, can_reuse)
                ^^^^^^^^^^^^^^^^^^^^^^^^^^^^^^^^
  File "C:\Users\SHAHEEM\OneDrive\Desktop\IMPORTANT\BRO\WEEK24\KAAIZEN\Backend\env\Lib\site-packages\django\db\models\sql\query.py", line 1703, in _add_q
    child_clause, needed_inner = self.build_filter(
                                 ^^^^^^^^^^^^^^^^^^
  File "C:\Users\SHAHEEM\OneDrive\Desktop\IMPORTANT\BRO\WEEK24\KAAIZEN\Backend\env\Lib\site-packages\django\db\models\sql\query.py", line 1613, in build_filter
    condition = self.build_lookup(lookups, col, value)
                ^^^^^^^^^^^^^^^^^^^^^^^^^^^^^^^^^^^^^^
  File "C:\Users\SHAHEEM\OneDrive\Desktop\IMPORTANT\BRO\WEEK24\KAAIZEN\Backend\env\Lib\site-packages\django\db\models\sql\query.py", line 1440, in build_lookup
    lookup = lookup_class(lhs, rhs)
             ^^^^^^^^^^^^^^^^^^^^^^
  File "C:\Users\SHAHEEM\OneDrive\Desktop\IMPORTANT\BRO\WEEK24\KAAIZEN\Backend\env\Lib\site-packages\django\db\models\lookups.py", line 35, in __init__
    self.rhs = self.get_prep_lookup()
               ^^^^^^^^^^^^^^^^^^^^^^
  File "C:\Users\SHAHEEM\OneDrive\Desktop\IMPORTANT\BRO\WEEK24\KAAIZEN\Backend\env\Lib\site-packages\django\db\models\fields\related_lookups.py", line 113, in get_prep_lookup
    self.rhs = target_field.get_prep_value(self.rhs)
               ^^^^^^^^^^^^^^^^^^^^^^^^^^^^^^^^^^^^^
  File "C:\Users\SHAHEEM\OneDrive\Desktop\IMPORTANT\BRO\WEEK24\KAAIZEN\Backend\env\Lib\site-packages\django\db\models\fields\__init__.py", line 2750, in get_prep_value
    return self.to_python(value)
           ^^^^^^^^^^^^^^^^^^^^^
  File "C:\Users\SHAHEEM\OneDrive\Desktop\IMPORTANT\BRO\WEEK24\KAAIZEN\Backend\env\Lib\site-packages\django\db\models\fields\__init__.py", line 2768, in to_python
    raise exceptions.ValidationError(
django.core.exceptions.ValidationError: ['“AnonymousUser” is not a valid UUID.']
INFO 2026-01-19 11:52:24,965 django.server - Broken pipe from ('127.0.0.1', 54150)
INFO 2026-01-19 11:52:25,061 django.server - Broken pipe from ('127.0.0.1', 57025)
INFO 2026-01-19 11:52:25,061 django.server - Broken pipe from ('127.0.0.1', 57025)
WARNING 2026-01-19 11:52:39,191 django.request Unauthorized: /api/auth/me/
WARNING 2026-01-19 11:52:39,191 django.request Unauthorized: /api/auth/me/
WARNING 2026-01-19 11:52:39,200 django.server "GET /api/auth/me/ HTTP/1.1" 401 28
WARNING 2026-01-19 11:52:39,200 django.server "GET /api/auth/me/ HTTP/1.1" 401 28
INFO 2026-01-19 11:52:39,750 django.server "POST /api/auth/refresh/ HTTP/1.1" 200 28
INFO 2026-01-19 11:52:39,750 django.server "POST /api/auth/refresh/ HTTP/1.1" 200 28
INFO 2026-01-19 11:52:40,068 django.server "GET /api/auth/me/ HTTP/1.1" 200 65
INFO 2026-01-19 11:52:40,068 django.server "GET /api/auth/me/ HTTP/1.1" 200 65
INFO 2026-01-19 11:52:40,232 django.server "GET /api/nutrition/daily-summary/2026-01-19/ HTTP/1.1" 200 74
INFO 2026-01-19 11:52:40,232 django.server "GET /api/nutrition/daily-summary/2026-01-19/ HTTP/1.1" 200 74
INFO 2026-01-19 11:52:40,241 django.server "GET /api/nutrition/meal-entries/2026-01-19/ HTTP/1.1" 200 2
INFO 2026-01-19 11:52:40,241 django.server "GET /api/nutrition/meal-entries/2026-01-19/ HTTP/1.1" 200 2
INFO 2026-01-19 11:52:40,382 django.server "GET /api/client/me/profile/ HTTP/1.1" 200 472
INFO 2026-01-19 11:52:40,382 django.server "GET /api/client/me/profile/ HTTP/1.1" 200 472
INFO 2026-01-19 11:53:02,444 django.server "GET /api/client/meal-allocations/ HTTP/1.1" 200 349
INFO 2026-01-19 11:53:02,444 django.server "GET /api/client/meal-allocations/ HTTP/1.1" 200 349
WARNING 2026-01-19 12:18:08,386 django.request Unauthorized: /api/auth/me/
WARNING 2026-01-19 12:18:08,386 django.request Unauthorized: /api/auth/me/
WARNING 2026-01-19 12:18:08,408 django.server "GET /api/auth/me/ HTTP/1.1" 401 28
WARNING 2026-01-19 12:18:08,408 django.server "GET /api/auth/me/ HTTP/1.1" 401 28
INFO 2026-01-19 12:18:08,687 django.server "POST /api/auth/refresh/ HTTP/1.1" 200 28
INFO 2026-01-19 12:18:08,687 django.server "POST /api/auth/refresh/ HTTP/1.1" 200 28
INFO 2026-01-19 12:18:09,061 django.server "GET /api/auth/me/ HTTP/1.1" 200 65
INFO 2026-01-19 12:18:09,061 django.server "GET /api/auth/me/ HTTP/1.1" 200 65
INFO 2026-01-19 12:18:10,309 django.server "GET /api/nutrition/daily-summary/2026-01-19/ HTTP/1.1" 200 74
INFO 2026-01-19 12:18:10,310 django.server "GET /api/client/meal-allocations/ HTTP/1.1" 200 349
INFO 2026-01-19 12:18:10,309 django.server "GET /api/nutrition/daily-summary/2026-01-19/ HTTP/1.1" 200 74
INFO 2026-01-19 12:18:10,311 django.server "GET /api/nutrition/meal-entries/2026-01-19/ HTTP/1.1" 200 2
INFO 2026-01-19 12:18:10,311 django.server "GET /api/nutrition/meal-entries/2026-01-19/ HTTP/1.1" 200 2
INFO 2026-01-19 12:18:10,310 django.server "GET /api/client/meal-allocations/ HTTP/1.1" 200 349
INFO 2026-01-19 12:18:10,311 django.server "GET /api/client/me/profile/ HTTP/1.1" 200 472
INFO 2026-01-19 12:18:10,311 django.server "GET /api/client/me/profile/ HTTP/1.1" 200 472
INFO 2026-01-19 12:19:34,923 django.server "GET /api/auth/me/ HTTP/1.1" 200 65
INFO 2026-01-19 12:19:34,923 django.server "GET /api/auth/me/ HTTP/1.1" 200 65
INFO 2026-01-19 12:19:35,042 django.server "GET /api/nutrition/daily-summary/2026-01-19/ HTTP/1.1" 200 74
INFO 2026-01-19 12:19:35,042 django.server "GET /api/nutrition/daily-summary/2026-01-19/ HTTP/1.1" 200 74
INFO 2026-01-19 12:19:35,133 django.server "GET /api/nutrition/meal-entries/2026-01-19/ HTTP/1.1" 200 2
INFO 2026-01-19 12:19:35,133 django.server "GET /api/nutrition/meal-entries/2026-01-19/ HTTP/1.1" 200 2
INFO 2026-01-19 12:19:35,152 django.server "GET /api/client/me/profile/ HTTP/1.1" 200 472
INFO 2026-01-19 12:19:35,152 django.server "GET /api/client/me/profile/ HTTP/1.1" 200 472
INFO 2026-01-19 12:19:36,945 django.server "GET /api/auth/me/ HTTP/1.1" 200 65
INFO 2026-01-19 12:19:36,945 django.server "GET /api/auth/me/ HTTP/1.1" 200 65
INFO 2026-01-19 12:19:37,104 django.server "GET /api/nutrition/daily-summary/2026-01-19/ HTTP/1.1" 200 74
INFO 2026-01-19 12:19:37,104 django.server "GET /api/nutrition/daily-summary/2026-01-19/ HTTP/1.1" 200 74
INFO 2026-01-19 12:19:37,126 django.server "GET /api/nutrition/meal-entries/2026-01-19/ HTTP/1.1" 200 2
INFO 2026-01-19 12:19:37,126 django.server "GET /api/nutrition/meal-entries/2026-01-19/ HTTP/1.1" 200 2
INFO 2026-01-19 12:19:37,160 django.server "GET /api/client/me/profile/ HTTP/1.1" 200 472
INFO 2026-01-19 12:19:37,160 django.server "GET /api/client/me/profile/ HTTP/1.1" 200 472
INFO 2026-01-19 12:19:38,695 django.server "GET /api/auth/me/ HTTP/1.1" 200 65
INFO 2026-01-19 12:19:38,695 django.server "GET /api/auth/me/ HTTP/1.1" 200 65
INFO 2026-01-19 12:19:38,807 django.server "GET /api/nutrition/daily-summary/2026-01-19/ HTTP/1.1" 200 74
INFO 2026-01-19 12:19:38,807 django.server "GET /api/nutrition/daily-summary/2026-01-19/ HTTP/1.1" 200 74
INFO 2026-01-19 12:19:38,844 django.server "GET /api/client/me/profile/ HTTP/1.1" 200 472
INFO 2026-01-19 12:19:38,844 django.server "GET /api/client/me/profile/ HTTP/1.1" 200 472
INFO 2026-01-19 12:19:38,916 django.server "GET /api/nutrition/daily-summary/2026-01-19/ HTTP/1.1" 200 74
INFO 2026-01-19 12:19:38,916 django.server "GET /api/nutrition/daily-summary/2026-01-19/ HTTP/1.1" 200 74
INFO 2026-01-19 12:19:42,584 django.server "GET /api/auth/me/ HTTP/1.1" 200 65
INFO 2026-01-19 12:19:42,584 django.server "GET /api/auth/me/ HTTP/1.1" 200 65
INFO 2026-01-19 12:19:42,713 django.server "GET /api/client/me/profile/ HTTP/1.1" 200 472
INFO 2026-01-19 12:19:42,713 django.server "GET /api/nutrition/daily-summary/2026-01-19/ HTTP/1.1" 200 74
INFO 2026-01-19 12:19:42,713 django.server "GET /api/client/me/profile/ HTTP/1.1" 200 472
INFO 2026-01-19 12:19:42,713 django.server "GET /api/nutrition/daily-summary/2026-01-19/ HTTP/1.1" 200 74
INFO 2026-01-19 12:19:42,788 django.server "GET /api/nutrition/daily-summary/2026-01-19/ HTTP/1.1" 200 74
INFO 2026-01-19 12:19:42,788 django.server "GET /api/nutrition/daily-summary/2026-01-19/ HTTP/1.1" 200 74
INFO 2026-01-19 12:19:45,577 django.server "GET /api/nutrition/meal-entries/2026-01-19/ HTTP/1.1" 200 2
INFO 2026-01-19 12:19:45,577 django.server "GET /api/nutrition/meal-entries/2026-01-19/ HTTP/1.1" 200 2
INFO 2026-01-19 12:19:45,581 django.server "GET /api/nutrition/daily-summary/2026-01-19/ HTTP/1.1" 200 74
INFO 2026-01-19 12:19:45,581 django.server "GET /api/nutrition/daily-summary/2026-01-19/ HTTP/1.1" 200 74
INFO 2026-01-19 12:20:34,369 django.server "GET /api/auth/me/ HTTP/1.1" 200 65
INFO 2026-01-19 12:20:34,369 django.server "GET /api/auth/me/ HTTP/1.1" 200 65
INFO 2026-01-19 12:20:34,492 django.server "GET /api/nutrition/daily-summary/2026-01-19/ HTTP/1.1" 200 74
INFO 2026-01-19 12:20:34,492 django.server "GET /api/nutrition/daily-summary/2026-01-19/ HTTP/1.1" 200 74
INFO 2026-01-19 12:20:34,602 django.server "GET /api/nutrition/meal-entries/2026-01-19/ HTTP/1.1" 200 2
INFO 2026-01-19 12:20:34,602 django.server "GET /api/nutrition/meal-entries/2026-01-19/ HTTP/1.1" 200 2
INFO 2026-01-19 12:20:34,624 django.server "GET /api/client/me/profile/ HTTP/1.1" 200 472
INFO 2026-01-19 12:20:34,624 django.server "GET /api/client/me/profile/ HTTP/1.1" 200 472
INFO 2026-01-19 12:20:50,845 django.server "GET /api/auth/me/ HTTP/1.1" 200 65
INFO 2026-01-19 12:20:50,845 django.server "GET /api/auth/me/ HTTP/1.1" 200 65
INFO 2026-01-19 12:20:55,192 django.server "GET /api/auth/me/ HTTP/1.1" 200 65
INFO 2026-01-19 12:20:55,192 django.server "GET /api/auth/me/ HTTP/1.1" 200 65
INFO 2026-01-19 12:20:55,381 django.server "GET /api/nutrition/daily-summary/2026-01-19/ HTTP/1.1" 200 74
INFO 2026-01-19 12:20:55,381 django.server "GET /api/nutrition/daily-summary/2026-01-19/ HTTP/1.1" 200 74
INFO 2026-01-19 12:20:55,397 django.server "GET /api/nutrition/meal-entries/2026-01-19/ HTTP/1.1" 200 2
INFO 2026-01-19 12:20:55,397 django.server "GET /api/nutrition/meal-entries/2026-01-19/ HTTP/1.1" 200 2
INFO 2026-01-19 12:20:55,416 django.server "GET /api/client/me/profile/ HTTP/1.1" 200 472
INFO 2026-01-19 12:20:55,416 django.server "GET /api/client/me/profile/ HTTP/1.1" 200 472
INFO 2026-01-19 12:21:00,174 django.server "GET /api/nutrition/daily-summary/2026-01-19/ HTTP/1.1" 200 74
INFO 2026-01-19 12:21:00,174 django.server "GET /api/nutrition/daily-summary/2026-01-19/ HTTP/1.1" 200 74
INFO 2026-01-19 12:21:00,263 django.server "GET /api/nutrition/daily-summary/2026-01-19/ HTTP/1.1" 200 74
INFO 2026-01-19 12:21:00,263 django.server "GET /api/nutrition/daily-summary/2026-01-19/ HTTP/1.1" 200 74
INFO 2026-01-19 12:22:58,603 django.server "GET /api/auth/me/ HTTP/1.1" 200 65
INFO 2026-01-19 12:22:58,603 django.server "GET /api/auth/me/ HTTP/1.1" 200 65
INFO 2026-01-19 12:22:58,619 django.server "GET /api/nutrition/daily-summary/2026-01-19/ HTTP/1.1" 200 74
INFO 2026-01-19 12:22:58,619 django.server "GET /api/nutrition/daily-summary/2026-01-19/ HTTP/1.1" 200 74
INFO 2026-01-19 12:22:58,757 django.server "GET /api/nutrition/daily-summary/2026-01-19/ HTTP/1.1" 200 74
INFO 2026-01-19 12:22:58,757 django.server "GET /api/nutrition/daily-summary/2026-01-19/ HTTP/1.1" 200 74
INFO 2026-01-19 12:22:58,830 django.server "GET /api/nutrition/daily-summary/2026-01-19/ HTTP/1.1" 200 74
INFO 2026-01-19 12:22:58,830 django.server "GET /api/nutrition/daily-summary/2026-01-19/ HTTP/1.1" 200 74
INFO 2026-01-19 12:22:59,135 django.server "GET /api/nutrition/daily-summary/2026-01-19/ HTTP/1.1" 200 74
INFO 2026-01-19 12:22:59,135 django.server "GET /api/nutrition/daily-summary/2026-01-19/ HTTP/1.1" 200 74
WARNING 2026-01-19 12:23:20,821 django.request Unauthorized: /api/client/meal-allocations/
WARNING 2026-01-19 12:23:20,821 django.request Unauthorized: /api/client/meal-allocations/
WARNING 2026-01-19 12:23:20,823 django.server "GET /api/client/meal-allocations/ HTTP/1.1" 401 37
WARNING 2026-01-19 12:23:20,823 django.server "GET /api/client/meal-allocations/ HTTP/1.1" 401 37
INFO 2026-01-19 12:23:20,978 django.server "POST /api/auth/refresh/ HTTP/1.1" 200 28
INFO 2026-01-19 12:23:20,978 django.server "POST /api/auth/refresh/ HTTP/1.1" 200 28
INFO 2026-01-19 12:23:21,177 django.server "GET /api/client/meal-allocations/ HTTP/1.1" 200 349
INFO 2026-01-19 12:23:21,177 django.server "GET /api/client/meal-allocations/ HTTP/1.1" 200 349
INFO 2026-01-19 12:23:37,167 django.server "GET /api/auth/me/ HTTP/1.1" 200 65
INFO 2026-01-19 12:23:37,167 django.server "GET /api/auth/me/ HTTP/1.1" 200 65
INFO 2026-01-19 12:23:54,790 django.server "GET /api/nutrition/daily-summary/2026-01-19/ HTTP/1.1" 200 74
INFO 2026-01-19 12:23:54,790 django.server "GET /api/nutrition/daily-summary/2026-01-19/ HTTP/1.1" 200 74
INFO 2026-01-19 12:23:54,881 django.server "GET /api/nutrition/daily-summary/2026-01-19/ HTTP/1.1" 200 74
INFO 2026-01-19 12:23:54,881 django.server "GET /api/nutrition/daily-summary/2026-01-19/ HTTP/1.1" 200 74
ERROR 2026-01-19 12:39:37,252 django.request Internal Server Error: /api/client/me/profile/
Traceback (most recent call last):
  File "C:\Users\SHAHEEM\OneDrive\Desktop\IMPORTANT\BRO\WEEK24\KAAIZEN\Backend\env\Lib\site-packages\django\db\models\fields\__init__.py", line 2766, in to_python
    return uuid.UUID(**{input_form: value})
           ^^^^^^^^^^^^^^^^^^^^^^^^^^^^^^^^
  File "C:\Users\SHAHEEM\AppData\Local\Programs\Python\Python312\Lib\uuid.py", line 175, in __init__
    hex = hex.replace('urn:', '').replace('uuid:', '')
          ^^^^^^^^^^^
AttributeError: 'AnonymousUser' object has no attribute 'replace'

During handling of the above exception, another exception occurred:

Traceback (most recent call last):
  File "C:\Users\SHAHEEM\OneDrive\Desktop\IMPORTANT\BRO\WEEK24\KAAIZEN\Backend\env\Lib\site-packages\django\core\handlers\exception.py", line 55, in inner
    response = get_response(request)
               ^^^^^^^^^^^^^^^^^^^^^
  File "C:\Users\SHAHEEM\OneDrive\Desktop\IMPORTANT\BRO\WEEK24\KAAIZEN\Backend\env\Lib\site-packages\django\core\handlers\base.py", line 198, in _get_response
    response = wrapped_callback(request, *callback_args, **callback_kwargs)
               ^^^^^^^^^^^^^^^^^^^^^^^^^^^^^^^^^^^^^^^^^^^^^^^^^^^^^^^^^^^^
  File "C:\Users\SHAHEEM\OneDrive\Desktop\IMPORTANT\BRO\WEEK24\KAAIZEN\Backend\env\Lib\site-packages\django\views\decorators\csrf.py", line 65, in _view_wrapper
    return view_func(request, *args, **kwargs)
           ^^^^^^^^^^^^^^^^^^^^^^^^^^^^^^^^^^^
  File "C:\Users\SHAHEEM\OneDrive\Desktop\IMPORTANT\BRO\WEEK24\KAAIZEN\Backend\env\Lib\site-packages\django\views\generic\base.py", line 106, in view
    return self.dispatch(request, *args, **kwargs)
           ^^^^^^^^^^^^^^^^^^^^^^^^^^^^^^^^^^^^^^^
  File "C:\Users\SHAHEEM\OneDrive\Desktop\IMPORTANT\BRO\WEEK24\KAAIZEN\Backend\env\Lib\site-packages\rest_framework\views.py", line 515, in dispatch
    response = self.handle_exception(exc)
               ^^^^^^^^^^^^^^^^^^^^^^^^^^
  File "C:\Users\SHAHEEM\OneDrive\Desktop\IMPORTANT\BRO\WEEK24\KAAIZEN\Backend\env\Lib\site-packages\rest_framework\views.py", line 475, in handle_exception
    self.raise_uncaught_exception(exc)
  File "C:\Users\SHAHEEM\OneDrive\Desktop\IMPORTANT\BRO\WEEK24\KAAIZEN\Backend\env\Lib\site-packages\rest_framework\views.py", line 486, in raise_uncaught_exception
    raise exc
  File "C:\Users\SHAHEEM\OneDrive\Desktop\IMPORTANT\BRO\WEEK24\KAAIZEN\Backend\env\Lib\site-packages\rest_framework\views.py", line 512, in dispatch
    response = handler(request, *args, **kwargs)
               ^^^^^^^^^^^^^^^^^^^^^^^^^^^^^^^^^
  File "C:\Users\SHAHEEM\OneDrive\Desktop\IMPORTANT\BRO\WEEK24\KAAIZEN\Backend\clients\views.py", line 22, in get
    profile = self.get_profile(request.user)
              ^^^^^^^^^^^^^^^^^^^^^^^^^^^^^^
  File "C:\Users\SHAHEEM\OneDrive\Desktop\IMPORTANT\BRO\WEEK24\KAAIZEN\Backend\clients\views.py", line 19, in get_profile
    return ClientProfile.objects.filter(user=user).first()
           ^^^^^^^^^^^^^^^^^^^^^^^^^^^^^^^^^^^^^^^
  File "C:\Users\SHAHEEM\OneDrive\Desktop\IMPORTANT\BRO\WEEK24\KAAIZEN\Backend\env\Lib\site-packages\django\db\models\manager.py", line 87, in manager_method
    return getattr(self.get_queryset(), name)(*args, **kwargs)
           ^^^^^^^^^^^^^^^^^^^^^^^^^^^^^^^^^^^^^^^^^^^^^^^^^^^
  File "C:\Users\SHAHEEM\OneDrive\Desktop\IMPORTANT\BRO\WEEK24\KAAIZEN\Backend\env\Lib\site-packages\django\db\models\query.py", line 1542, in filter
    return self._filter_or_exclude(False, args, kwargs)
           ^^^^^^^^^^^^^^^^^^^^^^^^^^^^^^^^^^^^^^^^^^^^
  File "C:\Users\SHAHEEM\OneDrive\Desktop\IMPORTANT\BRO\WEEK24\KAAIZEN\Backend\env\Lib\site-packages\django\db\models\query.py", line 1560, in _filter_or_exclude
    clone._filter_or_exclude_inplace(negate, args, kwargs)
  File "C:\Users\SHAHEEM\OneDrive\Desktop\IMPORTANT\BRO\WEEK24\KAAIZEN\Backend\env\Lib\site-packages\django\db\models\query.py", line 1570, in _filter_or_exclude_inplace
    self._query.add_q(Q(*args, **kwargs))
  File "C:\Users\SHAHEEM\OneDrive\Desktop\IMPORTANT\BRO\WEEK24\KAAIZEN\Backend\env\Lib\site-packages\django\db\models\sql\query.py", line 1671, in add_q
    clause, _ = self._add_q(q_object, can_reuse)
                ^^^^^^^^^^^^^^^^^^^^^^^^^^^^^^^^
  File "C:\Users\SHAHEEM\OneDrive\Desktop\IMPORTANT\BRO\WEEK24\KAAIZEN\Backend\env\Lib\site-packages\django\db\models\sql\query.py", line 1703, in _add_q
    child_clause, needed_inner = self.build_filter(
                                 ^^^^^^^^^^^^^^^^^^
  File "C:\Users\SHAHEEM\OneDrive\Desktop\IMPORTANT\BRO\WEEK24\KAAIZEN\Backend\env\Lib\site-packages\django\db\models\sql\query.py", line 1613, in build_filter
    condition = self.build_lookup(lookups, col, value)
                ^^^^^^^^^^^^^^^^^^^^^^^^^^^^^^^^^^^^^^
  File "C:\Users\SHAHEEM\OneDrive\Desktop\IMPORTANT\BRO\WEEK24\KAAIZEN\Backend\env\Lib\site-packages\django\db\models\sql\query.py", line 1440, in build_lookup
    lookup = lookup_class(lhs, rhs)
             ^^^^^^^^^^^^^^^^^^^^^^
  File "C:\Users\SHAHEEM\OneDrive\Desktop\IMPORTANT\BRO\WEEK24\KAAIZEN\Backend\env\Lib\site-packages\django\db\models\lookups.py", line 35, in __init__
    self.rhs = self.get_prep_lookup()
               ^^^^^^^^^^^^^^^^^^^^^^
  File "C:\Users\SHAHEEM\OneDrive\Desktop\IMPORTANT\BRO\WEEK24\KAAIZEN\Backend\env\Lib\site-packages\django\db\models\fields\related_lookups.py", line 113, in get_prep_lookup
    self.rhs = target_field.get_prep_value(self.rhs)
               ^^^^^^^^^^^^^^^^^^^^^^^^^^^^^^^^^^^^^
  File "C:\Users\SHAHEEM\OneDrive\Desktop\IMPORTANT\BRO\WEEK24\KAAIZEN\Backend\env\Lib\site-packages\django\db\models\fields\__init__.py", line 2750, in get_prep_value
    return self.to_python(value)
           ^^^^^^^^^^^^^^^^^^^^^
  File "C:\Users\SHAHEEM\OneDrive\Desktop\IMPORTANT\BRO\WEEK24\KAAIZEN\Backend\env\Lib\site-packages\django\db\models\fields\__init__.py", line 2768, in to_python
    raise exceptions.ValidationError(
django.core.exceptions.ValidationError: ['“AnonymousUser” is not a valid UUID.']
ERROR 2026-01-19 12:39:37,252 django.request Internal Server Error: /api/client/me/profile/
Traceback (most recent call last):
  File "C:\Users\SHAHEEM\OneDrive\Desktop\IMPORTANT\BRO\WEEK24\KAAIZEN\Backend\env\Lib\site-packages\django\db\models\fields\__init__.py", line 2766, in to_python
    return uuid.UUID(**{input_form: value})
           ^^^^^^^^^^^^^^^^^^^^^^^^^^^^^^^^
  File "C:\Users\SHAHEEM\AppData\Local\Programs\Python\Python312\Lib\uuid.py", line 175, in __init__
    hex = hex.replace('urn:', '').replace('uuid:', '')
          ^^^^^^^^^^^
AttributeError: 'AnonymousUser' object has no attribute 'replace'

During handling of the above exception, another exception occurred:

Traceback (most recent call last):
  File "C:\Users\SHAHEEM\OneDrive\Desktop\IMPORTANT\BRO\WEEK24\KAAIZEN\Backend\env\Lib\site-packages\django\core\handlers\exception.py", line 55, in inner
    response = get_response(request)
               ^^^^^^^^^^^^^^^^^^^^^
  File "C:\Users\SHAHEEM\OneDrive\Desktop\IMPORTANT\BRO\WEEK24\KAAIZEN\Backend\env\Lib\site-packages\django\core\handlers\base.py", line 198, in _get_response
    response = wrapped_callback(request, *callback_args, **callback_kwargs)
               ^^^^^^^^^^^^^^^^^^^^^^^^^^^^^^^^^^^^^^^^^^^^^^^^^^^^^^^^^^^^
  File "C:\Users\SHAHEEM\OneDrive\Desktop\IMPORTANT\BRO\WEEK24\KAAIZEN\Backend\env\Lib\site-packages\django\views\decorators\csrf.py", line 65, in _view_wrapper
    return view_func(request, *args, **kwargs)
           ^^^^^^^^^^^^^^^^^^^^^^^^^^^^^^^^^^^
  File "C:\Users\SHAHEEM\OneDrive\Desktop\IMPORTANT\BRO\WEEK24\KAAIZEN\Backend\env\Lib\site-packages\django\views\generic\base.py", line 106, in view
    return self.dispatch(request, *args, **kwargs)
           ^^^^^^^^^^^^^^^^^^^^^^^^^^^^^^^^^^^^^^^
  File "C:\Users\SHAHEEM\OneDrive\Desktop\IMPORTANT\BRO\WEEK24\KAAIZEN\Backend\env\Lib\site-packages\rest_framework\views.py", line 515, in dispatch
    response = self.handle_exception(exc)
               ^^^^^^^^^^^^^^^^^^^^^^^^^^
  File "C:\Users\SHAHEEM\OneDrive\Desktop\IMPORTANT\BRO\WEEK24\KAAIZEN\Backend\env\Lib\site-packages\rest_framework\views.py", line 475, in handle_exception
    self.raise_uncaught_exception(exc)
  File "C:\Users\SHAHEEM\OneDrive\Desktop\IMPORTANT\BRO\WEEK24\KAAIZEN\Backend\env\Lib\site-packages\rest_framework\views.py", line 486, in raise_uncaught_exception
    raise exc
  File "C:\Users\SHAHEEM\OneDrive\Desktop\IMPORTANT\BRO\WEEK24\KAAIZEN\Backend\env\Lib\site-packages\rest_framework\views.py", line 512, in dispatch
    response = handler(request, *args, **kwargs)
               ^^^^^^^^^^^^^^^^^^^^^^^^^^^^^^^^^
  File "C:\Users\SHAHEEM\OneDrive\Desktop\IMPORTANT\BRO\WEEK24\KAAIZEN\Backend\clients\views.py", line 22, in get
    profile = self.get_profile(request.user)
              ^^^^^^^^^^^^^^^^^^^^^^^^^^^^^^
  File "C:\Users\SHAHEEM\OneDrive\Desktop\IMPORTANT\BRO\WEEK24\KAAIZEN\Backend\clients\views.py", line 19, in get_profile
    return ClientProfile.objects.filter(user=user).first()
           ^^^^^^^^^^^^^^^^^^^^^^^^^^^^^^^^^^^^^^^
  File "C:\Users\SHAHEEM\OneDrive\Desktop\IMPORTANT\BRO\WEEK24\KAAIZEN\Backend\env\Lib\site-packages\django\db\models\manager.py", line 87, in manager_method
    return getattr(self.get_queryset(), name)(*args, **kwargs)
           ^^^^^^^^^^^^^^^^^^^^^^^^^^^^^^^^^^^^^^^^^^^^^^^^^^^
  File "C:\Users\SHAHEEM\OneDrive\Desktop\IMPORTANT\BRO\WEEK24\KAAIZEN\Backend\env\Lib\site-packages\django\db\models\query.py", line 1542, in filter
    return self._filter_or_exclude(False, args, kwargs)
           ^^^^^^^^^^^^^^^^^^^^^^^^^^^^^^^^^^^^^^^^^^^^
  File "C:\Users\SHAHEEM\OneDrive\Desktop\IMPORTANT\BRO\WEEK24\KAAIZEN\Backend\env\Lib\site-packages\django\db\models\query.py", line 1560, in _filter_or_exclude
    clone._filter_or_exclude_inplace(negate, args, kwargs)
  File "C:\Users\SHAHEEM\OneDrive\Desktop\IMPORTANT\BRO\WEEK24\KAAIZEN\Backend\env\Lib\site-packages\django\db\models\query.py", line 1570, in _filter_or_exclude_inplace
    self._query.add_q(Q(*args, **kwargs))
  File "C:\Users\SHAHEEM\OneDrive\Desktop\IMPORTANT\BRO\WEEK24\KAAIZEN\Backend\env\Lib\site-packages\django\db\models\sql\query.py", line 1671, in add_q
    clause, _ = self._add_q(q_object, can_reuse)
                ^^^^^^^^^^^^^^^^^^^^^^^^^^^^^^^^
  File "C:\Users\SHAHEEM\OneDrive\Desktop\IMPORTANT\BRO\WEEK24\KAAIZEN\Backend\env\Lib\site-packages\django\db\models\sql\query.py", line 1703, in _add_q
    child_clause, needed_inner = self.build_filter(
                                 ^^^^^^^^^^^^^^^^^^
  File "C:\Users\SHAHEEM\OneDrive\Desktop\IMPORTANT\BRO\WEEK24\KAAIZEN\Backend\env\Lib\site-packages\django\db\models\sql\query.py", line 1613, in build_filter
    condition = self.build_lookup(lookups, col, value)
                ^^^^^^^^^^^^^^^^^^^^^^^^^^^^^^^^^^^^^^
  File "C:\Users\SHAHEEM\OneDrive\Desktop\IMPORTANT\BRO\WEEK24\KAAIZEN\Backend\env\Lib\site-packages\django\db\models\sql\query.py", line 1440, in build_lookup
    lookup = lookup_class(lhs, rhs)
             ^^^^^^^^^^^^^^^^^^^^^^
  File "C:\Users\SHAHEEM\OneDrive\Desktop\IMPORTANT\BRO\WEEK24\KAAIZEN\Backend\env\Lib\site-packages\django\db\models\lookups.py", line 35, in __init__
    self.rhs = self.get_prep_lookup()
               ^^^^^^^^^^^^^^^^^^^^^^
  File "C:\Users\SHAHEEM\OneDrive\Desktop\IMPORTANT\BRO\WEEK24\KAAIZEN\Backend\env\Lib\site-packages\django\db\models\fields\related_lookups.py", line 113, in get_prep_lookup
    self.rhs = target_field.get_prep_value(self.rhs)
               ^^^^^^^^^^^^^^^^^^^^^^^^^^^^^^^^^^^^^
  File "C:\Users\SHAHEEM\OneDrive\Desktop\IMPORTANT\BRO\WEEK24\KAAIZEN\Backend\env\Lib\site-packages\django\db\models\fields\__init__.py", line 2750, in get_prep_value
    return self.to_python(value)
           ^^^^^^^^^^^^^^^^^^^^^
  File "C:\Users\SHAHEEM\OneDrive\Desktop\IMPORTANT\BRO\WEEK24\KAAIZEN\Backend\env\Lib\site-packages\django\db\models\fields\__init__.py", line 2768, in to_python
    raise exceptions.ValidationError(
django.core.exceptions.ValidationError: ['“AnonymousUser” is not a valid UUID.']
ERROR 2026-01-19 12:39:37,291 django.server "GET /api/client/me/profile/ HTTP/1.1" 500 27486
ERROR 2026-01-19 12:39:37,291 django.server "GET /api/client/me/profile/ HTTP/1.1" 500 27486
ERROR 2026-01-19 12:39:37,359 django.request Internal Server Error: /api/nutrition/daily-summary/2026-01-19/
Traceback (most recent call last):
  File "C:\Users\SHAHEEM\OneDrive\Desktop\IMPORTANT\BRO\WEEK24\KAAIZEN\Backend\env\Lib\site-packages\django\db\models\fields\__init__.py", line 2766, in to_python
    return uuid.UUID(**{input_form: value})
           ^^^^^^^^^^^^^^^^^^^^^^^^^^^^^^^^
  File "C:\Users\SHAHEEM\AppData\Local\Programs\Python\Python312\Lib\uuid.py", line 175, in __init__
    hex = hex.replace('urn:', '').replace('uuid:', '')
          ^^^^^^^^^^^
AttributeError: 'AnonymousUser' object has no attribute 'replace'

During handling of the above exception, another exception occurred:

Traceback (most recent call last):
  File "C:\Users\SHAHEEM\OneDrive\Desktop\IMPORTANT\BRO\WEEK24\KAAIZEN\Backend\env\Lib\site-packages\django\core\handlers\exception.py", line 55, in inner
    response = get_response(request)
               ^^^^^^^^^^^^^^^^^^^^^
  File "C:\Users\SHAHEEM\OneDrive\Desktop\IMPORTANT\BRO\WEEK24\KAAIZEN\Backend\env\Lib\site-packages\django\core\handlers\base.py", line 198, in _get_response
    response = wrapped_callback(request, *callback_args, **callback_kwargs)
               ^^^^^^^^^^^^^^^^^^^^^^^^^^^^^^^^^^^^^^^^^^^^^^^^^^^^^^^^^^^^
  File "C:\Users\SHAHEEM\OneDrive\Desktop\IMPORTANT\BRO\WEEK24\KAAIZEN\Backend\env\Lib\site-packages\django\views\decorators\csrf.py", line 65, in _view_wrapper
    return view_func(request, *args, **kwargs)
           ^^^^^^^^^^^^^^^^^^^^^^^^^^^^^^^^^^^
  File "C:\Users\SHAHEEM\OneDrive\Desktop\IMPORTANT\BRO\WEEK24\KAAIZEN\Backend\env\Lib\site-packages\django\views\generic\base.py", line 106, in view
    return self.dispatch(request, *args, **kwargs)
           ^^^^^^^^^^^^^^^^^^^^^^^^^^^^^^^^^^^^^^^
  File "C:\Users\SHAHEEM\OneDrive\Desktop\IMPORTANT\BRO\WEEK24\KAAIZEN\Backend\env\Lib\site-packages\rest_framework\views.py", line 515, in dispatch
    response = self.handle_exception(exc)
               ^^^^^^^^^^^^^^^^^^^^^^^^^^
  File "C:\Users\SHAHEEM\OneDrive\Desktop\IMPORTANT\BRO\WEEK24\KAAIZEN\Backend\env\Lib\site-packages\rest_framework\views.py", line 475, in handle_exception
    self.raise_uncaught_exception(exc)
  File "C:\Users\SHAHEEM\OneDrive\Desktop\IMPORTANT\BRO\WEEK24\KAAIZEN\Backend\env\Lib\site-packages\rest_framework\views.py", line 486, in raise_uncaught_exception
    raise exc
  File "C:\Users\SHAHEEM\OneDrive\Desktop\IMPORTANT\BRO\WEEK24\KAAIZEN\Backend\env\Lib\site-packages\rest_framework\views.py", line 512, in dispatch
    response = handler(request, *args, **kwargs)
               ^^^^^^^^^^^^^^^^^^^^^^^^^^^^^^^^^
  File "C:\Users\SHAHEEM\OneDrive\Desktop\IMPORTANT\BRO\WEEK24\KAAIZEN\Backend\nutrition\views.py", line 38, in get
    entries = MealEntry.objects.filter(
              ^^^^^^^^^^^^^^^^^^^^^^^^^
  File "C:\Users\SHAHEEM\OneDrive\Desktop\IMPORTANT\BRO\WEEK24\KAAIZEN\Backend\env\Lib\site-packages\django\db\models\manager.py", line 87, in manager_method
    return getattr(self.get_queryset(), name)(*args, **kwargs)
           ^^^^^^^^^^^^^^^^^^^^^^^^^^^^^^^^^^^^^^^^^^^^^^^^^^^
  File "C:\Users\SHAHEEM\OneDrive\Desktop\IMPORTANT\BRO\WEEK24\KAAIZEN\Backend\env\Lib\site-packages\django\db\models\query.py", line 1542, in filter
    return self._filter_or_exclude(False, args, kwargs)
           ^^^^^^^^^^^^^^^^^^^^^^^^^^^^^^^^^^^^^^^^^^^^
  File "C:\Users\SHAHEEM\OneDrive\Desktop\IMPORTANT\BRO\WEEK24\KAAIZEN\Backend\env\Lib\site-packages\django\db\models\query.py", line 1560, in _filter_or_exclude
    clone._filter_or_exclude_inplace(negate, args, kwargs)
  File "C:\Users\SHAHEEM\OneDrive\Desktop\IMPORTANT\BRO\WEEK24\KAAIZEN\Backend\env\Lib\site-packages\django\db\models\query.py", line 1570, in _filter_or_exclude_inplace
    self._query.add_q(Q(*args, **kwargs))
  File "C:\Users\SHAHEEM\OneDrive\Desktop\IMPORTANT\BRO\WEEK24\KAAIZEN\Backend\env\Lib\site-packages\django\db\models\sql\query.py", line 1671, in add_q
    clause, _ = self._add_q(q_object, can_reuse)
                ^^^^^^^^^^^^^^^^^^^^^^^^^^^^^^^^
  File "C:\Users\SHAHEEM\OneDrive\Desktop\IMPORTANT\BRO\WEEK24\KAAIZEN\Backend\env\Lib\site-packages\django\db\models\sql\query.py", line 1703, in _add_q
    child_clause, needed_inner = self.build_filter(
                                 ^^^^^^^^^^^^^^^^^^
  File "C:\Users\SHAHEEM\OneDrive\Desktop\IMPORTANT\BRO\WEEK24\KAAIZEN\Backend\env\Lib\site-packages\django\db\models\sql\query.py", line 1613, in build_filter
    condition = self.build_lookup(lookups, col, value)
                ^^^^^^^^^^^^^^^^^^^^^^^^^^^^^^^^^^^^^^
  File "C:\Users\SHAHEEM\OneDrive\Desktop\IMPORTANT\BRO\WEEK24\KAAIZEN\Backend\env\Lib\site-packages\django\db\models\sql\query.py", line 1440, in build_lookup
    lookup = lookup_class(lhs, rhs)
             ^^^^^^^^^^^^^^^^^^^^^^
  File "C:\Users\SHAHEEM\OneDrive\Desktop\IMPORTANT\BRO\WEEK24\KAAIZEN\Backend\env\Lib\site-packages\django\db\models\lookups.py", line 35, in __init__
    self.rhs = self.get_prep_lookup()
               ^^^^^^^^^^^^^^^^^^^^^^
  File "C:\Users\SHAHEEM\OneDrive\Desktop\IMPORTANT\BRO\WEEK24\KAAIZEN\Backend\env\Lib\site-packages\django\db\models\fields\related_lookups.py", line 113, in get_prep_lookup
    self.rhs = target_field.get_prep_value(self.rhs)
               ^^^^^^^^^^^^^^^^^^^^^^^^^^^^^^^^^^^^^
  File "C:\Users\SHAHEEM\OneDrive\Desktop\IMPORTANT\BRO\WEEK24\KAAIZEN\Backend\env\Lib\site-packages\django\db\models\fields\__init__.py", line 2750, in get_prep_value
    return self.to_python(value)
           ^^^^^^^^^^^^^^^^^^^^^
  File "C:\Users\SHAHEEM\OneDrive\Desktop\IMPORTANT\BRO\WEEK24\KAAIZEN\Backend\env\Lib\site-packages\django\db\models\fields\__init__.py", line 2768, in to_python
    raise exceptions.ValidationError(
django.core.exceptions.ValidationError: ['“AnonymousUser” is not a valid UUID.']
ERROR 2026-01-19 12:39:37,359 django.request Internal Server Error: /api/nutrition/daily-summary/2026-01-19/
Traceback (most recent call last):
  File "C:\Users\SHAHEEM\OneDrive\Desktop\IMPORTANT\BRO\WEEK24\KAAIZEN\Backend\env\Lib\site-packages\django\db\models\fields\__init__.py", line 2766, in to_python
    return uuid.UUID(**{input_form: value})
           ^^^^^^^^^^^^^^^^^^^^^^^^^^^^^^^^
  File "C:\Users\SHAHEEM\AppData\Local\Programs\Python\Python312\Lib\uuid.py", line 175, in __init__
    hex = hex.replace('urn:', '').replace('uuid:', '')
          ^^^^^^^^^^^
AttributeError: 'AnonymousUser' object has no attribute 'replace'

During handling of the above exception, another exception occurred:

Traceback (most recent call last):
  File "C:\Users\SHAHEEM\OneDrive\Desktop\IMPORTANT\BRO\WEEK24\KAAIZEN\Backend\env\Lib\site-packages\django\core\handlers\exception.py", line 55, in inner
    response = get_response(request)
               ^^^^^^^^^^^^^^^^^^^^^
  File "C:\Users\SHAHEEM\OneDrive\Desktop\IMPORTANT\BRO\WEEK24\KAAIZEN\Backend\env\Lib\site-packages\django\core\handlers\base.py", line 198, in _get_response
    response = wrapped_callback(request, *callback_args, **callback_kwargs)
               ^^^^^^^^^^^^^^^^^^^^^^^^^^^^^^^^^^^^^^^^^^^^^^^^^^^^^^^^^^^^
  File "C:\Users\SHAHEEM\OneDrive\Desktop\IMPORTANT\BRO\WEEK24\KAAIZEN\Backend\env\Lib\site-packages\django\views\decorators\csrf.py", line 65, in _view_wrapper
    return view_func(request, *args, **kwargs)
           ^^^^^^^^^^^^^^^^^^^^^^^^^^^^^^^^^^^
  File "C:\Users\SHAHEEM\OneDrive\Desktop\IMPORTANT\BRO\WEEK24\KAAIZEN\Backend\env\Lib\site-packages\django\views\generic\base.py", line 106, in view
    return self.dispatch(request, *args, **kwargs)
           ^^^^^^^^^^^^^^^^^^^^^^^^^^^^^^^^^^^^^^^
  File "C:\Users\SHAHEEM\OneDrive\Desktop\IMPORTANT\BRO\WEEK24\KAAIZEN\Backend\env\Lib\site-packages\rest_framework\views.py", line 515, in dispatch
    response = self.handle_exception(exc)
               ^^^^^^^^^^^^^^^^^^^^^^^^^^
  File "C:\Users\SHAHEEM\OneDrive\Desktop\IMPORTANT\BRO\WEEK24\KAAIZEN\Backend\env\Lib\site-packages\rest_framework\views.py", line 475, in handle_exception
    self.raise_uncaught_exception(exc)
  File "C:\Users\SHAHEEM\OneDrive\Desktop\IMPORTANT\BRO\WEEK24\KAAIZEN\Backend\env\Lib\site-packages\rest_framework\views.py", line 486, in raise_uncaught_exception
    raise exc
  File "C:\Users\SHAHEEM\OneDrive\Desktop\IMPORTANT\BRO\WEEK24\KAAIZEN\Backend\env\Lib\site-packages\rest_framework\views.py", line 512, in dispatch
    response = handler(request, *args, **kwargs)
               ^^^^^^^^^^^^^^^^^^^^^^^^^^^^^^^^^
  File "C:\Users\SHAHEEM\OneDrive\Desktop\IMPORTANT\BRO\WEEK24\KAAIZEN\Backend\nutrition\views.py", line 38, in get
    entries = MealEntry.objects.filter(
              ^^^^^^^^^^^^^^^^^^^^^^^^^
  File "C:\Users\SHAHEEM\OneDrive\Desktop\IMPORTANT\BRO\WEEK24\KAAIZEN\Backend\env\Lib\site-packages\django\db\models\manager.py", line 87, in manager_method
    return getattr(self.get_queryset(), name)(*args, **kwargs)
           ^^^^^^^^^^^^^^^^^^^^^^^^^^^^^^^^^^^^^^^^^^^^^^^^^^^
  File "C:\Users\SHAHEEM\OneDrive\Desktop\IMPORTANT\BRO\WEEK24\KAAIZEN\Backend\env\Lib\site-packages\django\db\models\query.py", line 1542, in filter
    return self._filter_or_exclude(False, args, kwargs)
           ^^^^^^^^^^^^^^^^^^^^^^^^^^^^^^^^^^^^^^^^^^^^
  File "C:\Users\SHAHEEM\OneDrive\Desktop\IMPORTANT\BRO\WEEK24\KAAIZEN\Backend\env\Lib\site-packages\django\db\models\query.py", line 1560, in _filter_or_exclude
    clone._filter_or_exclude_inplace(negate, args, kwargs)
  File "C:\Users\SHAHEEM\OneDrive\Desktop\IMPORTANT\BRO\WEEK24\KAAIZEN\Backend\env\Lib\site-packages\django\db\models\query.py", line 1570, in _filter_or_exclude_inplace
    self._query.add_q(Q(*args, **kwargs))
  File "C:\Users\SHAHEEM\OneDrive\Desktop\IMPORTANT\BRO\WEEK24\KAAIZEN\Backend\env\Lib\site-packages\django\db\models\sql\query.py", line 1671, in add_q
    clause, _ = self._add_q(q_object, can_reuse)
                ^^^^^^^^^^^^^^^^^^^^^^^^^^^^^^^^
  File "C:\Users\SHAHEEM\OneDrive\Desktop\IMPORTANT\BRO\WEEK24\KAAIZEN\Backend\env\Lib\site-packages\django\db\models\sql\query.py", line 1703, in _add_q
    child_clause, needed_inner = self.build_filter(
                                 ^^^^^^^^^^^^^^^^^^
  File "C:\Users\SHAHEEM\OneDrive\Desktop\IMPORTANT\BRO\WEEK24\KAAIZEN\Backend\env\Lib\site-packages\django\db\models\sql\query.py", line 1613, in build_filter
    condition = self.build_lookup(lookups, col, value)
                ^^^^^^^^^^^^^^^^^^^^^^^^^^^^^^^^^^^^^^
  File "C:\Users\SHAHEEM\OneDrive\Desktop\IMPORTANT\BRO\WEEK24\KAAIZEN\Backend\env\Lib\site-packages\django\db\models\sql\query.py", line 1440, in build_lookup
    lookup = lookup_class(lhs, rhs)
             ^^^^^^^^^^^^^^^^^^^^^^
  File "C:\Users\SHAHEEM\OneDrive\Desktop\IMPORTANT\BRO\WEEK24\KAAIZEN\Backend\env\Lib\site-packages\django\db\models\lookups.py", line 35, in __init__
    self.rhs = self.get_prep_lookup()
               ^^^^^^^^^^^^^^^^^^^^^^
  File "C:\Users\SHAHEEM\OneDrive\Desktop\IMPORTANT\BRO\WEEK24\KAAIZEN\Backend\env\Lib\site-packages\django\db\models\fields\related_lookups.py", line 113, in get_prep_lookup
    self.rhs = target_field.get_prep_value(self.rhs)
               ^^^^^^^^^^^^^^^^^^^^^^^^^^^^^^^^^^^^^
  File "C:\Users\SHAHEEM\OneDrive\Desktop\IMPORTANT\BRO\WEEK24\KAAIZEN\Backend\env\Lib\site-packages\django\db\models\fields\__init__.py", line 2750, in get_prep_value
    return self.to_python(value)
           ^^^^^^^^^^^^^^^^^^^^^
  File "C:\Users\SHAHEEM\OneDrive\Desktop\IMPORTANT\BRO\WEEK24\KAAIZEN\Backend\env\Lib\site-packages\django\db\models\fields\__init__.py", line 2768, in to_python
    raise exceptions.ValidationError(
django.core.exceptions.ValidationError: ['“AnonymousUser” is not a valid UUID.']
ERROR 2026-01-19 12:39:37,365 django.server "GET /api/nutrition/daily-summary/2026-01-19/ HTTP/1.1" 500 27339
ERROR 2026-01-19 12:39:37,365 django.server "GET /api/nutrition/daily-summary/2026-01-19/ HTTP/1.1" 500 27339
ERROR 2026-01-19 12:39:37,699 django.request Internal Server Error: /api/nutrition/daily-summary/2026-01-19/
Traceback (most recent call last):
  File "C:\Users\SHAHEEM\OneDrive\Desktop\IMPORTANT\BRO\WEEK24\KAAIZEN\Backend\env\Lib\site-packages\django\db\models\fields\__init__.py", line 2766, in to_python
    return uuid.UUID(**{input_form: value})
           ^^^^^^^^^^^^^^^^^^^^^^^^^^^^^^^^
  File "C:\Users\SHAHEEM\AppData\Local\Programs\Python\Python312\Lib\uuid.py", line 175, in __init__
    hex = hex.replace('urn:', '').replace('uuid:', '')
          ^^^^^^^^^^^
AttributeError: 'AnonymousUser' object has no attribute 'replace'

During handling of the above exception, another exception occurred:

Traceback (most recent call last):
  File "C:\Users\SHAHEEM\OneDrive\Desktop\IMPORTANT\BRO\WEEK24\KAAIZEN\Backend\env\Lib\site-packages\django\core\handlers\exception.py", line 55, in inner
    response = get_response(request)
               ^^^^^^^^^^^^^^^^^^^^^
  File "C:\Users\SHAHEEM\OneDrive\Desktop\IMPORTANT\BRO\WEEK24\KAAIZEN\Backend\env\Lib\site-packages\django\core\handlers\base.py", line 198, in _get_response
    response = wrapped_callback(request, *callback_args, **callback_kwargs)
               ^^^^^^^^^^^^^^^^^^^^^^^^^^^^^^^^^^^^^^^^^^^^^^^^^^^^^^^^^^^^
  File "C:\Users\SHAHEEM\OneDrive\Desktop\IMPORTANT\BRO\WEEK24\KAAIZEN\Backend\env\Lib\site-packages\django\views\decorators\csrf.py", line 65, in _view_wrapper
    return view_func(request, *args, **kwargs)
           ^^^^^^^^^^^^^^^^^^^^^^^^^^^^^^^^^^^
  File "C:\Users\SHAHEEM\OneDrive\Desktop\IMPORTANT\BRO\WEEK24\KAAIZEN\Backend\env\Lib\site-packages\django\views\generic\base.py", line 106, in view
    return self.dispatch(request, *args, **kwargs)
           ^^^^^^^^^^^^^^^^^^^^^^^^^^^^^^^^^^^^^^^
  File "C:\Users\SHAHEEM\OneDrive\Desktop\IMPORTANT\BRO\WEEK24\KAAIZEN\Backend\env\Lib\site-packages\rest_framework\views.py", line 515, in dispatch
    response = self.handle_exception(exc)
               ^^^^^^^^^^^^^^^^^^^^^^^^^^
  File "C:\Users\SHAHEEM\OneDrive\Desktop\IMPORTANT\BRO\WEEK24\KAAIZEN\Backend\env\Lib\site-packages\rest_framework\views.py", line 475, in handle_exception
    self.raise_uncaught_exception(exc)
  File "C:\Users\SHAHEEM\OneDrive\Desktop\IMPORTANT\BRO\WEEK24\KAAIZEN\Backend\env\Lib\site-packages\rest_framework\views.py", line 486, in raise_uncaught_exception
    raise exc
  File "C:\Users\SHAHEEM\OneDrive\Desktop\IMPORTANT\BRO\WEEK24\KAAIZEN\Backend\env\Lib\site-packages\rest_framework\views.py", line 512, in dispatch
    response = handler(request, *args, **kwargs)
               ^^^^^^^^^^^^^^^^^^^^^^^^^^^^^^^^^
  File "C:\Users\SHAHEEM\OneDrive\Desktop\IMPORTANT\BRO\WEEK24\KAAIZEN\Backend\nutrition\views.py", line 38, in get
    entries = MealEntry.objects.filter(
              ^^^^^^^^^^^^^^^^^^^^^^^^^
  File "C:\Users\SHAHEEM\OneDrive\Desktop\IMPORTANT\BRO\WEEK24\KAAIZEN\Backend\env\Lib\site-packages\django\db\models\manager.py", line 87, in manager_method
    return getattr(self.get_queryset(), name)(*args, **kwargs)
           ^^^^^^^^^^^^^^^^^^^^^^^^^^^^^^^^^^^^^^^^^^^^^^^^^^^
  File "C:\Users\SHAHEEM\OneDrive\Desktop\IMPORTANT\BRO\WEEK24\KAAIZEN\Backend\env\Lib\site-packages\django\db\models\query.py", line 1542, in filter
    return self._filter_or_exclude(False, args, kwargs)
           ^^^^^^^^^^^^^^^^^^^^^^^^^^^^^^^^^^^^^^^^^^^^
  File "C:\Users\SHAHEEM\OneDrive\Desktop\IMPORTANT\BRO\WEEK24\KAAIZEN\Backend\env\Lib\site-packages\django\db\models\query.py", line 1560, in _filter_or_exclude
    clone._filter_or_exclude_inplace(negate, args, kwargs)
  File "C:\Users\SHAHEEM\OneDrive\Desktop\IMPORTANT\BRO\WEEK24\KAAIZEN\Backend\env\Lib\site-packages\django\db\models\query.py", line 1570, in _filter_or_exclude_inplace
    self._query.add_q(Q(*args, **kwargs))
  File "C:\Users\SHAHEEM\OneDrive\Desktop\IMPORTANT\BRO\WEEK24\KAAIZEN\Backend\env\Lib\site-packages\django\db\models\sql\query.py", line 1671, in add_q
    clause, _ = self._add_q(q_object, can_reuse)
                ^^^^^^^^^^^^^^^^^^^^^^^^^^^^^^^^
  File "C:\Users\SHAHEEM\OneDrive\Desktop\IMPORTANT\BRO\WEEK24\KAAIZEN\Backend\env\Lib\site-packages\django\db\models\sql\query.py", line 1703, in _add_q
    child_clause, needed_inner = self.build_filter(
                                 ^^^^^^^^^^^^^^^^^^
  File "C:\Users\SHAHEEM\OneDrive\Desktop\IMPORTANT\BRO\WEEK24\KAAIZEN\Backend\env\Lib\site-packages\django\db\models\sql\query.py", line 1613, in build_filter
    condition = self.build_lookup(lookups, col, value)
                ^^^^^^^^^^^^^^^^^^^^^^^^^^^^^^^^^^^^^^
  File "C:\Users\SHAHEEM\OneDrive\Desktop\IMPORTANT\BRO\WEEK24\KAAIZEN\Backend\env\Lib\site-packages\django\db\models\sql\query.py", line 1440, in build_lookup
    lookup = lookup_class(lhs, rhs)
             ^^^^^^^^^^^^^^^^^^^^^^
  File "C:\Users\SHAHEEM\OneDrive\Desktop\IMPORTANT\BRO\WEEK24\KAAIZEN\Backend\env\Lib\site-packages\django\db\models\lookups.py", line 35, in __init__
    self.rhs = self.get_prep_lookup()
               ^^^^^^^^^^^^^^^^^^^^^^
  File "C:\Users\SHAHEEM\OneDrive\Desktop\IMPORTANT\BRO\WEEK24\KAAIZEN\Backend\env\Lib\site-packages\django\db\models\fields\related_lookups.py", line 113, in get_prep_lookup
    self.rhs = target_field.get_prep_value(self.rhs)
               ^^^^^^^^^^^^^^^^^^^^^^^^^^^^^^^^^^^^^
  File "C:\Users\SHAHEEM\OneDrive\Desktop\IMPORTANT\BRO\WEEK24\KAAIZEN\Backend\env\Lib\site-packages\django\db\models\fields\__init__.py", line 2750, in get_prep_value
    return self.to_python(value)
           ^^^^^^^^^^^^^^^^^^^^^
  File "C:\Users\SHAHEEM\OneDrive\Desktop\IMPORTANT\BRO\WEEK24\KAAIZEN\Backend\env\Lib\site-packages\django\db\models\fields\__init__.py", line 2768, in to_python
    raise exceptions.ValidationError(
django.core.exceptions.ValidationError: ['“AnonymousUser” is not a valid UUID.']
ERROR 2026-01-19 12:39:37,699 django.request Internal Server Error: /api/nutrition/daily-summary/2026-01-19/
Traceback (most recent call last):
  File "C:\Users\SHAHEEM\OneDrive\Desktop\IMPORTANT\BRO\WEEK24\KAAIZEN\Backend\env\Lib\site-packages\django\db\models\fields\__init__.py", line 2766, in to_python
    return uuid.UUID(**{input_form: value})
           ^^^^^^^^^^^^^^^^^^^^^^^^^^^^^^^^
  File "C:\Users\SHAHEEM\AppData\Local\Programs\Python\Python312\Lib\uuid.py", line 175, in __init__
    hex = hex.replace('urn:', '').replace('uuid:', '')
          ^^^^^^^^^^^
AttributeError: 'AnonymousUser' object has no attribute 'replace'

During handling of the above exception, another exception occurred:

Traceback (most recent call last):
  File "C:\Users\SHAHEEM\OneDrive\Desktop\IMPORTANT\BRO\WEEK24\KAAIZEN\Backend\env\Lib\site-packages\django\core\handlers\exception.py", line 55, in inner
    response = get_response(request)
               ^^^^^^^^^^^^^^^^^^^^^
  File "C:\Users\SHAHEEM\OneDrive\Desktop\IMPORTANT\BRO\WEEK24\KAAIZEN\Backend\env\Lib\site-packages\django\core\handlers\base.py", line 198, in _get_response
    response = wrapped_callback(request, *callback_args, **callback_kwargs)
               ^^^^^^^^^^^^^^^^^^^^^^^^^^^^^^^^^^^^^^^^^^^^^^^^^^^^^^^^^^^^
  File "C:\Users\SHAHEEM\OneDrive\Desktop\IMPORTANT\BRO\WEEK24\KAAIZEN\Backend\env\Lib\site-packages\django\views\decorators\csrf.py", line 65, in _view_wrapper
    return view_func(request, *args, **kwargs)
           ^^^^^^^^^^^^^^^^^^^^^^^^^^^^^^^^^^^
  File "C:\Users\SHAHEEM\OneDrive\Desktop\IMPORTANT\BRO\WEEK24\KAAIZEN\Backend\env\Lib\site-packages\django\views\generic\base.py", line 106, in view
    return self.dispatch(request, *args, **kwargs)
           ^^^^^^^^^^^^^^^^^^^^^^^^^^^^^^^^^^^^^^^
  File "C:\Users\SHAHEEM\OneDrive\Desktop\IMPORTANT\BRO\WEEK24\KAAIZEN\Backend\env\Lib\site-packages\rest_framework\views.py", line 515, in dispatch
    response = self.handle_exception(exc)
               ^^^^^^^^^^^^^^^^^^^^^^^^^^
  File "C:\Users\SHAHEEM\OneDrive\Desktop\IMPORTANT\BRO\WEEK24\KAAIZEN\Backend\env\Lib\site-packages\rest_framework\views.py", line 475, in handle_exception
    self.raise_uncaught_exception(exc)
  File "C:\Users\SHAHEEM\OneDrive\Desktop\IMPORTANT\BRO\WEEK24\KAAIZEN\Backend\env\Lib\site-packages\rest_framework\views.py", line 486, in raise_uncaught_exception
    raise exc
  File "C:\Users\SHAHEEM\OneDrive\Desktop\IMPORTANT\BRO\WEEK24\KAAIZEN\Backend\env\Lib\site-packages\rest_framework\views.py", line 512, in dispatch
    response = handler(request, *args, **kwargs)
               ^^^^^^^^^^^^^^^^^^^^^^^^^^^^^^^^^
  File "C:\Users\SHAHEEM\OneDrive\Desktop\IMPORTANT\BRO\WEEK24\KAAIZEN\Backend\nutrition\views.py", line 38, in get
    entries = MealEntry.objects.filter(
              ^^^^^^^^^^^^^^^^^^^^^^^^^
  File "C:\Users\SHAHEEM\OneDrive\Desktop\IMPORTANT\BRO\WEEK24\KAAIZEN\Backend\env\Lib\site-packages\django\db\models\manager.py", line 87, in manager_method
    return getattr(self.get_queryset(), name)(*args, **kwargs)
           ^^^^^^^^^^^^^^^^^^^^^^^^^^^^^^^^^^^^^^^^^^^^^^^^^^^
  File "C:\Users\SHAHEEM\OneDrive\Desktop\IMPORTANT\BRO\WEEK24\KAAIZEN\Backend\env\Lib\site-packages\django\db\models\query.py", line 1542, in filter
    return self._filter_or_exclude(False, args, kwargs)
           ^^^^^^^^^^^^^^^^^^^^^^^^^^^^^^^^^^^^^^^^^^^^
  File "C:\Users\SHAHEEM\OneDrive\Desktop\IMPORTANT\BRO\WEEK24\KAAIZEN\Backend\env\Lib\site-packages\django\db\models\query.py", line 1560, in _filter_or_exclude
    clone._filter_or_exclude_inplace(negate, args, kwargs)
  File "C:\Users\SHAHEEM\OneDrive\Desktop\IMPORTANT\BRO\WEEK24\KAAIZEN\Backend\env\Lib\site-packages\django\db\models\query.py", line 1570, in _filter_or_exclude_inplace
    self._query.add_q(Q(*args, **kwargs))
  File "C:\Users\SHAHEEM\OneDrive\Desktop\IMPORTANT\BRO\WEEK24\KAAIZEN\Backend\env\Lib\site-packages\django\db\models\sql\query.py", line 1671, in add_q
    clause, _ = self._add_q(q_object, can_reuse)
                ^^^^^^^^^^^^^^^^^^^^^^^^^^^^^^^^
  File "C:\Users\SHAHEEM\OneDrive\Desktop\IMPORTANT\BRO\WEEK24\KAAIZEN\Backend\env\Lib\site-packages\django\db\models\sql\query.py", line 1703, in _add_q
    child_clause, needed_inner = self.build_filter(
                                 ^^^^^^^^^^^^^^^^^^
  File "C:\Users\SHAHEEM\OneDrive\Desktop\IMPORTANT\BRO\WEEK24\KAAIZEN\Backend\env\Lib\site-packages\django\db\models\sql\query.py", line 1613, in build_filter
    condition = self.build_lookup(lookups, col, value)
                ^^^^^^^^^^^^^^^^^^^^^^^^^^^^^^^^^^^^^^
  File "C:\Users\SHAHEEM\OneDrive\Desktop\IMPORTANT\BRO\WEEK24\KAAIZEN\Backend\env\Lib\site-packages\django\db\models\sql\query.py", line 1440, in build_lookup
    lookup = lookup_class(lhs, rhs)
             ^^^^^^^^^^^^^^^^^^^^^^
  File "C:\Users\SHAHEEM\OneDrive\Desktop\IMPORTANT\BRO\WEEK24\KAAIZEN\Backend\env\Lib\site-packages\django\db\models\lookups.py", line 35, in __init__
    self.rhs = self.get_prep_lookup()
               ^^^^^^^^^^^^^^^^^^^^^^
  File "C:\Users\SHAHEEM\OneDrive\Desktop\IMPORTANT\BRO\WEEK24\KAAIZEN\Backend\env\Lib\site-packages\django\db\models\fields\related_lookups.py", line 113, in get_prep_lookup
    self.rhs = target_field.get_prep_value(self.rhs)
               ^^^^^^^^^^^^^^^^^^^^^^^^^^^^^^^^^^^^^
  File "C:\Users\SHAHEEM\OneDrive\Desktop\IMPORTANT\BRO\WEEK24\KAAIZEN\Backend\env\Lib\site-packages\django\db\models\fields\__init__.py", line 2750, in get_prep_value
    return self.to_python(value)
           ^^^^^^^^^^^^^^^^^^^^^
  File "C:\Users\SHAHEEM\OneDrive\Desktop\IMPORTANT\BRO\WEEK24\KAAIZEN\Backend\env\Lib\site-packages\django\db\models\fields\__init__.py", line 2768, in to_python
    raise exceptions.ValidationError(
django.core.exceptions.ValidationError: ['“AnonymousUser” is not a valid UUID.']
ERROR 2026-01-19 12:39:37,756 django.server "GET /api/nutrition/daily-summary/2026-01-19/ HTTP/1.1" 500 27339
ERROR 2026-01-19 12:39:37,756 django.server "GET /api/nutrition/daily-summary/2026-01-19/ HTTP/1.1" 500 27339
ERROR 2026-01-19 12:39:38,833 django.request Internal Server Error: /api/client/me/profile/
Traceback (most recent call last):
  File "C:\Users\SHAHEEM\OneDrive\Desktop\IMPORTANT\BRO\WEEK24\KAAIZEN\Backend\env\Lib\site-packages\django\db\models\fields\__init__.py", line 2766, in to_python
    return uuid.UUID(**{input_form: value})
           ^^^^^^^^^^^^^^^^^^^^^^^^^^^^^^^^
  File "C:\Users\SHAHEEM\AppData\Local\Programs\Python\Python312\Lib\uuid.py", line 175, in __init__
    hex = hex.replace('urn:', '').replace('uuid:', '')
          ^^^^^^^^^^^
AttributeError: 'AnonymousUser' object has no attribute 'replace'

During handling of the above exception, another exception occurred:

Traceback (most recent call last):
  File "C:\Users\SHAHEEM\OneDrive\Desktop\IMPORTANT\BRO\WEEK24\KAAIZEN\Backend\env\Lib\site-packages\django\core\handlers\exception.py", line 55, in inner
    response = get_response(request)
               ^^^^^^^^^^^^^^^^^^^^^
  File "C:\Users\SHAHEEM\OneDrive\Desktop\IMPORTANT\BRO\WEEK24\KAAIZEN\Backend\env\Lib\site-packages\django\core\handlers\base.py", line 198, in _get_response
    response = wrapped_callback(request, *callback_args, **callback_kwargs)
               ^^^^^^^^^^^^^^^^^^^^^^^^^^^^^^^^^^^^^^^^^^^^^^^^^^^^^^^^^^^^
  File "C:\Users\SHAHEEM\OneDrive\Desktop\IMPORTANT\BRO\WEEK24\KAAIZEN\Backend\env\Lib\site-packages\django\views\decorators\csrf.py", line 65, in _view_wrapper
    return view_func(request, *args, **kwargs)
           ^^^^^^^^^^^^^^^^^^^^^^^^^^^^^^^^^^^
  File "C:\Users\SHAHEEM\OneDrive\Desktop\IMPORTANT\BRO\WEEK24\KAAIZEN\Backend\env\Lib\site-packages\django\views\generic\base.py", line 106, in view
    return self.dispatch(request, *args, **kwargs)
           ^^^^^^^^^^^^^^^^^^^^^^^^^^^^^^^^^^^^^^^
  File "C:\Users\SHAHEEM\OneDrive\Desktop\IMPORTANT\BRO\WEEK24\KAAIZEN\Backend\env\Lib\site-packages\rest_framework\views.py", line 515, in dispatch
    response = self.handle_exception(exc)
               ^^^^^^^^^^^^^^^^^^^^^^^^^^
  File "C:\Users\SHAHEEM\OneDrive\Desktop\IMPORTANT\BRO\WEEK24\KAAIZEN\Backend\env\Lib\site-packages\rest_framework\views.py", line 475, in handle_exception
    self.raise_uncaught_exception(exc)
  File "C:\Users\SHAHEEM\OneDrive\Desktop\IMPORTANT\BRO\WEEK24\KAAIZEN\Backend\env\Lib\site-packages\rest_framework\views.py", line 486, in raise_uncaught_exception
    raise exc
  File "C:\Users\SHAHEEM\OneDrive\Desktop\IMPORTANT\BRO\WEEK24\KAAIZEN\Backend\env\Lib\site-packages\rest_framework\views.py", line 512, in dispatch
    response = handler(request, *args, **kwargs)
               ^^^^^^^^^^^^^^^^^^^^^^^^^^^^^^^^^
  File "C:\Users\SHAHEEM\OneDrive\Desktop\IMPORTANT\BRO\WEEK24\KAAIZEN\Backend\clients\views.py", line 22, in get
    profile = self.get_profile(request.user)
              ^^^^^^^^^^^^^^^^^^^^^^^^^^^^^^
  File "C:\Users\SHAHEEM\OneDrive\Desktop\IMPORTANT\BRO\WEEK24\KAAIZEN\Backend\clients\views.py", line 19, in get_profile
    return ClientProfile.objects.filter(user=user).first()
           ^^^^^^^^^^^^^^^^^^^^^^^^^^^^^^^^^^^^^^^
  File "C:\Users\SHAHEEM\OneDrive\Desktop\IMPORTANT\BRO\WEEK24\KAAIZEN\Backend\env\Lib\site-packages\django\db\models\manager.py", line 87, in manager_method
    return getattr(self.get_queryset(), name)(*args, **kwargs)
           ^^^^^^^^^^^^^^^^^^^^^^^^^^^^^^^^^^^^^^^^^^^^^^^^^^^
  File "C:\Users\SHAHEEM\OneDrive\Desktop\IMPORTANT\BRO\WEEK24\KAAIZEN\Backend\env\Lib\site-packages\django\db\models\query.py", line 1542, in filter
    return self._filter_or_exclude(False, args, kwargs)
           ^^^^^^^^^^^^^^^^^^^^^^^^^^^^^^^^^^^^^^^^^^^^
  File "C:\Users\SHAHEEM\OneDrive\Desktop\IMPORTANT\BRO\WEEK24\KAAIZEN\Backend\env\Lib\site-packages\django\db\models\query.py", line 1560, in _filter_or_exclude
    clone._filter_or_exclude_inplace(negate, args, kwargs)
  File "C:\Users\SHAHEEM\OneDrive\Desktop\IMPORTANT\BRO\WEEK24\KAAIZEN\Backend\env\Lib\site-packages\django\db\models\query.py", line 1570, in _filter_or_exclude_inplace
    self._query.add_q(Q(*args, **kwargs))
  File "C:\Users\SHAHEEM\OneDrive\Desktop\IMPORTANT\BRO\WEEK24\KAAIZEN\Backend\env\Lib\site-packages\django\db\models\sql\query.py", line 1671, in add_q
    clause, _ = self._add_q(q_object, can_reuse)
                ^^^^^^^^^^^^^^^^^^^^^^^^^^^^^^^^
  File "C:\Users\SHAHEEM\OneDrive\Desktop\IMPORTANT\BRO\WEEK24\KAAIZEN\Backend\env\Lib\site-packages\django\db\models\sql\query.py", line 1703, in _add_q
    child_clause, needed_inner = self.build_filter(
                                 ^^^^^^^^^^^^^^^^^^
  File "C:\Users\SHAHEEM\OneDrive\Desktop\IMPORTANT\BRO\WEEK24\KAAIZEN\Backend\env\Lib\site-packages\django\db\models\sql\query.py", line 1613, in build_filter
    condition = self.build_lookup(lookups, col, value)
                ^^^^^^^^^^^^^^^^^^^^^^^^^^^^^^^^^^^^^^
  File "C:\Users\SHAHEEM\OneDrive\Desktop\IMPORTANT\BRO\WEEK24\KAAIZEN\Backend\env\Lib\site-packages\django\db\models\sql\query.py", line 1440, in build_lookup
    lookup = lookup_class(lhs, rhs)
             ^^^^^^^^^^^^^^^^^^^^^^
  File "C:\Users\SHAHEEM\OneDrive\Desktop\IMPORTANT\BRO\WEEK24\KAAIZEN\Backend\env\Lib\site-packages\django\db\models\lookups.py", line 35, in __init__
    self.rhs = self.get_prep_lookup()
               ^^^^^^^^^^^^^^^^^^^^^^
  File "C:\Users\SHAHEEM\OneDrive\Desktop\IMPORTANT\BRO\WEEK24\KAAIZEN\Backend\env\Lib\site-packages\django\db\models\fields\related_lookups.py", line 113, in get_prep_lookup
    self.rhs = target_field.get_prep_value(self.rhs)
               ^^^^^^^^^^^^^^^^^^^^^^^^^^^^^^^^^^^^^
  File "C:\Users\SHAHEEM\OneDrive\Desktop\IMPORTANT\BRO\WEEK24\KAAIZEN\Backend\env\Lib\site-packages\django\db\models\fields\__init__.py", line 2750, in get_prep_value
    return self.to_python(value)
           ^^^^^^^^^^^^^^^^^^^^^
  File "C:\Users\SHAHEEM\OneDrive\Desktop\IMPORTANT\BRO\WEEK24\KAAIZEN\Backend\env\Lib\site-packages\django\db\models\fields\__init__.py", line 2768, in to_python
    raise exceptions.ValidationError(
django.core.exceptions.ValidationError: ['“AnonymousUser” is not a valid UUID.']
ERROR 2026-01-19 12:39:38,833 django.request Internal Server Error: /api/client/me/profile/
Traceback (most recent call last):
  File "C:\Users\SHAHEEM\OneDrive\Desktop\IMPORTANT\BRO\WEEK24\KAAIZEN\Backend\env\Lib\site-packages\django\db\models\fields\__init__.py", line 2766, in to_python
    return uuid.UUID(**{input_form: value})
           ^^^^^^^^^^^^^^^^^^^^^^^^^^^^^^^^
  File "C:\Users\SHAHEEM\AppData\Local\Programs\Python\Python312\Lib\uuid.py", line 175, in __init__
    hex = hex.replace('urn:', '').replace('uuid:', '')
          ^^^^^^^^^^^
AttributeError: 'AnonymousUser' object has no attribute 'replace'

During handling of the above exception, another exception occurred:

Traceback (most recent call last):
  File "C:\Users\SHAHEEM\OneDrive\Desktop\IMPORTANT\BRO\WEEK24\KAAIZEN\Backend\env\Lib\site-packages\django\core\handlers\exception.py", line 55, in inner
    response = get_response(request)
               ^^^^^^^^^^^^^^^^^^^^^
  File "C:\Users\SHAHEEM\OneDrive\Desktop\IMPORTANT\BRO\WEEK24\KAAIZEN\Backend\env\Lib\site-packages\django\core\handlers\base.py", line 198, in _get_response
    response = wrapped_callback(request, *callback_args, **callback_kwargs)
               ^^^^^^^^^^^^^^^^^^^^^^^^^^^^^^^^^^^^^^^^^^^^^^^^^^^^^^^^^^^^
  File "C:\Users\SHAHEEM\OneDrive\Desktop\IMPORTANT\BRO\WEEK24\KAAIZEN\Backend\env\Lib\site-packages\django\views\decorators\csrf.py", line 65, in _view_wrapper
    return view_func(request, *args, **kwargs)
           ^^^^^^^^^^^^^^^^^^^^^^^^^^^^^^^^^^^
  File "C:\Users\SHAHEEM\OneDrive\Desktop\IMPORTANT\BRO\WEEK24\KAAIZEN\Backend\env\Lib\site-packages\django\views\generic\base.py", line 106, in view
    return self.dispatch(request, *args, **kwargs)
           ^^^^^^^^^^^^^^^^^^^^^^^^^^^^^^^^^^^^^^^
  File "C:\Users\SHAHEEM\OneDrive\Desktop\IMPORTANT\BRO\WEEK24\KAAIZEN\Backend\env\Lib\site-packages\rest_framework\views.py", line 515, in dispatch
    response = self.handle_exception(exc)
               ^^^^^^^^^^^^^^^^^^^^^^^^^^
  File "C:\Users\SHAHEEM\OneDrive\Desktop\IMPORTANT\BRO\WEEK24\KAAIZEN\Backend\env\Lib\site-packages\rest_framework\views.py", line 475, in handle_exception
    self.raise_uncaught_exception(exc)
  File "C:\Users\SHAHEEM\OneDrive\Desktop\IMPORTANT\BRO\WEEK24\KAAIZEN\Backend\env\Lib\site-packages\rest_framework\views.py", line 486, in raise_uncaught_exception
    raise exc
  File "C:\Users\SHAHEEM\OneDrive\Desktop\IMPORTANT\BRO\WEEK24\KAAIZEN\Backend\env\Lib\site-packages\rest_framework\views.py", line 512, in dispatch
    response = handler(request, *args, **kwargs)
               ^^^^^^^^^^^^^^^^^^^^^^^^^^^^^^^^^
  File "C:\Users\SHAHEEM\OneDrive\Desktop\IMPORTANT\BRO\WEEK24\KAAIZEN\Backend\clients\views.py", line 22, in get
    profile = self.get_profile(request.user)
              ^^^^^^^^^^^^^^^^^^^^^^^^^^^^^^
  File "C:\Users\SHAHEEM\OneDrive\Desktop\IMPORTANT\BRO\WEEK24\KAAIZEN\Backend\clients\views.py", line 19, in get_profile
    return ClientProfile.objects.filter(user=user).first()
           ^^^^^^^^^^^^^^^^^^^^^^^^^^^^^^^^^^^^^^^
  File "C:\Users\SHAHEEM\OneDrive\Desktop\IMPORTANT\BRO\WEEK24\KAAIZEN\Backend\env\Lib\site-packages\django\db\models\manager.py", line 87, in manager_method
    return getattr(self.get_queryset(), name)(*args, **kwargs)
           ^^^^^^^^^^^^^^^^^^^^^^^^^^^^^^^^^^^^^^^^^^^^^^^^^^^
  File "C:\Users\SHAHEEM\OneDrive\Desktop\IMPORTANT\BRO\WEEK24\KAAIZEN\Backend\env\Lib\site-packages\django\db\models\query.py", line 1542, in filter
    return self._filter_or_exclude(False, args, kwargs)
           ^^^^^^^^^^^^^^^^^^^^^^^^^^^^^^^^^^^^^^^^^^^^
  File "C:\Users\SHAHEEM\OneDrive\Desktop\IMPORTANT\BRO\WEEK24\KAAIZEN\Backend\env\Lib\site-packages\django\db\models\query.py", line 1560, in _filter_or_exclude
    clone._filter_or_exclude_inplace(negate, args, kwargs)
  File "C:\Users\SHAHEEM\OneDrive\Desktop\IMPORTANT\BRO\WEEK24\KAAIZEN\Backend\env\Lib\site-packages\django\db\models\query.py", line 1570, in _filter_or_exclude_inplace
    self._query.add_q(Q(*args, **kwargs))
  File "C:\Users\SHAHEEM\OneDrive\Desktop\IMPORTANT\BRO\WEEK24\KAAIZEN\Backend\env\Lib\site-packages\django\db\models\sql\query.py", line 1671, in add_q
    clause, _ = self._add_q(q_object, can_reuse)
                ^^^^^^^^^^^^^^^^^^^^^^^^^^^^^^^^
  File "C:\Users\SHAHEEM\OneDrive\Desktop\IMPORTANT\BRO\WEEK24\KAAIZEN\Backend\env\Lib\site-packages\django\db\models\sql\query.py", line 1703, in _add_q
    child_clause, needed_inner = self.build_filter(
                                 ^^^^^^^^^^^^^^^^^^
  File "C:\Users\SHAHEEM\OneDrive\Desktop\IMPORTANT\BRO\WEEK24\KAAIZEN\Backend\env\Lib\site-packages\django\db\models\sql\query.py", line 1613, in build_filter
    condition = self.build_lookup(lookups, col, value)
                ^^^^^^^^^^^^^^^^^^^^^^^^^^^^^^^^^^^^^^
  File "C:\Users\SHAHEEM\OneDrive\Desktop\IMPORTANT\BRO\WEEK24\KAAIZEN\Backend\env\Lib\site-packages\django\db\models\sql\query.py", line 1440, in build_lookup
    lookup = lookup_class(lhs, rhs)
             ^^^^^^^^^^^^^^^^^^^^^^
  File "C:\Users\SHAHEEM\OneDrive\Desktop\IMPORTANT\BRO\WEEK24\KAAIZEN\Backend\env\Lib\site-packages\django\db\models\lookups.py", line 35, in __init__
    self.rhs = self.get_prep_lookup()
               ^^^^^^^^^^^^^^^^^^^^^^
  File "C:\Users\SHAHEEM\OneDrive\Desktop\IMPORTANT\BRO\WEEK24\KAAIZEN\Backend\env\Lib\site-packages\django\db\models\fields\related_lookups.py", line 113, in get_prep_lookup
    self.rhs = target_field.get_prep_value(self.rhs)
               ^^^^^^^^^^^^^^^^^^^^^^^^^^^^^^^^^^^^^
  File "C:\Users\SHAHEEM\OneDrive\Desktop\IMPORTANT\BRO\WEEK24\KAAIZEN\Backend\env\Lib\site-packages\django\db\models\fields\__init__.py", line 2750, in get_prep_value
    return self.to_python(value)
           ^^^^^^^^^^^^^^^^^^^^^
  File "C:\Users\SHAHEEM\OneDrive\Desktop\IMPORTANT\BRO\WEEK24\KAAIZEN\Backend\env\Lib\site-packages\django\db\models\fields\__init__.py", line 2768, in to_python
    raise exceptions.ValidationError(
django.core.exceptions.ValidationError: ['“AnonymousUser” is not a valid UUID.']
ERROR 2026-01-19 12:39:38,843 django.server "GET /api/client/me/profile/ HTTP/1.1" 500 27486
ERROR 2026-01-19 12:39:38,843 django.server "GET /api/client/me/profile/ HTTP/1.1" 500 27486
WARNING 2026-01-19 12:39:43,733 django.request Unauthorized: /api/auth/me/
WARNING 2026-01-19 12:39:43,733 django.request Unauthorized: /api/auth/me/
WARNING 2026-01-19 12:39:43,734 django.server "GET /api/auth/me/ HTTP/1.1" 401 28
WARNING 2026-01-19 12:39:43,734 django.server "GET /api/auth/me/ HTTP/1.1" 401 28
INFO 2026-01-19 12:39:43,892 django.server "POST /api/auth/refresh/ HTTP/1.1" 200 28
INFO 2026-01-19 12:39:43,892 django.server "POST /api/auth/refresh/ HTTP/1.1" 200 28
INFO 2026-01-19 12:39:43,997 django.server "GET /api/auth/me/ HTTP/1.1" 200 65
INFO 2026-01-19 12:39:43,997 django.server "GET /api/auth/me/ HTTP/1.1" 200 65
INFO 2026-01-19 12:39:44,424 django.server "GET /api/client/me/profile/ HTTP/1.1" 200 472
INFO 2026-01-19 12:39:44,424 django.server "GET /api/nutrition/daily-summary/2026-01-19/ HTTP/1.1" 200 74
INFO 2026-01-19 12:39:44,424 django.server "GET /api/client/me/profile/ HTTP/1.1" 200 472
INFO 2026-01-19 12:39:44,424 django.server "GET /api/nutrition/daily-summary/2026-01-19/ HTTP/1.1" 200 74
INFO 2026-01-19 12:39:44,533 django.server "GET /api/nutrition/daily-summary/2026-01-19/ HTTP/1.1" 200 74
INFO 2026-01-19 12:39:44,533 django.server "GET /api/nutrition/daily-summary/2026-01-19/ HTTP/1.1" 200 74
INFO 2026-01-19 12:39:47,562 django.server "GET /api/nutrition/daily-summary/2026-01-19/ HTTP/1.1" 200 74
INFO 2026-01-19 12:39:47,562 django.server "GET /api/nutrition/daily-summary/2026-01-19/ HTTP/1.1" 200 74
INFO 2026-01-19 12:39:47,574 django.server "GET /api/nutrition/meal-entries/2026-01-19/ HTTP/1.1" 200 2
INFO 2026-01-19 12:39:47,574 django.server "GET /api/nutrition/meal-entries/2026-01-19/ HTTP/1.1" 200 2
INFO 2026-01-19 12:39:52,057 django.server "GET /api/client/meal-allocations/ HTTP/1.1" 200 349
INFO 2026-01-19 12:39:52,057 django.server "GET /api/client/meal-allocations/ HTTP/1.1" 200 349
INFO 2026-01-19 12:40:02,044 django.server "GET /api/nutrition/daily-summary/2026-01-19/ HTTP/1.1" 200 74
INFO 2026-01-19 12:40:02,044 django.server "GET /api/nutrition/daily-summary/2026-01-19/ HTTP/1.1" 200 74
INFO 2026-01-19 12:40:02,152 django.server "GET /api/nutrition/daily-summary/2026-01-19/ HTTP/1.1" 200 74
INFO 2026-01-19 12:40:02,152 django.server "GET /api/nutrition/daily-summary/2026-01-19/ HTTP/1.1" 200 74
INFO 2026-01-19 12:41:38,209 django.server "GET /api/nutrition/daily-summary/2026-01-19/ HTTP/1.1" 200 74
INFO 2026-01-19 12:41:38,209 django.server "GET /api/nutrition/daily-summary/2026-01-19/ HTTP/1.1" 200 74
INFO 2026-01-19 12:41:38,309 django.server "GET /api/nutrition/daily-summary/2026-01-19/ HTTP/1.1" 200 74
INFO 2026-01-19 12:41:38,309 django.server "GET /api/nutrition/daily-summary/2026-01-19/ HTTP/1.1" 200 74
WARNING 2026-01-19 12:47:49,392 django.request Unauthorized: /api/nutrition/daily-summary/2026-01-19/
WARNING 2026-01-19 12:47:49,391 django.request Unauthorized: /api/nutrition/meal-entries/2026-01-19/
WARNING 2026-01-19 12:47:49,400 django.request Unauthorized: /api/client/me/profile/
WARNING 2026-01-19 12:47:49,392 django.request Unauthorized: /api/nutrition/daily-summary/2026-01-19/
WARNING 2026-01-19 12:47:49,391 django.request Unauthorized: /api/nutrition/meal-entries/2026-01-19/
WARNING 2026-01-19 12:47:49,400 django.request Unauthorized: /api/client/me/profile/
WARNING 2026-01-19 12:47:49,420 django.server "GET /api/nutrition/meal-entries/2026-01-19/ HTTP/1.1" 401 37
WARNING 2026-01-19 12:47:49,422 django.server "GET /api/nutrition/daily-summary/2026-01-19/ HTTP/1.1" 401 37
WARNING 2026-01-19 12:47:49,423 django.server "GET /api/client/me/profile/ HTTP/1.1" 401 37
WARNING 2026-01-19 12:47:49,420 django.server "GET /api/nutrition/meal-entries/2026-01-19/ HTTP/1.1" 401 37
WARNING 2026-01-19 12:47:49,422 django.server "GET /api/nutrition/daily-summary/2026-01-19/ HTTP/1.1" 401 37
WARNING 2026-01-19 12:47:49,423 django.server "GET /api/client/me/profile/ HTTP/1.1" 401 37
INFO 2026-01-19 12:47:49,756 django.server "POST /api/auth/refresh/ HTTP/1.1" 200 28
INFO 2026-01-19 12:47:49,756 django.server "POST /api/auth/refresh/ HTTP/1.1" 200 28
INFO 2026-01-19 12:47:50,859 django.server "GET /api/nutrition/meal-entries/2026-01-19/ HTTP/1.1" 200 2
INFO 2026-01-19 12:47:50,859 django.server "GET /api/nutrition/meal-entries/2026-01-19/ HTTP/1.1" 200 2
INFO 2026-01-19 12:47:50,894 django.server "GET /api/client/me/profile/ HTTP/1.1" 200 472
INFO 2026-01-19 12:47:50,894 django.server "GET /api/nutrition/daily-summary/2026-01-19/ HTTP/1.1" 200 74
INFO 2026-01-19 12:47:50,894 django.server "GET /api/client/me/profile/ HTTP/1.1" 200 472
INFO 2026-01-19 12:47:50,894 django.server "GET /api/nutrition/daily-summary/2026-01-19/ HTTP/1.1" 200 74
INFO 2026-01-19 12:48:02,964 django.server "GET /api/client/meal-allocations/ HTTP/1.1" 200 349
INFO 2026-01-19 12:48:02,964 django.server "GET /api/client/meal-allocations/ HTTP/1.1" 200 349
INFO 2026-01-19 12:52:27,712 django.server "GET /api/auth/me/ HTTP/1.1" 200 65
INFO 2026-01-19 12:52:27,712 django.server "GET /api/auth/me/ HTTP/1.1" 200 65
WARNING 2026-01-19 12:52:52,013 django.request Unauthorized: /api/nutrition/daily-summary/2026-01-19/
WARNING 2026-01-19 12:52:52,013 django.request Unauthorized: /api/nutrition/daily-summary/2026-01-19/
WARNING 2026-01-19 12:52:52,015 django.request Unauthorized: /api/nutrition/meal-entries/2026-01-19/
WARNING 2026-01-19 12:52:52,015 django.request Unauthorized: /api/nutrition/meal-entries/2026-01-19/
WARNING 2026-01-19 12:52:52,018 django.server "GET /api/nutrition/daily-summary/2026-01-19/ HTTP/1.1" 401 37
WARNING 2026-01-19 12:52:52,019 django.request Unauthorized: /api/client/me/profile/
WARNING 2026-01-19 12:52:52,018 django.server "GET /api/nutrition/daily-summary/2026-01-19/ HTTP/1.1" 401 37
WARNING 2026-01-19 12:52:52,019 django.request Unauthorized: /api/client/me/profile/
WARNING 2026-01-19 12:52:52,019 django.server "GET /api/nutrition/meal-entries/2026-01-19/ HTTP/1.1" 401 37
WARNING 2026-01-19 12:52:52,019 django.server "GET /api/nutrition/meal-entries/2026-01-19/ HTTP/1.1" 401 37
WARNING 2026-01-19 12:52:52,020 django.server "GET /api/client/me/profile/ HTTP/1.1" 401 37
WARNING 2026-01-19 12:52:52,020 django.server "GET /api/client/me/profile/ HTTP/1.1" 401 37
INFO 2026-01-19 12:52:52,088 django.server "POST /api/auth/refresh/ HTTP/1.1" 200 28
INFO 2026-01-19 12:52:52,088 django.server "POST /api/auth/refresh/ HTTP/1.1" 200 28
INFO 2026-01-19 12:52:52,291 django.server "GET /api/nutrition/daily-summary/2026-01-19/ HTTP/1.1" 200 74
INFO 2026-01-19 12:52:52,291 django.server "GET /api/nutrition/daily-summary/2026-01-19/ HTTP/1.1" 200 74
INFO 2026-01-19 12:52:52,314 django.server "GET /api/nutrition/meal-entries/2026-01-19/ HTTP/1.1" 200 2
INFO 2026-01-19 12:52:52,315 django.server "GET /api/client/me/profile/ HTTP/1.1" 200 472
INFO 2026-01-19 12:52:52,314 django.server "GET /api/nutrition/meal-entries/2026-01-19/ HTTP/1.1" 200 2
INFO 2026-01-19 12:52:52,315 django.server "GET /api/client/me/profile/ HTTP/1.1" 200 472
INFO 2026-01-19 12:53:29,321 django.server "GET /api/client/meal-allocations/ HTTP/1.1" 200 349
INFO 2026-01-19 12:53:29,321 django.server "GET /api/client/meal-allocations/ HTTP/1.1" 200 349
INFO 2026-01-19 12:55:29,388 django.server "GET /api/auth/me/ HTTP/1.1" 200 65
INFO 2026-01-19 12:55:29,388 django.server "GET /api/auth/me/ HTTP/1.1" 200 65
INFO 2026-01-19 12:55:47,527 django.server "OPTIONS /api/nutrition/meal-entries/ HTTP/1.1" 200 0
INFO 2026-01-19 12:55:47,527 django.server "OPTIONS /api/nutrition/meal-entries/ HTTP/1.1" 200 0
DEBUG 2026-01-19 12:55:48,079 urllib3.connectionpool Starting new HTTPS connection (1): api.edamam.com:443
DEBUG 2026-01-19 12:55:49,539 urllib3.connectionpool https://api.edamam.com:443 "POST /api/nutrition-details?app_id=e9506ce1&app_key=818534556d1d6a5e8d705614b79cb415 HTTP/1.1" 200 None
INFO 2026-01-19 12:55:49,685 django.server "POST /api/nutrition/meal-entries/ HTTP/1.1" 201 378
INFO 2026-01-19 12:55:49,685 django.server "POST /api/nutrition/meal-entries/ HTTP/1.1" 201 378
INFO 2026-01-19 12:55:49,818 django.server "GET /api/nutrition/meal-entries/2026-01-19/ HTTP/1.1" 200 380
INFO 2026-01-19 12:55:49,818 django.server "GET /api/nutrition/meal-entries/2026-01-19/ HTTP/1.1" 200 380
INFO 2026-01-19 12:55:49,904 django.server "GET /api/nutrition/daily-summary/2026-01-19/ HTTP/1.1" 200 105
INFO 2026-01-19 12:55:49,904 django.server "GET /api/nutrition/daily-summary/2026-01-19/ HTTP/1.1" 200 105
INFO 2026-01-19 12:55:58,888 django.server "GET /api/auth/me/ HTTP/1.1" 200 65
INFO 2026-01-19 12:55:58,888 django.server "GET /api/auth/me/ HTTP/1.1" 200 65
INFO 2026-01-19 12:55:59,030 django.server "GET /api/client/meal-allocations/ HTTP/1.1" 200 349
INFO 2026-01-19 12:55:59,030 django.server "GET /api/client/meal-allocations/ HTTP/1.1" 200 349
INFO 2026-01-19 12:55:59,151 django.server "GET /api/nutrition/daily-summary/2026-01-19/ HTTP/1.1" 200 105
INFO 2026-01-19 12:55:59,151 django.server "GET /api/nutrition/daily-summary/2026-01-19/ HTTP/1.1" 200 105
INFO 2026-01-19 12:55:59,205 django.server "GET /api/nutrition/meal-entries/2026-01-19/ HTTP/1.1" 200 380
INFO 2026-01-19 12:55:59,205 django.server "GET /api/nutrition/meal-entries/2026-01-19/ HTTP/1.1" 200 380
INFO 2026-01-19 12:55:59,248 django.server "GET /api/client/me/profile/ HTTP/1.1" 200 472
INFO 2026-01-19 12:55:59,248 django.server "GET /api/client/me/profile/ HTTP/1.1" 200 472
WARNING 2026-01-19 12:58:52,085 django.request Unauthorized: /api/auth/me/
WARNING 2026-01-19 12:58:52,085 django.request Unauthorized: /api/auth/me/
WARNING 2026-01-19 12:58:52,093 django.server "GET /api/auth/me/ HTTP/1.1" 401 37
WARNING 2026-01-19 12:58:52,093 django.server "GET /api/auth/me/ HTTP/1.1" 401 37
INFO 2026-01-19 12:58:52,266 django.server "POST /api/auth/refresh/ HTTP/1.1" 200 28
INFO 2026-01-19 12:58:52,266 django.server "POST /api/auth/refresh/ HTTP/1.1" 200 28
INFO 2026-01-19 12:58:52,482 django.server "GET /api/auth/me/ HTTP/1.1" 200 65
INFO 2026-01-19 12:58:52,482 django.server "GET /api/auth/me/ HTTP/1.1" 200 65
INFO 2026-01-19 12:58:52,650 django.server "GET /api/client/meal-allocations/ HTTP/1.1" 200 349
INFO 2026-01-19 12:58:52,651 django.server "GET /api/nutrition/meal-entries/2026-01-19/ HTTP/1.1" 200 380
INFO 2026-01-19 12:58:52,650 django.server "GET /api/client/meal-allocations/ HTTP/1.1" 200 349
INFO 2026-01-19 12:58:52,651 django.server "GET /api/nutrition/meal-entries/2026-01-19/ HTTP/1.1" 200 380
INFO 2026-01-19 12:58:52,781 django.server "GET /api/nutrition/daily-summary/2026-01-19/ HTTP/1.1" 200 105
INFO 2026-01-19 12:58:52,781 django.server "GET /api/client/me/profile/ HTTP/1.1" 200 472
INFO 2026-01-19 12:58:52,781 django.server "GET /api/nutrition/daily-summary/2026-01-19/ HTTP/1.1" 200 105
INFO 2026-01-19 12:58:52,781 django.server "GET /api/client/me/profile/ HTTP/1.1" 200 472
WARNING 2026-01-19 13:04:35,268 django.request Unauthorized: /api/nutrition/daily-summary/2026-01-19/
WARNING 2026-01-19 13:04:35,268 django.request Unauthorized: /api/nutrition/daily-summary/2026-01-19/
WARNING 2026-01-19 13:04:35,277 django.request Unauthorized: /api/client/meal-allocations/
WARNING 2026-01-19 13:04:35,277 django.request Unauthorized: /api/client/meal-allocations/
WARNING 2026-01-19 13:04:35,279 django.server "GET /api/nutrition/daily-summary/2026-01-19/ HTTP/1.1" 401 37
WARNING 2026-01-19 13:04:35,281 django.server "GET /api/client/meal-allocations/ HTTP/1.1" 401 37
WARNING 2026-01-19 13:04:35,293 django.request Unauthorized: /api/auth/me/
WARNING 2026-01-19 13:04:35,279 django.server "GET /api/nutrition/daily-summary/2026-01-19/ HTTP/1.1" 401 37
WARNING 2026-01-19 13:04:35,281 django.server "GET /api/client/meal-allocations/ HTTP/1.1" 401 37
WARNING 2026-01-19 13:04:35,296 django.request Unauthorized: /api/client/me/profile/
WARNING 2026-01-19 13:04:35,293 django.request Unauthorized: /api/auth/me/
WARNING 2026-01-19 13:04:35,299 django.request Unauthorized: /api/nutrition/meal-entries/2026-01-19/
WARNING 2026-01-19 13:04:35,296 django.request Unauthorized: /api/client/me/profile/
WARNING 2026-01-19 13:04:35,326 django.server "GET /api/auth/me/ HTTP/1.1" 401 37
WARNING 2026-01-19 13:04:35,299 django.request Unauthorized: /api/nutrition/meal-entries/2026-01-19/
WARNING 2026-01-19 13:04:35,326 django.server "GET /api/auth/me/ HTTP/1.1" 401 37
WARNING 2026-01-19 13:04:35,327 django.server "GET /api/nutrition/meal-entries/2026-01-19/ HTTP/1.1" 401 37
WARNING 2026-01-19 13:04:35,327 django.server "GET /api/nutrition/meal-entries/2026-01-19/ HTTP/1.1" 401 37
WARNING 2026-01-19 13:04:35,328 django.server "GET /api/client/me/profile/ HTTP/1.1" 401 37
WARNING 2026-01-19 13:04:35,328 django.server "GET /api/client/me/profile/ HTTP/1.1" 401 37
INFO 2026-01-19 13:04:35,389 django.server "POST /api/auth/refresh/ HTTP/1.1" 200 28
INFO 2026-01-19 13:04:35,389 django.server "POST /api/auth/refresh/ HTTP/1.1" 200 28
INFO 2026-01-19 13:04:35,648 django.server "GET /api/nutrition/daily-summary/2026-01-19/ HTTP/1.1" 200 105
INFO 2026-01-19 13:04:35,650 django.server "GET /api/nutrition/meal-entries/2026-01-19/ HTTP/1.1" 200 380
INFO 2026-01-19 13:04:35,648 django.server "GET /api/nutrition/daily-summary/2026-01-19/ HTTP/1.1" 200 105
INFO 2026-01-19 13:04:35,651 django.server "GET /api/client/meal-allocations/ HTTP/1.1" 200 349
INFO 2026-01-19 13:04:35,651 django.server "GET /api/client/me/profile/ HTTP/1.1" 200 472
INFO 2026-01-19 13:04:35,650 django.server "GET /api/nutrition/meal-entries/2026-01-19/ HTTP/1.1" 200 380
INFO 2026-01-19 13:04:35,651 django.server "GET /api/client/meal-allocations/ HTTP/1.1" 200 349
INFO 2026-01-19 13:04:35,651 django.server "GET /api/client/me/profile/ HTTP/1.1" 200 472
INFO 2026-01-19 13:04:35,730 django.server "POST /api/auth/refresh/ HTTP/1.1" 200 28
INFO 2026-01-19 13:04:35,730 django.server "POST /api/auth/refresh/ HTTP/1.1" 200 28
INFO 2026-01-19 13:04:35,884 django.server "GET /api/auth/me/ HTTP/1.1" 200 65
INFO 2026-01-19 13:04:35,884 django.server "GET /api/auth/me/ HTTP/1.1" 200 65
INFO 2026-01-19 13:04:37,777 django.server "GET /api/auth/me/ HTTP/1.1" 200 65
INFO 2026-01-19 13:04:37,777 django.server "GET /api/auth/me/ HTTP/1.1" 200 65
INFO 2026-01-19 13:05:32,400 django.server "GET /api/auth/me/ HTTP/1.1" 200 65
INFO 2026-01-19 13:05:32,400 django.server "GET /api/auth/me/ HTTP/1.1" 200 65
INFO 2026-01-19 13:05:38,638 django.server "GET /api/auth/me/ HTTP/1.1" 200 65
INFO 2026-01-19 13:05:38,638 django.server "GET /api/auth/me/ HTTP/1.1" 200 65
INFO 2026-01-19 13:05:58,174 django.server "GET /api/nutrition/daily-summary/2026-01-19/ HTTP/1.1" 200 105
INFO 2026-01-19 13:05:58,174 django.server "GET /api/nutrition/daily-summary/2026-01-19/ HTTP/1.1" 200 105
INFO 2026-01-19 13:05:58,211 django.server "GET /api/client/meal-allocations/ HTTP/1.1" 200 349
INFO 2026-01-19 13:05:58,211 django.server "GET /api/client/meal-allocations/ HTTP/1.1" 200 349
INFO 2026-01-19 13:05:58,229 django.server "GET /api/auth/me/ HTTP/1.1" 200 65
INFO 2026-01-19 13:05:58,229 django.server "GET /api/auth/me/ HTTP/1.1" 200 65
INFO 2026-01-19 13:05:58,255 django.server "GET /api/client/me/profile/ HTTP/1.1" 200 472
INFO 2026-01-19 13:05:58,255 django.server "GET /api/nutrition/meal-entries/2026-01-19/ HTTP/1.1" 200 380
INFO 2026-01-19 13:05:58,255 django.server "GET /api/client/me/profile/ HTTP/1.1" 200 472
INFO 2026-01-19 13:05:58,255 django.server "GET /api/nutrition/meal-entries/2026-01-19/ HTTP/1.1" 200 380
INFO 2026-01-19 13:06:09,652 django.server "GET /api/auth/me/ HTTP/1.1" 200 65
INFO 2026-01-19 13:06:09,652 django.server "GET /api/auth/me/ HTTP/1.1" 200 65
INFO 2026-01-19 13:06:09,794 django.server "GET /api/client/meal-allocations/ HTTP/1.1" 200 349
INFO 2026-01-19 13:06:09,794 django.server "GET /api/client/meal-allocations/ HTTP/1.1" 200 349
INFO 2026-01-19 13:06:09,969 django.server "GET /api/nutrition/meal-entries/2026-01-19/ HTTP/1.1" 200 380
INFO 2026-01-19 13:06:09,969 django.server "GET /api/nutrition/meal-entries/2026-01-19/ HTTP/1.1" 200 380
INFO 2026-01-19 13:06:10,019 django.server "GET /api/nutrition/daily-summary/2026-01-19/ HTTP/1.1" 200 105
INFO 2026-01-19 13:06:10,019 django.server "GET /api/nutrition/daily-summary/2026-01-19/ HTTP/1.1" 200 105
INFO 2026-01-19 13:06:10,113 django.server "GET /api/client/me/profile/ HTTP/1.1" 200 472
INFO 2026-01-19 13:06:10,113 django.server "GET /api/client/me/profile/ HTTP/1.1" 200 472
INFO 2026-01-19 13:06:46,938 django.server "GET /api/auth/me/ HTTP/1.1" 200 65
INFO 2026-01-19 13:06:46,938 django.server "GET /api/auth/me/ HTTP/1.1" 200 65
INFO 2026-01-19 13:07:02,691 django.server "GET /api/auth/me/ HTTP/1.1" 200 65
INFO 2026-01-19 13:07:02,691 django.server "GET /api/auth/me/ HTTP/1.1" 200 65
INFO 2026-01-19 13:07:17,193 django.server "GET /api/auth/me/ HTTP/1.1" 200 65
INFO 2026-01-19 13:07:17,198 django.server "GET /api/nutrition/daily-summary/2026-01-19/ HTTP/1.1" 200 105
INFO 2026-01-19 13:07:17,193 django.server "GET /api/auth/me/ HTTP/1.1" 200 65
INFO 2026-01-19 13:07:17,198 django.server "GET /api/nutrition/daily-summary/2026-01-19/ HTTP/1.1" 200 105
INFO 2026-01-19 13:07:17,206 django.server "GET /api/nutrition/meal-entries/2026-01-19/ HTTP/1.1" 200 380
INFO 2026-01-19 13:07:17,207 django.server "GET /api/client/me/profile/ HTTP/1.1" 200 472
INFO 2026-01-19 13:07:17,206 django.server "GET /api/nutrition/meal-entries/2026-01-19/ HTTP/1.1" 200 380
INFO 2026-01-19 13:07:17,210 django.server "GET /api/client/meal-allocations/ HTTP/1.1" 200 349
INFO 2026-01-19 13:07:17,207 django.server "GET /api/client/me/profile/ HTTP/1.1" 200 472
INFO 2026-01-19 13:07:17,210 django.server "GET /api/client/meal-allocations/ HTTP/1.1" 200 349
INFO 2026-01-19 13:07:21,917 django.server "GET /api/auth/me/ HTTP/1.1" 200 65
INFO 2026-01-19 13:07:21,917 django.server "GET /api/auth/me/ HTTP/1.1" 200 65
INFO 2026-01-19 13:07:22,082 django.server "GET /api/client/meal-allocations/ HTTP/1.1" 200 349
INFO 2026-01-19 13:07:22,082 django.server "GET /api/client/meal-allocations/ HTTP/1.1" 200 349
INFO 2026-01-19 13:07:22,116 django.server "GET /api/nutrition/meal-entries/2026-01-19/ HTTP/1.1" 200 380
INFO 2026-01-19 13:07:22,116 django.server "GET /api/nutrition/meal-entries/2026-01-19/ HTTP/1.1" 200 380
INFO 2026-01-19 13:07:22,131 django.server "GET /api/client/me/profile/ HTTP/1.1" 200 472
INFO 2026-01-19 13:07:22,131 django.server "GET /api/client/me/profile/ HTTP/1.1" 200 472
INFO 2026-01-19 13:07:22,139 django.server "GET /api/nutrition/daily-summary/2026-01-19/ HTTP/1.1" 200 105
INFO 2026-01-19 13:07:22,139 django.server "GET /api/nutrition/daily-summary/2026-01-19/ HTTP/1.1" 200 105
DEBUG 2026-01-19 13:08:41,593 urllib3.connectionpool Starting new HTTPS connection (1): api.edamam.com:443
DEBUG 2026-01-19 13:08:43,169 urllib3.connectionpool https://api.edamam.com:443 "POST /api/nutrition-details?app_id=e9506ce1&app_key=818534556d1d6a5e8d705614b79cb415 HTTP/1.1" 555 None
INFO 2026-01-19 13:08:43,244 django.server "POST /api/nutrition/meal-entries/ HTTP/1.1" 201 343
INFO 2026-01-19 13:08:43,244 django.server "POST /api/nutrition/meal-entries/ HTTP/1.1" 201 343
INFO 2026-01-19 13:08:43,368 django.server "GET /api/nutrition/meal-entries/2026-01-19/ HTTP/1.1" 200 724
INFO 2026-01-19 13:08:43,368 django.server "GET /api/nutrition/meal-entries/2026-01-19/ HTTP/1.1" 200 724
INFO 2026-01-19 13:08:43,380 django.server "GET /api/nutrition/daily-summary/2026-01-19/ HTTP/1.1" 200 105
INFO 2026-01-19 13:08:43,380 django.server "GET /api/nutrition/daily-summary/2026-01-19/ HTTP/1.1" 200 105
DEBUG 2026-01-19 13:08:52,336 urllib3.connectionpool Starting new HTTPS connection (1): api.edamam.com:443
DEBUG 2026-01-19 13:08:53,636 urllib3.connectionpool https://api.edamam.com:443 "POST /api/nutrition-details?app_id=e9506ce1&app_key=818534556d1d6a5e8d705614b79cb415 HTTP/1.1" 200 None
INFO 2026-01-19 13:08:53,684 django.server "POST /api/nutrition/meal-entries/ HTTP/1.1" 201 373
INFO 2026-01-19 13:08:53,684 django.server "POST /api/nutrition/meal-entries/ HTTP/1.1" 201 373
INFO 2026-01-19 13:08:53,857 django.server "GET /api/nutrition/daily-summary/2026-01-19/ HTTP/1.1" 200 95
INFO 2026-01-19 13:08:53,857 django.server "GET /api/nutrition/daily-summary/2026-01-19/ HTTP/1.1" 200 95
INFO 2026-01-19 13:08:53,892 django.server "GET /api/nutrition/meal-entries/2026-01-19/ HTTP/1.1" 200 1098
INFO 2026-01-19 13:08:53,892 django.server "GET /api/nutrition/meal-entries/2026-01-19/ HTTP/1.1" 200 1098
INFO 2026-01-19 13:09:33,219 django.server "GET /api/nutrition/daily-summary/2026-01-19/ HTTP/1.1" 200 95
INFO 2026-01-19 13:09:33,219 django.server "GET /api/nutrition/daily-summary/2026-01-19/ HTTP/1.1" 200 95
INFO 2026-01-19 13:09:33,397 django.server "GET /api/nutrition/daily-summary/2026-01-19/ HTTP/1.1" 200 95
INFO 2026-01-19 13:09:33,397 django.server "GET /api/nutrition/daily-summary/2026-01-19/ HTTP/1.1" 200 95
INFO 2026-01-19 13:09:34,462 django.server "GET /api/nutrition/daily-summary/2026-01-19/ HTTP/1.1" 200 95
INFO 2026-01-19 13:09:34,462 django.server "GET /api/nutrition/daily-summary/2026-01-19/ HTTP/1.1" 200 95
INFO 2026-01-19 13:09:34,767 django.server "GET /api/nutrition/daily-summary/2026-01-19/ HTTP/1.1" 200 95
INFO 2026-01-19 13:09:34,767 django.server "GET /api/nutrition/daily-summary/2026-01-19/ HTTP/1.1" 200 95
WARNING 2026-01-19 13:09:40,981 django.request Unauthorized: /api/nutrition/daily-summary/2026-01-19/
WARNING 2026-01-19 13:09:40,981 django.request Unauthorized: /api/nutrition/daily-summary/2026-01-19/
WARNING 2026-01-19 13:09:40,982 django.server "GET /api/nutrition/daily-summary/2026-01-19/ HTTP/1.1" 401 37
WARNING 2026-01-19 13:09:40,982 django.server "GET /api/nutrition/daily-summary/2026-01-19/ HTTP/1.1" 401 37
WARNING 2026-01-19 13:09:40,989 django.request Unauthorized: /api/nutrition/daily-summary/2026-01-19/
WARNING 2026-01-19 13:09:40,989 django.request Unauthorized: /api/nutrition/daily-summary/2026-01-19/
WARNING 2026-01-19 13:09:40,990 django.server "GET /api/nutrition/daily-summary/2026-01-19/ HTTP/1.1" 401 37
WARNING 2026-01-19 13:09:40,990 django.server "GET /api/nutrition/daily-summary/2026-01-19/ HTTP/1.1" 401 37
INFO 2026-01-19 13:09:41,247 django.server "POST /api/auth/refresh/ HTTP/1.1" 200 28
INFO 2026-01-19 13:09:41,247 django.server "POST /api/auth/refresh/ HTTP/1.1" 200 28
INFO 2026-01-19 13:09:41,370 django.server "GET /api/nutrition/daily-summary/2026-01-19/ HTTP/1.1" 200 95
INFO 2026-01-19 13:09:41,370 django.server "GET /api/nutrition/daily-summary/2026-01-19/ HTTP/1.1" 200 95
INFO 2026-01-19 13:09:41,472 django.server "GET /api/nutrition/daily-summary/2026-01-19/ HTTP/1.1" 200 95
INFO 2026-01-19 13:09:41,472 django.server "GET /api/nutrition/daily-summary/2026-01-19/ HTTP/1.1" 200 95
INFO 2026-01-19 13:09:50,670 django.server "POST /api/auth/logout/ HTTP/1.1" 205 37
INFO 2026-01-19 13:09:50,670 django.server "POST /api/auth/logout/ HTTP/1.1" 205 37
INFO 2026-01-19 13:10:02,671 django.server "OPTIONS /api/auth/google-auth HTTP/1.1" 200 0
INFO 2026-01-19 13:10:02,671 django.server "OPTIONS /api/auth/google-auth HTTP/1.1" 200 0
DEBUG 2026-01-19 13:10:03,001 urllib3.connectionpool Starting new HTTPS connection (1): www.googleapis.com:443
DEBUG 2026-01-19 13:10:04,120 urllib3.connectionpool https://www.googleapis.com:443 "GET /oauth2/v1/certs HTTP/1.1" 200 1574
INFO 2026-01-19 13:10:04,303 django.server "POST /api/auth/google-auth HTTP/1.1" 200 84
INFO 2026-01-19 13:10:04,303 django.server "POST /api/auth/google-auth HTTP/1.1" 200 84
INFO 2026-01-19 13:10:04,430 django.server "GET /api/nutrition/daily-summary/2026-01-19/ HTTP/1.1" 200 95
INFO 2026-01-19 13:10:04,430 django.server "GET /api/nutrition/daily-summary/2026-01-19/ HTTP/1.1" 200 95
INFO 2026-01-19 13:10:04,552 django.server "GET /api/nutrition/daily-summary/2026-01-19/ HTTP/1.1" 200 95
INFO 2026-01-19 13:10:04,552 django.server "GET /api/nutrition/daily-summary/2026-01-19/ HTTP/1.1" 200 95
INFO 2026-01-19 13:10:21,706 django.server "POST /api/auth/logout/ HTTP/1.1" 205 37
INFO 2026-01-19 13:10:21,706 django.server "POST /api/auth/logout/ HTTP/1.1" 205 37
WARNING 2026-01-19 14:04:34,025 django.request Unauthorized: /api/auth/me/
WARNING 2026-01-19 14:04:34,025 django.request Unauthorized: /api/auth/me/
WARNING 2026-01-19 14:04:34,078 django.server "GET /api/auth/me/ HTTP/1.1" 401 28
WARNING 2026-01-19 14:04:34,078 django.server "GET /api/auth/me/ HTTP/1.1" 401 28
WARNING 2026-01-19 14:04:34,181 django.request Unauthorized: /api/auth/refresh/
WARNING 2026-01-19 14:04:34,181 django.request Unauthorized: /api/auth/refresh/
WARNING 2026-01-19 14:04:34,200 django.server "POST /api/auth/refresh/ HTTP/1.1" 401 29
WARNING 2026-01-19 14:04:34,200 django.server "POST /api/auth/refresh/ HTTP/1.1" 401 29
DEBUG 2026-01-19 14:05:14,812 urllib3.connectionpool Starting new HTTPS connection (1): www.googleapis.com:443
DEBUG 2026-01-19 14:05:16,213 urllib3.connectionpool https://www.googleapis.com:443 "GET /oauth2/v1/certs HTTP/1.1" 200 1574
INFO 2026-01-19 14:05:16,564 django.server "POST /api/auth/google-auth HTTP/1.1" 200 84
INFO 2026-01-19 14:05:16,564 django.server "POST /api/auth/google-auth HTTP/1.1" 200 84
INFO 2026-01-19 14:05:16,678 django.server "GET /api/nutrition/daily-summary/2026-01-19/ HTTP/1.1" 200 95
INFO 2026-01-19 14:05:16,678 django.server "GET /api/nutrition/daily-summary/2026-01-19/ HTTP/1.1" 200 95
INFO 2026-01-19 14:05:16,732 django.server "GET /api/client/me/profile/ HTTP/1.1" 200 472
INFO 2026-01-19 14:05:16,732 django.server "GET /api/client/me/profile/ HTTP/1.1" 200 472
INFO 2026-01-19 14:05:16,741 django.server "GET /api/nutrition/daily-summary/2026-01-19/ HTTP/1.1" 200 95
INFO 2026-01-19 14:05:16,741 django.server "GET /api/nutrition/daily-summary/2026-01-19/ HTTP/1.1" 200 95
INFO 2026-01-19 14:05:19,995 django.server "GET /api/nutrition/daily-summary/2026-01-19/ HTTP/1.1" 200 95
INFO 2026-01-19 14:05:19,995 django.server "GET /api/nutrition/daily-summary/2026-01-19/ HTTP/1.1" 200 95
INFO 2026-01-19 14:05:20,026 django.server "GET /api/nutrition/meal-entries/2026-01-19/ HTTP/1.1" 200 1098
INFO 2026-01-19 14:05:20,026 django.server "GET /api/nutrition/meal-entries/2026-01-19/ HTTP/1.1" 200 1098
INFO 2026-01-19 14:05:27,949 django.server "GET /api/client/meal-allocations/ HTTP/1.1" 200 349
INFO 2026-01-19 14:05:27,949 django.server "GET /api/client/meal-allocations/ HTTP/1.1" 200 349
INFO 2026-01-19 14:08:10,810 django.server "GET /api/auth/me/ HTTP/1.1" 200 65
INFO 2026-01-19 14:08:10,810 django.server "GET /api/auth/me/ HTTP/1.1" 200 65
WARNING 2026-01-19 14:15:14,763 django.request Unauthorized: /api/nutrition/meal-entries/2026-01-19/
WARNING 2026-01-19 14:15:14,779 django.request Unauthorized: /api/nutrition/daily-summary/2026-01-19/
WARNING 2026-01-19 14:15:14,763 django.request Unauthorized: /api/nutrition/meal-entries/2026-01-19/
WARNING 2026-01-19 14:15:14,779 django.request Unauthorized: /api/nutrition/daily-summary/2026-01-19/
WARNING 2026-01-19 14:15:14,786 django.request Unauthorized: /api/client/meal-allocations/
WARNING 2026-01-19 14:15:14,787 django.request Unauthorized: /api/auth/me/
WARNING 2026-01-19 14:15:14,786 django.request Unauthorized: /api/client/meal-allocations/
WARNING 2026-01-19 14:15:14,789 django.server "GET /api/nutrition/meal-entries/2026-01-19/ HTTP/1.1" 401 37
WARNING 2026-01-19 14:15:14,790 django.server "GET /api/nutrition/daily-summary/2026-01-19/ HTTP/1.1" 401 37
WARNING 2026-01-19 14:15:14,792 django.request Unauthorized: /api/client/me/profile/
WARNING 2026-01-19 14:15:14,787 django.request Unauthorized: /api/auth/me/
WARNING 2026-01-19 14:15:14,789 django.server "GET /api/nutrition/meal-entries/2026-01-19/ HTTP/1.1" 401 37
WARNING 2026-01-19 14:15:14,790 django.server "GET /api/nutrition/daily-summary/2026-01-19/ HTTP/1.1" 401 37
WARNING 2026-01-19 14:15:14,793 django.server "GET /api/client/meal-allocations/ HTTP/1.1" 401 37
WARNING 2026-01-19 14:15:14,792 django.request Unauthorized: /api/client/me/profile/
WARNING 2026-01-19 14:15:14,795 django.server "GET /api/auth/me/ HTTP/1.1" 401 37
WARNING 2026-01-19 14:15:14,793 django.server "GET /api/client/meal-allocations/ HTTP/1.1" 401 37
WARNING 2026-01-19 14:15:14,795 django.server "GET /api/auth/me/ HTTP/1.1" 401 37
WARNING 2026-01-19 14:15:14,796 django.server "GET /api/client/me/profile/ HTTP/1.1" 401 37
WARNING 2026-01-19 14:15:14,796 django.server "GET /api/client/me/profile/ HTTP/1.1" 401 37
INFO 2026-01-19 14:15:15,288 django.server "POST /api/auth/refresh/ HTTP/1.1" 200 28
INFO 2026-01-19 14:15:15,288 django.server "POST /api/auth/refresh/ HTTP/1.1" 200 28
INFO 2026-01-19 14:15:15,659 django.server "GET /api/auth/me/ HTTP/1.1" 200 65
INFO 2026-01-19 14:15:15,659 django.server "GET /api/auth/me/ HTTP/1.1" 200 65
INFO 2026-01-19 14:15:16,653 django.server "POST /api/auth/refresh/ HTTP/1.1" 200 28
INFO 2026-01-19 14:15:16,653 django.server "POST /api/auth/refresh/ HTTP/1.1" 200 28
INFO 2026-01-19 14:15:16,862 django.server "GET /api/nutrition/meal-entries/2026-01-19/ HTTP/1.1" 200 1098
INFO 2026-01-19 14:15:16,862 django.server "GET /api/client/me/profile/ HTTP/1.1" 200 472
INFO 2026-01-19 14:15:16,862 django.server "GET /api/nutrition/meal-entries/2026-01-19/ HTTP/1.1" 200 1098
INFO 2026-01-19 14:15:16,862 django.server "GET /api/client/me/profile/ HTTP/1.1" 200 472
INFO 2026-01-19 14:15:16,863 django.server "GET /api/nutrition/daily-summary/2026-01-19/ HTTP/1.1" 200 95
INFO 2026-01-19 14:15:16,863 django.server "GET /api/nutrition/daily-summary/2026-01-19/ HTTP/1.1" 200 95
INFO 2026-01-19 14:15:16,953 django.server "GET /api/client/meal-allocations/ HTTP/1.1" 200 349
INFO 2026-01-19 14:15:16,953 django.server "GET /api/client/meal-allocations/ HTTP/1.1" 200 349
INFO 2026-01-19 14:18:10,143 django.server "GET /api/nutrition/daily-summary/2026-01-19/ HTTP/1.1" 200 95
INFO 2026-01-19 14:18:10,143 django.server "GET /api/nutrition/daily-summary/2026-01-19/ HTTP/1.1" 200 95
INFO 2026-01-19 14:18:10,264 django.server "GET /api/nutrition/daily-summary/2026-01-19/ HTTP/1.1" 200 95
INFO 2026-01-19 14:18:10,264 django.server "GET /api/nutrition/daily-summary/2026-01-19/ HTTP/1.1" 200 95
WARNING 2026-01-19 14:22:55,703 django.request Unauthorized: /api/client/me/profile/
WARNING 2026-01-19 14:22:55,703 django.request Unauthorized: /api/client/me/profile/
WARNING 2026-01-19 14:22:55,708 django.server "GET /api/client/me/profile/ HTTP/1.1" 401 37
WARNING 2026-01-19 14:22:55,708 django.server "GET /api/client/me/profile/ HTTP/1.1" 401 37
INFO 2026-01-19 14:22:55,794 django.server "POST /api/auth/refresh/ HTTP/1.1" 200 28
INFO 2026-01-19 14:22:55,794 django.server "POST /api/auth/refresh/ HTTP/1.1" 200 28
INFO 2026-01-19 14:22:56,063 django.server "GET /api/client/me/profile/ HTTP/1.1" 200 472
INFO 2026-01-19 14:22:56,063 django.server "GET /api/client/me/profile/ HTTP/1.1" 200 472
INFO 2026-01-19 14:23:00,162 django.server "GET /api/auth/me/ HTTP/1.1" 200 65
INFO 2026-01-19 14:23:00,162 django.server "GET /api/auth/me/ HTTP/1.1" 200 65
INFO 2026-01-19 14:23:00,853 django.server "GET /api/nutrition/daily-summary/2026-01-19/ HTTP/1.1" 200 95
INFO 2026-01-19 14:23:00,857 django.server "GET /api/client/me/profile/ HTTP/1.1" 200 472
INFO 2026-01-19 14:23:00,853 django.server "GET /api/nutrition/daily-summary/2026-01-19/ HTTP/1.1" 200 95
INFO 2026-01-19 14:23:00,857 django.server "GET /api/client/me/profile/ HTTP/1.1" 200 472
INFO 2026-01-19 14:23:01,106 django.server "GET /api/nutrition/daily-summary/2026-01-19/ HTTP/1.1" 200 95
INFO 2026-01-19 14:23:01,106 django.server "GET /api/nutrition/daily-summary/2026-01-19/ HTTP/1.1" 200 95
INFO 2026-01-19 14:23:07,313 django.server "GET /api/nutrition/daily-summary/2026-01-19/ HTTP/1.1" 200 95
INFO 2026-01-19 14:23:07,313 django.server "GET /api/nutrition/daily-summary/2026-01-19/ HTTP/1.1" 200 95
INFO 2026-01-19 14:23:07,332 django.server "GET /api/nutrition/meal-entries/2026-01-19/ HTTP/1.1" 200 1098
INFO 2026-01-19 14:23:07,332 django.server "GET /api/nutrition/meal-entries/2026-01-19/ HTTP/1.1" 200 1098
INFO 2026-01-19 14:23:09,015 django.server "GET /api/nutrition/daily-summary/2026-01-19/ HTTP/1.1" 200 95
INFO 2026-01-19 14:23:09,015 django.server "GET /api/nutrition/daily-summary/2026-01-19/ HTTP/1.1" 200 95
INFO 2026-01-19 14:23:09,157 django.server "GET /api/nutrition/daily-summary/2026-01-19/ HTTP/1.1" 200 95
INFO 2026-01-19 14:23:09,157 django.server "GET /api/nutrition/daily-summary/2026-01-19/ HTTP/1.1" 200 95
INFO 2026-01-19 14:27:05,700 django.server "GET /api/auth/me/ HTTP/1.1" 200 65
INFO 2026-01-19 14:27:05,700 django.server "GET /api/auth/me/ HTTP/1.1" 200 65
INFO 2026-01-19 14:27:05,873 django.server "GET /api/nutrition/daily-summary/2026-01-19/ HTTP/1.1" 200 95
INFO 2026-01-19 14:27:05,873 django.server "GET /api/nutrition/daily-summary/2026-01-19/ HTTP/1.1" 200 95
INFO 2026-01-19 14:27:05,941 django.server "GET /api/client/me/profile/ HTTP/1.1" 200 472
INFO 2026-01-19 14:27:05,941 django.server "GET /api/client/me/profile/ HTTP/1.1" 200 472
INFO 2026-01-19 14:27:05,994 django.server "GET /api/nutrition/daily-summary/2026-01-19/ HTTP/1.1" 200 95
INFO 2026-01-19 14:27:05,994 django.server "GET /api/nutrition/daily-summary/2026-01-19/ HTTP/1.1" 200 95
WARNING 2026-01-19 14:45:00,786 django.request Unauthorized: /api/auth/me/
WARNING 2026-01-19 14:45:00,786 django.request Unauthorized: /api/auth/me/
WARNING 2026-01-19 14:45:00,821 django.server "GET /api/auth/me/ HTTP/1.1" 401 28
WARNING 2026-01-19 14:45:00,821 django.server "GET /api/auth/me/ HTTP/1.1" 401 28
WARNING 2026-01-19 14:45:12,143 django.request Unauthorized: /api/auth/me/
WARNING 2026-01-19 14:45:12,143 django.request Unauthorized: /api/auth/me/
WARNING 2026-01-19 14:45:12,149 django.server "GET /api/auth/me/ HTTP/1.1" 401 28
WARNING 2026-01-19 14:45:12,149 django.server "GET /api/auth/me/ HTTP/1.1" 401 28
INFO 2026-01-19 14:45:12,302 django.server "POST /api/auth/refresh/ HTTP/1.1" 200 28
INFO 2026-01-19 14:45:12,302 django.server "POST /api/auth/refresh/ HTTP/1.1" 200 28
INFO 2026-01-19 14:45:13,135 django.server "GET /api/auth/me/ HTTP/1.1" 200 65
INFO 2026-01-19 14:45:13,135 django.server "GET /api/auth/me/ HTTP/1.1" 200 65
INFO 2026-01-19 14:45:13,349 django.server "GET /api/nutrition/daily-summary/2026-01-19/ HTTP/1.1" 200 95
INFO 2026-01-19 14:45:13,349 django.server "GET /api/nutrition/daily-summary/2026-01-19/ HTTP/1.1" 200 95
INFO 2026-01-19 14:45:13,506 django.server "GET /api/nutrition/daily-summary/2026-01-19/ HTTP/1.1" 200 95
INFO 2026-01-19 14:45:13,506 django.server "GET /api/nutrition/daily-summary/2026-01-19/ HTTP/1.1" 200 95
INFO 2026-01-19 14:45:13,518 django.server "GET /api/client/me/profile/ HTTP/1.1" 200 472
INFO 2026-01-19 14:45:13,518 django.server "GET /api/client/me/profile/ HTTP/1.1" 200 472
INFO 2026-01-19 14:45:25,499 django.server - Broken pipe from ('127.0.0.1', 58747)
INFO 2026-01-19 14:45:25,499 django.server - Broken pipe from ('127.0.0.1', 58747)
INFO 2026-01-19 14:49:05,829 django.server "GET /api/auth/me/ HTTP/1.1" 200 65
INFO 2026-01-19 14:49:05,829 django.server "GET /api/auth/me/ HTTP/1.1" 200 65
INFO 2026-01-19 14:49:05,841 django.server "GET /api/nutrition/daily-summary/2026-01-19/ HTTP/1.1" 200 95
INFO 2026-01-19 14:49:05,841 django.server "GET /api/nutrition/daily-summary/2026-01-19/ HTTP/1.1" 200 95
INFO 2026-01-19 14:49:05,958 django.server "GET /api/nutrition/daily-summary/2026-01-19/ HTTP/1.1" 200 95
INFO 2026-01-19 14:49:05,958 django.server "GET /api/nutrition/daily-summary/2026-01-19/ HTTP/1.1" 200 95
INFO 2026-01-19 14:49:06,039 django.server "GET /api/nutrition/daily-summary/2026-01-19/ HTTP/1.1" 200 95
INFO 2026-01-19 14:49:06,039 django.server "GET /api/nutrition/daily-summary/2026-01-19/ HTTP/1.1" 200 95
INFO 2026-01-19 14:49:06,354 django.server "GET /api/nutrition/daily-summary/2026-01-19/ HTTP/1.1" 200 95
INFO 2026-01-19 14:49:06,354 django.server "GET /api/nutrition/daily-summary/2026-01-19/ HTTP/1.1" 200 95
INFO 2026-01-19 14:49:19,566 django.server "GET /api/auth/me/ HTTP/1.1" 200 65
INFO 2026-01-19 14:49:19,566 django.server "GET /api/auth/me/ HTTP/1.1" 200 65
INFO 2026-01-19 14:49:19,570 django.server "GET /api/nutrition/daily-summary/2026-01-19/ HTTP/1.1" 200 95
INFO 2026-01-19 14:49:19,570 django.server "GET /api/nutrition/daily-summary/2026-01-19/ HTTP/1.1" 200 95
INFO 2026-01-19 14:49:19,661 django.server "GET /api/nutrition/daily-summary/2026-01-19/ HTTP/1.1" 200 95
INFO 2026-01-19 14:49:19,661 django.server "GET /api/nutrition/daily-summary/2026-01-19/ HTTP/1.1" 200 95
INFO 2026-01-19 14:49:19,753 django.server "GET /api/nutrition/daily-summary/2026-01-19/ HTTP/1.1" 200 95
INFO 2026-01-19 14:49:19,753 django.server "GET /api/nutrition/daily-summary/2026-01-19/ HTTP/1.1" 200 95
INFO 2026-01-19 14:49:19,888 django.server "GET /api/nutrition/daily-summary/2026-01-19/ HTTP/1.1" 200 95
INFO 2026-01-19 14:49:19,888 django.server "GET /api/nutrition/daily-summary/2026-01-19/ HTTP/1.1" 200 95
INFO 2026-01-19 14:49:25,665 django.server "GET /api/auth/me/ HTTP/1.1" 200 65
INFO 2026-01-19 14:49:25,665 django.server "GET /api/auth/me/ HTTP/1.1" 200 65
INFO 2026-01-19 14:49:25,787 django.server "GET /api/nutrition/daily-summary/2026-01-19/ HTTP/1.1" 200 95
INFO 2026-01-19 14:49:25,787 django.server "GET /api/nutrition/daily-summary/2026-01-19/ HTTP/1.1" 200 95
INFO 2026-01-19 14:49:25,923 django.server "GET /api/nutrition/daily-summary/2026-01-19/ HTTP/1.1" 200 95
INFO 2026-01-19 14:49:25,923 django.server "GET /api/nutrition/daily-summary/2026-01-19/ HTTP/1.1" 200 95
INFO 2026-01-19 14:49:25,999 django.server "GET /api/nutrition/daily-summary/2026-01-19/ HTTP/1.1" 200 95
INFO 2026-01-19 14:49:25,999 django.server "GET /api/nutrition/daily-summary/2026-01-19/ HTTP/1.1" 200 95
INFO 2026-01-19 14:49:26,088 django.server "GET /api/nutrition/daily-summary/2026-01-19/ HTTP/1.1" 200 95
INFO 2026-01-19 14:49:26,088 django.server "GET /api/nutrition/daily-summary/2026-01-19/ HTTP/1.1" 200 95
INFO 2026-01-19 14:49:31,951 django.server "GET /api/auth/me/ HTTP/1.1" 200 65
INFO 2026-01-19 14:49:31,951 django.server "GET /api/auth/me/ HTTP/1.1" 200 65
INFO 2026-01-19 14:49:31,958 django.server "GET /api/nutrition/daily-summary/2026-01-19/ HTTP/1.1" 200 95
INFO 2026-01-19 14:49:31,958 django.server "GET /api/nutrition/daily-summary/2026-01-19/ HTTP/1.1" 200 95
INFO 2026-01-19 14:49:32,046 django.server "GET /api/nutrition/daily-summary/2026-01-19/ HTTP/1.1" 200 95
INFO 2026-01-19 14:49:32,046 django.server "GET /api/nutrition/daily-summary/2026-01-19/ HTTP/1.1" 200 95
INFO 2026-01-19 14:49:32,136 django.server "GET /api/nutrition/daily-summary/2026-01-19/ HTTP/1.1" 200 95
INFO 2026-01-19 14:49:32,136 django.server "GET /api/nutrition/daily-summary/2026-01-19/ HTTP/1.1" 200 95
INFO 2026-01-19 14:49:32,240 django.server "GET /api/nutrition/daily-summary/2026-01-19/ HTTP/1.1" 200 95
INFO 2026-01-19 14:49:32,240 django.server "GET /api/nutrition/daily-summary/2026-01-19/ HTTP/1.1" 200 95
WARNING 2026-01-19 14:51:33,656 django.request Unauthorized: /api/auth/me/
WARNING 2026-01-19 14:51:33,656 django.request Unauthorized: /api/auth/me/
WARNING 2026-01-19 14:51:33,663 django.server "GET /api/auth/me/ HTTP/1.1" 401 37
WARNING 2026-01-19 14:51:33,663 django.server "GET /api/auth/me/ HTTP/1.1" 401 37
INFO 2026-01-19 14:51:33,792 django.server "POST /api/auth/refresh/ HTTP/1.1" 200 28
INFO 2026-01-19 14:51:33,792 django.server "POST /api/auth/refresh/ HTTP/1.1" 200 28
INFO 2026-01-19 14:51:34,200 django.server "GET /api/auth/me/ HTTP/1.1" 200 65
INFO 2026-01-19 14:51:34,200 django.server "GET /api/auth/me/ HTTP/1.1" 200 65
INFO 2026-01-19 14:51:34,486 django.server "GET /api/nutrition/daily-summary/2026-01-19/ HTTP/1.1" 200 95
INFO 2026-01-19 14:51:34,486 django.server "GET /api/nutrition/daily-summary/2026-01-19/ HTTP/1.1" 200 95
INFO 2026-01-19 14:51:34,531 django.server "GET /api/client/me/profile/ HTTP/1.1" 200 472
INFO 2026-01-19 14:51:34,531 django.server "GET /api/client/me/profile/ HTTP/1.1" 200 472
INFO 2026-01-19 14:51:34,593 django.server "GET /api/nutrition/daily-summary/2026-01-19/ HTTP/1.1" 200 95
INFO 2026-01-19 14:51:34,593 django.server "GET /api/nutrition/daily-summary/2026-01-19/ HTTP/1.1" 200 95
WARNING 2026-01-19 15:02:21,324 django.request Unauthorized: /api/auth/me/
WARNING 2026-01-19 15:02:21,324 django.request Unauthorized: /api/auth/me/
WARNING 2026-01-19 15:02:21,330 django.server "GET /api/auth/me/ HTTP/1.1" 401 37
WARNING 2026-01-19 15:02:21,330 django.server "GET /api/auth/me/ HTTP/1.1" 401 37
INFO 2026-01-19 15:02:21,439 django.server "POST /api/auth/refresh/ HTTP/1.1" 200 28
INFO 2026-01-19 15:02:21,439 django.server "POST /api/auth/refresh/ HTTP/1.1" 200 28
INFO 2026-01-19 15:02:21,707 django.server "GET /api/auth/me/ HTTP/1.1" 200 65
INFO 2026-01-19 15:02:21,707 django.server "GET /api/auth/me/ HTTP/1.1" 200 65
INFO 2026-01-19 15:02:22,116 django.server "GET /api/nutrition/daily-summary/2026-01-19/ HTTP/1.1" 200 95
INFO 2026-01-19 15:02:22,116 django.server "GET /api/nutrition/daily-summary/2026-01-19/ HTTP/1.1" 200 95
INFO 2026-01-19 15:02:22,278 django.server "GET /api/client/me/profile/ HTTP/1.1" 200 472
INFO 2026-01-19 15:02:22,278 django.server "GET /api/client/me/profile/ HTTP/1.1" 200 472
INFO 2026-01-19 15:02:22,289 django.server "GET /api/nutrition/daily-summary/2026-01-19/ HTTP/1.1" 200 95
INFO 2026-01-19 15:02:22,289 django.server "GET /api/nutrition/daily-summary/2026-01-19/ HTTP/1.1" 200 95
INFO 2026-01-19 15:03:50,471 django.server "GET /api/auth/me/ HTTP/1.1" 200 65
INFO 2026-01-19 15:03:50,471 django.server "GET /api/auth/me/ HTTP/1.1" 200 65
INFO 2026-01-19 15:03:50,924 django.server "GET /api/client/me/profile/ HTTP/1.1" 200 472
INFO 2026-01-19 15:03:50,924 django.server "GET /api/client/me/profile/ HTTP/1.1" 200 472
INFO 2026-01-19 15:03:50,953 django.server "GET /api/nutrition/daily-summary/2026-01-19/ HTTP/1.1" 200 95
INFO 2026-01-19 15:03:50,953 django.server "GET /api/nutrition/daily-summary/2026-01-19/ HTTP/1.1" 200 95
INFO 2026-01-19 15:03:51,032 django.server "GET /api/nutrition/daily-summary/2026-01-19/ HTTP/1.1" 200 95
INFO 2026-01-19 15:03:51,032 django.server "GET /api/nutrition/daily-summary/2026-01-19/ HTTP/1.1" 200 95
WARNING 2026-01-19 15:14:11,912 django.request Unauthorized: /api/nutrition/meal-entries/2026-01-19/
WARNING 2026-01-19 15:14:11,918 django.request Unauthorized: /api/nutrition/daily-summary/2026-01-19/
WARNING 2026-01-19 15:14:11,912 django.request Unauthorized: /api/nutrition/meal-entries/2026-01-19/
WARNING 2026-01-19 15:14:11,918 django.request Unauthorized: /api/nutrition/daily-summary/2026-01-19/
WARNING 2026-01-19 15:14:11,923 django.request Unauthorized: /api/client/me/profile/
WARNING 2026-01-19 15:14:11,923 django.request Unauthorized: /api/client/me/profile/
WARNING 2026-01-19 15:14:11,927 django.server "GET /api/nutrition/daily-summary/2026-01-19/ HTTP/1.1" 401 37
WARNING 2026-01-19 15:14:11,928 django.server "GET /api/nutrition/meal-entries/2026-01-19/ HTTP/1.1" 401 37
WARNING 2026-01-19 15:14:11,927 django.server "GET /api/nutrition/daily-summary/2026-01-19/ HTTP/1.1" 401 37
WARNING 2026-01-19 15:14:11,928 django.server "GET /api/nutrition/meal-entries/2026-01-19/ HTTP/1.1" 401 37
WARNING 2026-01-19 15:14:11,931 django.server "GET /api/client/me/profile/ HTTP/1.1" 401 37
WARNING 2026-01-19 15:14:11,931 django.server "GET /api/client/me/profile/ HTTP/1.1" 401 37
INFO 2026-01-19 15:14:12,052 django.server "POST /api/auth/refresh/ HTTP/1.1" 200 28
INFO 2026-01-19 15:14:12,052 django.server "POST /api/auth/refresh/ HTTP/1.1" 200 28
INFO 2026-01-19 15:14:12,497 django.server "GET /api/nutrition/daily-summary/2026-01-19/ HTTP/1.1" 200 95
INFO 2026-01-19 15:14:12,498 django.server "GET /api/nutrition/meal-entries/2026-01-19/ HTTP/1.1" 200 1098
INFO 2026-01-19 15:14:12,499 django.server "GET /api/client/me/profile/ HTTP/1.1" 200 472
INFO 2026-01-19 15:14:12,497 django.server "GET /api/nutrition/daily-summary/2026-01-19/ HTTP/1.1" 200 95
INFO 2026-01-19 15:14:12,498 django.server "GET /api/nutrition/meal-entries/2026-01-19/ HTTP/1.1" 200 1098
INFO 2026-01-19 15:14:12,499 django.server "GET /api/client/me/profile/ HTTP/1.1" 200 472
INFO 2026-01-19 15:14:16,993 django.server "GET /api/client/meal-allocations/ HTTP/1.1" 200 349
INFO 2026-01-19 15:14:16,993 django.server "GET /api/client/meal-allocations/ HTTP/1.1" 200 349
INFO 2026-01-19 15:15:18,047 django.server "OPTIONS /api/nutrition/meal-entries/ HTTP/1.1" 200 0
INFO 2026-01-19 15:15:18,047 django.server "OPTIONS /api/nutrition/meal-entries/ HTTP/1.1" 200 0
DEBUG 2026-01-19 15:15:18,623 urllib3.connectionpool Starting new HTTPS connection (1): api.edamam.com:443
DEBUG 2026-01-19 15:15:20,791 urllib3.connectionpool https://api.edamam.com:443 "POST /api/nutrition-details?app_id=e9506ce1&app_key=818534556d1d6a5e8d705614b79cb415 HTTP/1.1" 200 None
INFO 2026-01-19 15:15:20,917 django.server "POST /api/nutrition/meal-entries/ HTTP/1.1" 201 375
INFO 2026-01-19 15:15:20,917 django.server "POST /api/nutrition/meal-entries/ HTTP/1.1" 201 375
INFO 2026-01-19 15:15:21,064 django.server "GET /api/nutrition/meal-entries/2026-01-19/ HTTP/1.1" 200 1474
INFO 2026-01-19 15:15:21,064 django.server "GET /api/nutrition/meal-entries/2026-01-19/ HTTP/1.1" 200 1474
INFO 2026-01-19 15:15:21,191 django.server "GET /api/nutrition/daily-summary/2026-01-19/ HTTP/1.1" 200 107
INFO 2026-01-19 15:15:21,191 django.server "GET /api/nutrition/daily-summary/2026-01-19/ HTTP/1.1" 200 107
INFO 2026-01-19 15:16:03,021 django.server "GET /api/nutrition/daily-summary/2026-01-19/ HTTP/1.1" 200 107
INFO 2026-01-19 15:16:03,021 django.server "GET /api/nutrition/daily-summary/2026-01-19/ HTTP/1.1" 200 107
INFO 2026-01-19 15:16:03,108 django.server "GET /api/nutrition/daily-summary/2026-01-19/ HTTP/1.1" 200 107
INFO 2026-01-19 15:16:03,108 django.server "GET /api/nutrition/daily-summary/2026-01-19/ HTTP/1.1" 200 107
INFO 2026-01-19 15:16:08,881 django.server "GET /api/nutrition/daily-summary/2026-01-19/ HTTP/1.1" 200 107
INFO 2026-01-19 15:16:08,881 django.server "GET /api/nutrition/daily-summary/2026-01-19/ HTTP/1.1" 200 107
INFO 2026-01-19 15:16:08,991 django.server "GET /api/nutrition/daily-summary/2026-01-19/ HTTP/1.1" 200 107
INFO 2026-01-19 15:16:08,991 django.server "GET /api/nutrition/daily-summary/2026-01-19/ HTTP/1.1" 200 107
INFO 2026-01-19 15:18:01,717 django.server "GET /api/nutrition/daily-summary/2026-01-19/ HTTP/1.1" 200 107
INFO 2026-01-19 15:18:01,717 django.server "GET /api/nutrition/daily-summary/2026-01-19/ HTTP/1.1" 200 107
INFO 2026-01-19 15:18:01,784 django.server "GET /api/nutrition/daily-summary/2026-01-19/ HTTP/1.1" 200 107
INFO 2026-01-19 15:18:01,784 django.server "GET /api/nutrition/daily-summary/2026-01-19/ HTTP/1.1" 200 107
WARNING 2026-01-19 15:36:49,731 django.request Unauthorized: /api/auth/me/
WARNING 2026-01-19 15:36:49,731 django.request Unauthorized: /api/auth/me/
WARNING 2026-01-19 15:36:49,741 django.server "GET /api/auth/me/ HTTP/1.1" 401 28
WARNING 2026-01-19 15:36:49,741 django.server "GET /api/auth/me/ HTTP/1.1" 401 28
INFO 2026-01-19 15:36:50,011 django.server "POST /api/auth/refresh/ HTTP/1.1" 200 28
INFO 2026-01-19 15:36:50,011 django.server "POST /api/auth/refresh/ HTTP/1.1" 200 28
INFO 2026-01-19 15:36:50,288 django.server "GET /api/auth/me/ HTTP/1.1" 200 65
INFO 2026-01-19 15:36:50,288 django.server "GET /api/auth/me/ HTTP/1.1" 200 65
INFO 2026-01-19 15:36:50,559 django.server "GET /api/nutrition/daily-summary/2026-01-19/ HTTP/1.1" 200 107
INFO 2026-01-19 15:36:50,559 django.server "GET /api/nutrition/daily-summary/2026-01-19/ HTTP/1.1" 200 107
INFO 2026-01-19 15:36:50,566 django.server "GET /api/client/me/profile/ HTTP/1.1" 200 472
INFO 2026-01-19 15:36:50,566 django.server "GET /api/client/me/profile/ HTTP/1.1" 200 472
INFO 2026-01-19 15:36:50,636 django.server "GET /api/nutrition/daily-summary/2026-01-19/ HTTP/1.1" 200 107
INFO 2026-01-19 15:36:50,636 django.server "GET /api/nutrition/daily-summary/2026-01-19/ HTTP/1.1" 200 107
INFO 2026-01-19 15:36:52,772 django.server "GET /api/nutrition/daily-summary/2026-01-19/ HTTP/1.1" 200 107
INFO 2026-01-19 15:36:52,773 django.server "GET /api/nutrition/meal-entries/2026-01-19/ HTTP/1.1" 200 1474
INFO 2026-01-19 15:36:52,772 django.server "GET /api/nutrition/daily-summary/2026-01-19/ HTTP/1.1" 200 107
INFO 2026-01-19 15:36:52,773 django.server "GET /api/nutrition/meal-entries/2026-01-19/ HTTP/1.1" 200 1474
INFO 2026-01-19 15:36:54,079 django.server "GET /api/nutrition/daily-summary/2026-01-19/ HTTP/1.1" 200 107
INFO 2026-01-19 15:36:54,079 django.server "GET /api/nutrition/daily-summary/2026-01-19/ HTTP/1.1" 200 107
INFO 2026-01-19 15:36:54,161 django.server "GET /api/nutrition/daily-summary/2026-01-19/ HTTP/1.1" 200 107
INFO 2026-01-19 15:36:54,161 django.server "GET /api/nutrition/daily-summary/2026-01-19/ HTTP/1.1" 200 107
INFO 2026-01-19 15:38:02,444 django.server "GET /api/nutrition/daily-summary/2026-01-19/ HTTP/1.1" 200 107
INFO 2026-01-19 15:38:02,444 django.server "GET /api/nutrition/daily-summary/2026-01-19/ HTTP/1.1" 200 107
INFO 2026-01-19 15:38:02,516 django.server "GET /api/nutrition/daily-summary/2026-01-19/ HTTP/1.1" 200 107
INFO 2026-01-19 15:38:02,516 django.server "GET /api/nutrition/daily-summary/2026-01-19/ HTTP/1.1" 200 107
INFO 2026-01-19 15:39:53,016 django.server "GET /api/nutrition/daily-summary/2026-01-19/ HTTP/1.1" 200 107
INFO 2026-01-19 15:39:53,016 django.server "GET /api/nutrition/daily-summary/2026-01-19/ HTTP/1.1" 200 107
INFO 2026-01-19 15:39:53,100 django.server "GET /api/nutrition/daily-summary/2026-01-19/ HTTP/1.1" 200 107
INFO 2026-01-19 15:39:53,100 django.server "GET /api/nutrition/daily-summary/2026-01-19/ HTTP/1.1" 200 107
WARNING 2026-01-19 18:18:43,779 django.request Unauthorized: /api/auth/me/
WARNING 2026-01-19 18:18:43,779 django.request Unauthorized: /api/auth/me/
WARNING 2026-01-19 18:18:43,792 django.server "GET /api/auth/me/ HTTP/1.1" 401 28
WARNING 2026-01-19 18:18:43,792 django.server "GET /api/auth/me/ HTTP/1.1" 401 28
INFO 2026-01-19 18:18:44,220 django.server "POST /api/auth/refresh/ HTTP/1.1" 200 28
INFO 2026-01-19 18:18:44,220 django.server "POST /api/auth/refresh/ HTTP/1.1" 200 28
INFO 2026-01-19 18:18:44,603 django.server "GET /api/auth/me/ HTTP/1.1" 200 65
INFO 2026-01-19 18:18:44,603 django.server "GET /api/auth/me/ HTTP/1.1" 200 65
INFO 2026-01-19 18:18:45,267 django.server "GET /api/nutrition/meal-entries/2026-01-19/ HTTP/1.1" 200 1474
INFO 2026-01-19 18:18:45,267 django.server "GET /api/nutrition/meal-entries/2026-01-19/ HTTP/1.1" 200 1474
INFO 2026-01-19 18:18:45,341 django.server "GET /api/client/me/profile/ HTTP/1.1" 200 472
INFO 2026-01-19 18:18:45,341 django.server "GET /api/nutrition/daily-summary/2026-01-19/ HTTP/1.1" 200 107
INFO 2026-01-19 18:18:45,341 django.server "GET /api/client/me/profile/ HTTP/1.1" 200 472
INFO 2026-01-19 18:18:45,341 django.server "GET /api/nutrition/daily-summary/2026-01-19/ HTTP/1.1" 200 107
WARNING 2026-01-19 18:32:46,152 django.request Unauthorized: /api/client/me/profile/
WARNING 2026-01-19 18:32:46,156 django.request Unauthorized: /api/nutrition/daily-summary/2026-01-19/
WARNING 2026-01-19 18:32:46,152 django.request Unauthorized: /api/client/me/profile/
WARNING 2026-01-19 18:32:46,156 django.request Unauthorized: /api/nutrition/daily-summary/2026-01-19/
WARNING 2026-01-19 18:32:46,160 django.server "GET /api/nutrition/daily-summary/2026-01-19/ HTTP/1.1" 401 37
WARNING 2026-01-19 18:32:46,161 django.server "GET /api/client/me/profile/ HTTP/1.1" 401 37
WARNING 2026-01-19 18:32:46,160 django.server "GET /api/nutrition/daily-summary/2026-01-19/ HTTP/1.1" 401 37
WARNING 2026-01-19 18:32:46,161 django.server "GET /api/client/me/profile/ HTTP/1.1" 401 37
WARNING 2026-01-19 18:32:46,163 django.request Unauthorized: /api/nutrition/daily-summary/2026-01-19/
WARNING 2026-01-19 18:32:46,163 django.request Unauthorized: /api/nutrition/daily-summary/2026-01-19/
WARNING 2026-01-19 18:32:46,164 django.server "GET /api/nutrition/daily-summary/2026-01-19/ HTTP/1.1" 401 37
WARNING 2026-01-19 18:32:46,164 django.server "GET /api/nutrition/daily-summary/2026-01-19/ HTTP/1.1" 401 37
INFO 2026-01-19 18:32:46,311 django.server "POST /api/auth/refresh/ HTTP/1.1" 200 28
INFO 2026-01-19 18:32:46,311 django.server "POST /api/auth/refresh/ HTTP/1.1" 200 28
INFO 2026-01-19 18:32:46,559 django.server "GET /api/nutrition/daily-summary/2026-01-19/ HTTP/1.1" 200 107
INFO 2026-01-19 18:32:46,559 django.server "GET /api/nutrition/daily-summary/2026-01-19/ HTTP/1.1" 200 107
INFO 2026-01-19 18:32:46,591 django.server "GET /api/client/me/profile/ HTTP/1.1" 200 472
INFO 2026-01-19 18:32:46,591 django.server "GET /api/client/me/profile/ HTTP/1.1" 200 472
INFO 2026-01-19 18:32:46,649 django.server "GET /api/nutrition/daily-summary/2026-01-19/ HTTP/1.1" 200 107
INFO 2026-01-19 18:32:46,649 django.server "GET /api/nutrition/daily-summary/2026-01-19/ HTTP/1.1" 200 107
INFO 2026-01-19 18:33:18,383 django.server "GET /api/nutrition/meal-entries/2026-01-19/ HTTP/1.1" 200 1474
INFO 2026-01-19 18:33:18,383 django.server "GET /api/nutrition/daily-summary/2026-01-19/ HTTP/1.1" 200 107
INFO 2026-01-19 18:33:18,383 django.server "GET /api/nutrition/meal-entries/2026-01-19/ HTTP/1.1" 200 1474
INFO 2026-01-19 18:33:18,383 django.server "GET /api/nutrition/daily-summary/2026-01-19/ HTTP/1.1" 200 107
INFO 2026-01-19 18:35:34,148 django.server "GET /api/auth/me/ HTTP/1.1" 200 65
INFO 2026-01-19 18:35:34,148 django.server "GET /api/auth/me/ HTTP/1.1" 200 65
INFO 2026-01-19 18:35:34,370 django.server "GET /api/nutrition/daily-summary/2026-01-19/ HTTP/1.1" 200 107
INFO 2026-01-19 18:35:34,370 django.server "GET /api/nutrition/meal-entries/2026-01-19/ HTTP/1.1" 200 1474
INFO 2026-01-19 18:35:34,370 django.server "GET /api/nutrition/daily-summary/2026-01-19/ HTTP/1.1" 200 107
INFO 2026-01-19 18:35:34,370 django.server "GET /api/nutrition/meal-entries/2026-01-19/ HTTP/1.1" 200 1474
INFO 2026-01-19 18:35:34,467 django.server "GET /api/client/me/profile/ HTTP/1.1" 200 472
INFO 2026-01-19 18:35:34,467 django.server "GET /api/client/me/profile/ HTTP/1.1" 200 472
INFO 2026-01-19 18:35:54,914 django.server "GET /api/nutrition/daily-summary/2026-01-19/ HTTP/1.1" 200 107
INFO 2026-01-19 18:35:54,914 django.server "GET /api/nutrition/daily-summary/2026-01-19/ HTTP/1.1" 200 107
INFO 2026-01-19 18:35:55,022 django.server "GET /api/nutrition/daily-summary/2026-01-19/ HTTP/1.1" 200 107
INFO 2026-01-19 18:35:55,022 django.server "GET /api/nutrition/daily-summary/2026-01-19/ HTTP/1.1" 200 107
INFO 2026-01-19 18:36:46,651 django.server "GET /api/nutrition/daily-summary/2026-01-19/ HTTP/1.1" 200 107
INFO 2026-01-19 18:36:46,651 django.server "GET /api/nutrition/daily-summary/2026-01-19/ HTTP/1.1" 200 107
INFO 2026-01-19 18:36:46,762 django.server "GET /api/nutrition/daily-summary/2026-01-19/ HTTP/1.1" 200 107
INFO 2026-01-19 18:36:46,762 django.server "GET /api/nutrition/daily-summary/2026-01-19/ HTTP/1.1" 200 107
WARNING 2026-01-19 18:40:36,128 django.request Unauthorized: /api/client/me/profile/
WARNING 2026-01-19 18:40:36,128 django.request Unauthorized: /api/client/me/profile/
WARNING 2026-01-19 18:40:36,137 django.server "GET /api/client/me/profile/ HTTP/1.1" 401 37
WARNING 2026-01-19 18:40:36,137 django.server "GET /api/client/me/profile/ HTTP/1.1" 401 37
INFO 2026-01-19 18:40:36,269 django.server "POST /api/auth/refresh/ HTTP/1.1" 200 28
INFO 2026-01-19 18:40:36,269 django.server "POST /api/auth/refresh/ HTTP/1.1" 200 28
INFO 2026-01-19 18:40:36,578 django.server "GET /api/client/me/profile/ HTTP/1.1" 200 472
INFO 2026-01-19 18:40:36,578 django.server "GET /api/client/me/profile/ HTTP/1.1" 200 472
INFO 2026-01-19 18:41:14,752 django.server "GET /api/nutrition/daily-summary/2026-01-19/ HTTP/1.1" 200 107
INFO 2026-01-19 18:41:14,752 django.server "GET /api/nutrition/meal-entries/2026-01-19/ HTTP/1.1" 200 1474
INFO 2026-01-19 18:41:14,752 django.server "GET /api/nutrition/daily-summary/2026-01-19/ HTTP/1.1" 200 107
INFO 2026-01-19 18:41:14,752 django.server "GET /api/nutrition/meal-entries/2026-01-19/ HTTP/1.1" 200 1474
INFO 2026-01-19 18:41:16,594 django.server "GET /api/nutrition/daily-summary/2026-01-19/ HTTP/1.1" 200 107
INFO 2026-01-19 18:41:16,594 django.server "GET /api/nutrition/daily-summary/2026-01-19/ HTTP/1.1" 200 107
INFO 2026-01-19 18:41:16,704 django.server "GET /api/nutrition/daily-summary/2026-01-19/ HTTP/1.1" 200 107
INFO 2026-01-19 18:41:16,704 django.server "GET /api/nutrition/daily-summary/2026-01-19/ HTTP/1.1" 200 107
INFO 2026-01-19 18:41:21,299 django.server "GET /api/nutrition/daily-summary/2026-01-19/ HTTP/1.1" 200 107
INFO 2026-01-19 18:41:21,299 django.server "GET /api/nutrition/daily-summary/2026-01-19/ HTTP/1.1" 200 107
INFO 2026-01-19 18:41:21,384 django.server "GET /api/nutrition/daily-summary/2026-01-19/ HTTP/1.1" 200 107
INFO 2026-01-19 18:41:21,384 django.server "GET /api/nutrition/daily-summary/2026-01-19/ HTTP/1.1" 200 107
INFO 2026-01-19 18:41:26,284 django.server "GET /api/nutrition/daily-summary/2026-01-19/ HTTP/1.1" 200 107
INFO 2026-01-19 18:41:26,284 django.server "GET /api/nutrition/daily-summary/2026-01-19/ HTTP/1.1" 200 107
INFO 2026-01-19 18:41:26,378 django.server "GET /api/nutrition/daily-summary/2026-01-19/ HTTP/1.1" 200 107
INFO 2026-01-19 18:41:26,378 django.server "GET /api/nutrition/daily-summary/2026-01-19/ HTTP/1.1" 200 107
INFO 2026-01-19 18:41:46,592 django.server "GET /api/nutrition/daily-summary/2026-01-19/ HTTP/1.1" 200 107
INFO 2026-01-19 18:41:46,592 django.server "GET /api/nutrition/daily-summary/2026-01-19/ HTTP/1.1" 200 107
INFO 2026-01-19 18:41:46,686 django.server "GET /api/nutrition/daily-summary/2026-01-19/ HTTP/1.1" 200 107
INFO 2026-01-19 18:41:46,686 django.server "GET /api/nutrition/daily-summary/2026-01-19/ HTTP/1.1" 200 107
INFO 2026-01-19 18:41:51,358 django.server "GET /api/nutrition/daily-summary/2026-01-19/ HTTP/1.1" 200 107
INFO 2026-01-19 18:41:51,358 django.server "GET /api/nutrition/daily-summary/2026-01-19/ HTTP/1.1" 200 107
INFO 2026-01-19 18:41:51,491 django.server "GET /api/nutrition/daily-summary/2026-01-19/ HTTP/1.1" 200 107
INFO 2026-01-19 18:41:51,491 django.server "GET /api/nutrition/daily-summary/2026-01-19/ HTTP/1.1" 200 107
INFO 2026-01-19 18:41:53,554 django.server "GET /api/nutrition/daily-summary/2026-01-19/ HTTP/1.1" 200 107
INFO 2026-01-19 18:41:53,554 django.server "GET /api/nutrition/daily-summary/2026-01-19/ HTTP/1.1" 200 107
INFO 2026-01-19 18:41:53,691 django.server "GET /api/nutrition/daily-summary/2026-01-19/ HTTP/1.1" 200 107
INFO 2026-01-19 18:41:53,691 django.server "GET /api/nutrition/daily-summary/2026-01-19/ HTTP/1.1" 200 107
INFO 2026-01-19 18:43:53,266 django.server "GET /api/nutrition/daily-summary/2026-01-19/ HTTP/1.1" 200 107
INFO 2026-01-19 18:43:53,266 django.server "GET /api/nutrition/daily-summary/2026-01-19/ HTTP/1.1" 200 107
INFO 2026-01-19 18:43:53,378 django.server "GET /api/nutrition/daily-summary/2026-01-19/ HTTP/1.1" 200 107
INFO 2026-01-19 18:43:53,378 django.server "GET /api/nutrition/daily-summary/2026-01-19/ HTTP/1.1" 200 107
INFO 2026-01-19 18:45:09,923 django.server "GET /api/nutrition/daily-summary/2026-01-19/ HTTP/1.1" 200 107
INFO 2026-01-19 18:45:09,923 django.server "GET /api/nutrition/daily-summary/2026-01-19/ HTTP/1.1" 200 107
INFO 2026-01-19 18:45:10,015 django.server "GET /api/nutrition/daily-summary/2026-01-19/ HTTP/1.1" 200 107
INFO 2026-01-19 18:45:10,015 django.server "GET /api/nutrition/daily-summary/2026-01-19/ HTTP/1.1" 200 107
WARNING 2026-01-19 18:54:56,361 django.request Unauthorized: /api/nutrition/daily-summary/2026-01-19/
WARNING 2026-01-19 18:54:56,367 django.request Unauthorized: /api/client/me/profile/
WARNING 2026-01-19 18:54:56,361 django.request Unauthorized: /api/nutrition/daily-summary/2026-01-19/
WARNING 2026-01-19 18:54:56,372 django.request Unauthorized: /api/nutrition/meal-entries/2026-01-19/
WARNING 2026-01-19 18:54:56,367 django.request Unauthorized: /api/client/me/profile/
WARNING 2026-01-19 18:54:56,372 django.request Unauthorized: /api/nutrition/meal-entries/2026-01-19/
WARNING 2026-01-19 18:54:56,375 django.server "GET /api/nutrition/daily-summary/2026-01-19/ HTTP/1.1" 401 37
WARNING 2026-01-19 18:54:56,378 django.server "GET /api/client/me/profile/ HTTP/1.1" 401 37
WARNING 2026-01-19 18:54:56,379 django.server "GET /api/nutrition/meal-entries/2026-01-19/ HTTP/1.1" 401 37
WARNING 2026-01-19 18:54:56,375 django.server "GET /api/nutrition/daily-summary/2026-01-19/ HTTP/1.1" 401 37
WARNING 2026-01-19 18:54:56,378 django.server "GET /api/client/me/profile/ HTTP/1.1" 401 37
WARNING 2026-01-19 18:54:56,379 django.server "GET /api/nutrition/meal-entries/2026-01-19/ HTTP/1.1" 401 37
INFO 2026-01-19 18:54:56,484 django.server "POST /api/auth/refresh/ HTTP/1.1" 200 28
INFO 2026-01-19 18:54:56,484 django.server "POST /api/auth/refresh/ HTTP/1.1" 200 28
INFO 2026-01-19 18:54:56,810 django.server "GET /api/client/me/profile/ HTTP/1.1" 200 472
INFO 2026-01-19 18:54:56,810 django.server "GET /api/nutrition/meal-entries/2026-01-19/ HTTP/1.1" 200 1474
INFO 2026-01-19 18:54:56,810 django.server "GET /api/nutrition/daily-summary/2026-01-19/ HTTP/1.1" 200 107
INFO 2026-01-19 18:54:56,810 django.server "GET /api/client/me/profile/ HTTP/1.1" 200 472
INFO 2026-01-19 18:54:56,810 django.server "GET /api/nutrition/meal-entries/2026-01-19/ HTTP/1.1" 200 1474
INFO 2026-01-19 18:54:56,810 django.server "GET /api/nutrition/daily-summary/2026-01-19/ HTTP/1.1" 200 107
INFO 2026-01-19 18:55:02,980 django.server "GET /api/nutrition/daily-summary/2026-01-19/ HTTP/1.1" 200 107
INFO 2026-01-19 18:55:02,980 django.server "GET /api/nutrition/daily-summary/2026-01-19/ HTTP/1.1" 200 107
INFO 2026-01-19 18:55:03,082 django.server "GET /api/nutrition/daily-summary/2026-01-19/ HTTP/1.1" 200 107
INFO 2026-01-19 18:55:03,082 django.server "GET /api/nutrition/daily-summary/2026-01-19/ HTTP/1.1" 200 107
INFO 2026-01-19 18:55:09,342 django.server "GET /api/nutrition/daily-summary/2026-01-19/ HTTP/1.1" 200 107
INFO 2026-01-19 18:55:09,342 django.server "GET /api/nutrition/daily-summary/2026-01-19/ HTTP/1.1" 200 107
INFO 2026-01-19 18:55:09,449 django.server "GET /api/nutrition/daily-summary/2026-01-19/ HTTP/1.1" 200 107
INFO 2026-01-19 18:55:09,449 django.server "GET /api/nutrition/daily-summary/2026-01-19/ HTTP/1.1" 200 107
INFO 2026-01-19 18:55:53,743 django.server "GET /api/nutrition/daily-summary/2026-01-19/ HTTP/1.1" 200 107
INFO 2026-01-19 18:55:53,743 django.server "GET /api/nutrition/daily-summary/2026-01-19/ HTTP/1.1" 200 107
INFO 2026-01-19 18:55:53,839 django.server "GET /api/nutrition/daily-summary/2026-01-19/ HTTP/1.1" 200 107
INFO 2026-01-19 18:55:53,839 django.server "GET /api/nutrition/daily-summary/2026-01-19/ HTTP/1.1" 200 107
INFO 2026-01-19 18:55:59,318 django.server "GET /api/nutrition/daily-summary/2026-01-19/ HTTP/1.1" 200 107
INFO 2026-01-19 18:55:59,318 django.server "GET /api/nutrition/daily-summary/2026-01-19/ HTTP/1.1" 200 107
INFO 2026-01-19 18:55:59,768 django.server "GET /api/nutrition/daily-summary/2026-01-19/ HTTP/1.1" 200 107
INFO 2026-01-19 18:55:59,768 django.server "GET /api/nutrition/daily-summary/2026-01-19/ HTTP/1.1" 200 107
INFO 2026-01-19 18:56:01,440 django.server "GET /api/nutrition/daily-summary/2026-01-19/ HTTP/1.1" 200 107
INFO 2026-01-19 18:56:01,440 django.server "GET /api/nutrition/daily-summary/2026-01-19/ HTTP/1.1" 200 107
INFO 2026-01-19 18:56:01,555 django.server "GET /api/nutrition/daily-summary/2026-01-19/ HTTP/1.1" 200 107
INFO 2026-01-19 18:56:01,555 django.server "GET /api/nutrition/daily-summary/2026-01-19/ HTTP/1.1" 200 107
INFO 2026-01-19 18:56:03,582 django.server "GET /api/nutrition/daily-summary/2026-01-19/ HTTP/1.1" 200 107
INFO 2026-01-19 18:56:03,582 django.server "GET /api/nutrition/daily-summary/2026-01-19/ HTTP/1.1" 200 107
INFO 2026-01-19 18:56:03,689 django.server "GET /api/nutrition/daily-summary/2026-01-19/ HTTP/1.1" 200 107
INFO 2026-01-19 18:56:03,689 django.server "GET /api/nutrition/daily-summary/2026-01-19/ HTTP/1.1" 200 107
INFO 2026-01-19 18:56:05,130 django.server "GET /api/nutrition/daily-summary/2026-01-19/ HTTP/1.1" 200 107
INFO 2026-01-19 18:56:05,130 django.server "GET /api/nutrition/daily-summary/2026-01-19/ HTTP/1.1" 200 107
INFO 2026-01-19 18:56:05,373 django.server "GET /api/nutrition/daily-summary/2026-01-19/ HTTP/1.1" 200 107
INFO 2026-01-19 18:56:05,373 django.server "GET /api/nutrition/daily-summary/2026-01-19/ HTTP/1.1" 200 107
WARNING 2026-01-19 19:04:27,335 django.request Unauthorized: /api/nutrition/daily-summary/2026-01-19/
WARNING 2026-01-19 19:04:27,344 django.request Unauthorized: /api/nutrition/meal-entries/2026-01-19/
WARNING 2026-01-19 19:04:27,345 django.request Unauthorized: /api/client/me/profile/
WARNING 2026-01-19 19:04:27,335 django.request Unauthorized: /api/nutrition/daily-summary/2026-01-19/
WARNING 2026-01-19 19:04:27,344 django.request Unauthorized: /api/nutrition/meal-entries/2026-01-19/
WARNING 2026-01-19 19:04:27,345 django.request Unauthorized: /api/client/me/profile/
WARNING 2026-01-19 19:04:27,365 django.server "GET /api/nutrition/daily-summary/2026-01-19/ HTTP/1.1" 401 37
WARNING 2026-01-19 19:04:27,367 django.server "GET /api/client/me/profile/ HTTP/1.1" 401 37
WARNING 2026-01-19 19:04:27,367 django.server "GET /api/nutrition/meal-entries/2026-01-19/ HTTP/1.1" 401 37
WARNING 2026-01-19 19:04:27,365 django.server "GET /api/nutrition/daily-summary/2026-01-19/ HTTP/1.1" 401 37
WARNING 2026-01-19 19:04:27,367 django.server "GET /api/client/me/profile/ HTTP/1.1" 401 37
WARNING 2026-01-19 19:04:27,367 django.server "GET /api/nutrition/meal-entries/2026-01-19/ HTTP/1.1" 401 37
INFO 2026-01-19 19:04:27,498 django.server "POST /api/auth/refresh/ HTTP/1.1" 200 28
INFO 2026-01-19 19:04:27,498 django.server "POST /api/auth/refresh/ HTTP/1.1" 200 28
INFO 2026-01-19 19:04:27,901 django.server "GET /api/nutrition/daily-summary/2026-01-19/ HTTP/1.1" 200 107
INFO 2026-01-19 19:04:27,901 django.server "GET /api/nutrition/meal-entries/2026-01-19/ HTTP/1.1" 200 1474
INFO 2026-01-19 19:04:27,901 django.server "GET /api/nutrition/daily-summary/2026-01-19/ HTTP/1.1" 200 107
INFO 2026-01-19 19:04:27,901 django.server "GET /api/client/me/profile/ HTTP/1.1" 200 472
INFO 2026-01-19 19:04:27,901 django.server "GET /api/nutrition/meal-entries/2026-01-19/ HTTP/1.1" 200 1474
INFO 2026-01-19 19:04:27,901 django.server "GET /api/client/me/profile/ HTTP/1.1" 200 472
INFO 2026-01-19 19:04:31,247 django.server "GET /api/nutrition/daily-summary/2026-01-19/ HTTP/1.1" 200 107
INFO 2026-01-19 19:04:31,247 django.server "GET /api/nutrition/daily-summary/2026-01-19/ HTTP/1.1" 200 107
INFO 2026-01-19 19:04:31,379 django.server "GET /api/nutrition/daily-summary/2026-01-19/ HTTP/1.1" 200 107
INFO 2026-01-19 19:04:31,379 django.server "GET /api/nutrition/daily-summary/2026-01-19/ HTTP/1.1" 200 107
INFO 2026-01-19 19:05:22,722 django.server "GET /api/auth/me/ HTTP/1.1" 200 65
INFO 2026-01-19 19:05:22,722 django.server "GET /api/auth/me/ HTTP/1.1" 200 65
INFO 2026-01-19 19:05:23,043 django.server "GET /api/client/me/profile/ HTTP/1.1" 200 472
INFO 2026-01-19 19:05:23,043 django.server "GET /api/client/me/profile/ HTTP/1.1" 200 472
INFO 2026-01-19 19:05:23,202 django.server "GET /api/nutrition/daily-summary/2026-01-19/ HTTP/1.1" 200 107
INFO 2026-01-19 19:05:23,202 django.server "GET /api/nutrition/daily-summary/2026-01-19/ HTTP/1.1" 200 107
INFO 2026-01-19 19:05:23,935 django.server "GET /api/nutrition/daily-summary/2026-01-19/ HTTP/1.1" 200 107
INFO 2026-01-19 19:05:23,935 django.server "GET /api/nutrition/daily-summary/2026-01-19/ HTTP/1.1" 200 107
INFO 2026-01-19 19:06:11,920 django.server "GET /api/nutrition/daily-summary/2026-01-19/ HTTP/1.1" 200 107
INFO 2026-01-19 19:06:11,920 django.server "GET /api/nutrition/daily-summary/2026-01-19/ HTTP/1.1" 200 107
INFO 2026-01-19 19:06:12,036 django.server "GET /api/nutrition/meal-entries/2026-01-19/ HTTP/1.1" 200 1474
INFO 2026-01-19 19:06:12,036 django.server "GET /api/nutrition/meal-entries/2026-01-19/ HTTP/1.1" 200 1474
INFO 2026-01-19 19:06:23,331 django.server "GET /api/nutrition/daily-summary/2026-01-19/ HTTP/1.1" 200 107
INFO 2026-01-19 19:06:23,331 django.server "GET /api/nutrition/daily-summary/2026-01-19/ HTTP/1.1" 200 107
INFO 2026-01-19 19:06:23,435 django.server "GET /api/nutrition/daily-summary/2026-01-19/ HTTP/1.1" 200 107
INFO 2026-01-19 19:06:23,435 django.server "GET /api/nutrition/daily-summary/2026-01-19/ HTTP/1.1" 200 107
INFO 2026-01-19 19:06:27,815 django.server "GET /api/client/meal-allocations/ HTTP/1.1" 200 349
INFO 2026-01-19 19:06:27,815 django.server "GET /api/client/meal-allocations/ HTTP/1.1" 200 349
WARNING 2026-01-19 19:11:32,118 django.request Unauthorized: /api/nutrition/meal-entries/2026-01-19/
WARNING 2026-01-19 19:11:32,126 django.request Unauthorized: /api/client/me/profile/
WARNING 2026-01-19 19:11:32,118 django.request Unauthorized: /api/nutrition/meal-entries/2026-01-19/
WARNING 2026-01-19 19:11:32,126 django.request Unauthorized: /api/client/me/profile/
WARNING 2026-01-19 19:11:32,165 django.server "GET /api/nutrition/meal-entries/2026-01-19/ HTTP/1.1" 401 37
WARNING 2026-01-19 19:11:32,166 django.server "GET /api/client/me/profile/ HTTP/1.1" 401 37
WARNING 2026-01-19 19:11:32,166 django.server "GET /api/client/me/profile/ HTTP/1.1" 401 37
WARNING 2026-01-19 19:11:32,165 django.server "GET /api/nutrition/meal-entries/2026-01-19/ HTTP/1.1" 401 37
WARNING 2026-01-19 19:11:32,137 django.request Unauthorized: /api/nutrition/daily-summary/2026-01-19/
WARNING 2026-01-19 19:11:32,137 django.request Unauthorized: /api/nutrition/daily-summary/2026-01-19/
WARNING 2026-01-19 19:11:32,193 django.server "GET /api/nutrition/daily-summary/2026-01-19/ HTTP/1.1" 401 37
WARNING 2026-01-19 19:11:32,190 django.request Unauthorized: /api/client/meal-allocations/
WARNING 2026-01-19 19:11:32,190 django.request Unauthorized: /api/client/meal-allocations/
WARNING 2026-01-19 19:11:32,193 django.server "GET /api/nutrition/daily-summary/2026-01-19/ HTTP/1.1" 401 37
WARNING 2026-01-19 19:11:32,221 django.server "GET /api/client/meal-allocations/ HTTP/1.1" 401 37
WARNING 2026-01-19 19:11:32,221 django.server "GET /api/client/meal-allocations/ HTTP/1.1" 401 37
INFO 2026-01-19 19:11:32,357 django.server "POST /api/auth/refresh/ HTTP/1.1" 200 28
INFO 2026-01-19 19:11:32,357 django.server "POST /api/auth/refresh/ HTTP/1.1" 200 28
INFO 2026-01-19 19:11:32,911 django.server "GET /api/nutrition/meal-entries/2026-01-19/ HTTP/1.1" 200 1474
INFO 2026-01-19 19:11:32,911 django.server "GET /api/nutrition/daily-summary/2026-01-19/ HTTP/1.1" 200 107
INFO 2026-01-19 19:11:32,912 django.server "GET /api/client/me/profile/ HTTP/1.1" 200 472
INFO 2026-01-19 19:11:32,912 django.server "GET /api/client/meal-allocations/ HTTP/1.1" 200 349
INFO 2026-01-19 19:11:32,911 django.server "GET /api/nutrition/meal-entries/2026-01-19/ HTTP/1.1" 200 1474
INFO 2026-01-19 19:11:32,911 django.server "GET /api/nutrition/daily-summary/2026-01-19/ HTTP/1.1" 200 107
INFO 2026-01-19 19:11:32,912 django.server "GET /api/client/me/profile/ HTTP/1.1" 200 472
INFO 2026-01-19 19:11:32,912 django.server "GET /api/client/meal-allocations/ HTTP/1.1" 200 349
INFO 2026-01-19 19:12:01,305 django.server "GET /api/nutrition/daily-summary/2026-01-19/ HTTP/1.1" 200 107
INFO 2026-01-19 19:12:01,305 django.server "GET /api/nutrition/daily-summary/2026-01-19/ HTTP/1.1" 200 107
INFO 2026-01-19 19:12:01,436 django.server "GET /api/nutrition/daily-summary/2026-01-19/ HTTP/1.1" 200 107
INFO 2026-01-19 19:12:01,436 django.server "GET /api/nutrition/daily-summary/2026-01-19/ HTTP/1.1" 200 107
INFO 2026-01-19 19:12:03,664 django.server "GET /api/nutrition/daily-summary/2026-01-19/ HTTP/1.1" 200 107
INFO 2026-01-19 19:12:03,664 django.server "GET /api/nutrition/daily-summary/2026-01-19/ HTTP/1.1" 200 107
INFO 2026-01-19 19:12:03,778 django.server "GET /api/nutrition/daily-summary/2026-01-19/ HTTP/1.1" 200 107
INFO 2026-01-19 19:12:03,778 django.server "GET /api/nutrition/daily-summary/2026-01-19/ HTTP/1.1" 200 107
INFO 2026-01-19 19:12:12,983 django.server "GET /api/nutrition/daily-summary/2026-01-19/ HTTP/1.1" 200 107
INFO 2026-01-19 19:12:12,983 django.server "GET /api/nutrition/daily-summary/2026-01-19/ HTTP/1.1" 200 107
INFO 2026-01-19 19:12:13,096 django.server "GET /api/nutrition/daily-summary/2026-01-19/ HTTP/1.1" 200 107
INFO 2026-01-19 19:12:13,096 django.server "GET /api/nutrition/daily-summary/2026-01-19/ HTTP/1.1" 200 107
INFO 2026-01-19 19:12:22,663 django.server "GET /api/nutrition/daily-summary/2026-01-19/ HTTP/1.1" 200 107
INFO 2026-01-19 19:12:22,663 django.server "GET /api/nutrition/daily-summary/2026-01-19/ HTTP/1.1" 200 107
INFO 2026-01-19 19:12:22,772 django.server "GET /api/nutrition/daily-summary/2026-01-19/ HTTP/1.1" 200 107
INFO 2026-01-19 19:12:22,772 django.server "GET /api/nutrition/daily-summary/2026-01-19/ HTTP/1.1" 200 107
ERROR 2026-01-19 20:50:44,319 django.request Internal Server Error: /api/client/me/profile/
Traceback (most recent call last):
  File "C:\Users\SHAHEEM\OneDrive\Desktop\IMPORTANT\BRO\WEEK24\KAAIZEN\Backend\env\Lib\site-packages\django\db\models\fields\__init__.py", line 2766, in to_python
    return uuid.UUID(**{input_form: value})
           ^^^^^^^^^^^^^^^^^^^^^^^^^^^^^^^^
  File "C:\Users\SHAHEEM\AppData\Local\Programs\Python\Python312\Lib\uuid.py", line 175, in __init__
    hex = hex.replace('urn:', '').replace('uuid:', '')
          ^^^^^^^^^^^
AttributeError: 'AnonymousUser' object has no attribute 'replace'

During handling of the above exception, another exception occurred:

Traceback (most recent call last):
  File "C:\Users\SHAHEEM\OneDrive\Desktop\IMPORTANT\BRO\WEEK24\KAAIZEN\Backend\env\Lib\site-packages\django\core\handlers\exception.py", line 55, in inner
    response = get_response(request)
               ^^^^^^^^^^^^^^^^^^^^^
  File "C:\Users\SHAHEEM\OneDrive\Desktop\IMPORTANT\BRO\WEEK24\KAAIZEN\Backend\env\Lib\site-packages\django\core\handlers\base.py", line 198, in _get_response
    response = wrapped_callback(request, *callback_args, **callback_kwargs)
               ^^^^^^^^^^^^^^^^^^^^^^^^^^^^^^^^^^^^^^^^^^^^^^^^^^^^^^^^^^^^
  File "C:\Users\SHAHEEM\OneDrive\Desktop\IMPORTANT\BRO\WEEK24\KAAIZEN\Backend\env\Lib\site-packages\django\views\decorators\csrf.py", line 65, in _view_wrapper
    return view_func(request, *args, **kwargs)
           ^^^^^^^^^^^^^^^^^^^^^^^^^^^^^^^^^^^
  File "C:\Users\SHAHEEM\OneDrive\Desktop\IMPORTANT\BRO\WEEK24\KAAIZEN\Backend\env\Lib\site-packages\django\views\generic\base.py", line 106, in view
    return self.dispatch(request, *args, **kwargs)
           ^^^^^^^^^^^^^^^^^^^^^^^^^^^^^^^^^^^^^^^
  File "C:\Users\SHAHEEM\OneDrive\Desktop\IMPORTANT\BRO\WEEK24\KAAIZEN\Backend\env\Lib\site-packages\rest_framework\views.py", line 515, in dispatch
    response = self.handle_exception(exc)
               ^^^^^^^^^^^^^^^^^^^^^^^^^^
  File "C:\Users\SHAHEEM\OneDrive\Desktop\IMPORTANT\BRO\WEEK24\KAAIZEN\Backend\env\Lib\site-packages\rest_framework\views.py", line 475, in handle_exception
    self.raise_uncaught_exception(exc)
  File "C:\Users\SHAHEEM\OneDrive\Desktop\IMPORTANT\BRO\WEEK24\KAAIZEN\Backend\env\Lib\site-packages\rest_framework\views.py", line 486, in raise_uncaught_exception
    raise exc
  File "C:\Users\SHAHEEM\OneDrive\Desktop\IMPORTANT\BRO\WEEK24\KAAIZEN\Backend\env\Lib\site-packages\rest_framework\views.py", line 512, in dispatch
    response = handler(request, *args, **kwargs)
               ^^^^^^^^^^^^^^^^^^^^^^^^^^^^^^^^^
  File "C:\Users\SHAHEEM\OneDrive\Desktop\IMPORTANT\BRO\WEEK24\KAAIZEN\Backend\clients\views.py", line 22, in get
    profile = self.get_profile(request.user)
              ^^^^^^^^^^^^^^^^^^^^^^^^^^^^^^
  File "C:\Users\SHAHEEM\OneDrive\Desktop\IMPORTANT\BRO\WEEK24\KAAIZEN\Backend\clients\views.py", line 19, in get_profile
    return ClientProfile.objects.filter(user=user).first()
           ^^^^^^^^^^^^^^^^^^^^^^^^^^^^^^^^^^^^^^^
  File "C:\Users\SHAHEEM\OneDrive\Desktop\IMPORTANT\BRO\WEEK24\KAAIZEN\Backend\env\Lib\site-packages\django\db\models\manager.py", line 87, in manager_method
    return getattr(self.get_queryset(), name)(*args, **kwargs)
           ^^^^^^^^^^^^^^^^^^^^^^^^^^^^^^^^^^^^^^^^^^^^^^^^^^^
  File "C:\Users\SHAHEEM\OneDrive\Desktop\IMPORTANT\BRO\WEEK24\KAAIZEN\Backend\env\Lib\site-packages\django\db\models\query.py", line 1542, in filter
    return self._filter_or_exclude(False, args, kwargs)
           ^^^^^^^^^^^^^^^^^^^^^^^^^^^^^^^^^^^^^^^^^^^^
  File "C:\Users\SHAHEEM\OneDrive\Desktop\IMPORTANT\BRO\WEEK24\KAAIZEN\Backend\env\Lib\site-packages\django\db\models\query.py", line 1560, in _filter_or_exclude
    clone._filter_or_exclude_inplace(negate, args, kwargs)
  File "C:\Users\SHAHEEM\OneDrive\Desktop\IMPORTANT\BRO\WEEK24\KAAIZEN\Backend\env\Lib\site-packages\django\db\models\query.py", line 1570, in _filter_or_exclude_inplace
    self._query.add_q(Q(*args, **kwargs))
  File "C:\Users\SHAHEEM\OneDrive\Desktop\IMPORTANT\BRO\WEEK24\KAAIZEN\Backend\env\Lib\site-packages\django\db\models\sql\query.py", line 1671, in add_q
    clause, _ = self._add_q(q_object, can_reuse)
                ^^^^^^^^^^^^^^^^^^^^^^^^^^^^^^^^
  File "C:\Users\SHAHEEM\OneDrive\Desktop\IMPORTANT\BRO\WEEK24\KAAIZEN\Backend\env\Lib\site-packages\django\db\models\sql\query.py", line 1703, in _add_q
    child_clause, needed_inner = self.build_filter(
                                 ^^^^^^^^^^^^^^^^^^
  File "C:\Users\SHAHEEM\OneDrive\Desktop\IMPORTANT\BRO\WEEK24\KAAIZEN\Backend\env\Lib\site-packages\django\db\models\sql\query.py", line 1613, in build_filter
    condition = self.build_lookup(lookups, col, value)
                ^^^^^^^^^^^^^^^^^^^^^^^^^^^^^^^^^^^^^^
  File "C:\Users\SHAHEEM\OneDrive\Desktop\IMPORTANT\BRO\WEEK24\KAAIZEN\Backend\env\Lib\site-packages\django\db\models\sql\query.py", line 1440, in build_lookup
    lookup = lookup_class(lhs, rhs)
             ^^^^^^^^^^^^^^^^^^^^^^
  File "C:\Users\SHAHEEM\OneDrive\Desktop\IMPORTANT\BRO\WEEK24\KAAIZEN\Backend\env\Lib\site-packages\django\db\models\lookups.py", line 35, in __init__
    self.rhs = self.get_prep_lookup()
               ^^^^^^^^^^^^^^^^^^^^^^
  File "C:\Users\SHAHEEM\OneDrive\Desktop\IMPORTANT\BRO\WEEK24\KAAIZEN\Backend\env\Lib\site-packages\django\db\models\fields\related_lookups.py", line 113, in get_prep_lookup
    self.rhs = target_field.get_prep_value(self.rhs)
               ^^^^^^^^^^^^^^^^^^^^^^^^^^^^^^^^^^^^^
  File "C:\Users\SHAHEEM\OneDrive\Desktop\IMPORTANT\BRO\WEEK24\KAAIZEN\Backend\env\Lib\site-packages\django\db\models\fields\__init__.py", line 2750, in get_prep_value
    return self.to_python(value)
           ^^^^^^^^^^^^^^^^^^^^^
  File "C:\Users\SHAHEEM\OneDrive\Desktop\IMPORTANT\BRO\WEEK24\KAAIZEN\Backend\env\Lib\site-packages\django\db\models\fields\__init__.py", line 2768, in to_python
    raise exceptions.ValidationError(
django.core.exceptions.ValidationError: ['“AnonymousUser” is not a valid UUID.']
ERROR 2026-01-19 20:50:44,319 django.request Internal Server Error: /api/client/me/profile/
Traceback (most recent call last):
  File "C:\Users\SHAHEEM\OneDrive\Desktop\IMPORTANT\BRO\WEEK24\KAAIZEN\Backend\env\Lib\site-packages\django\db\models\fields\__init__.py", line 2766, in to_python
    return uuid.UUID(**{input_form: value})
           ^^^^^^^^^^^^^^^^^^^^^^^^^^^^^^^^
  File "C:\Users\SHAHEEM\AppData\Local\Programs\Python\Python312\Lib\uuid.py", line 175, in __init__
    hex = hex.replace('urn:', '').replace('uuid:', '')
          ^^^^^^^^^^^
AttributeError: 'AnonymousUser' object has no attribute 'replace'

During handling of the above exception, another exception occurred:

Traceback (most recent call last):
  File "C:\Users\SHAHEEM\OneDrive\Desktop\IMPORTANT\BRO\WEEK24\KAAIZEN\Backend\env\Lib\site-packages\django\core\handlers\exception.py", line 55, in inner
    response = get_response(request)
               ^^^^^^^^^^^^^^^^^^^^^
  File "C:\Users\SHAHEEM\OneDrive\Desktop\IMPORTANT\BRO\WEEK24\KAAIZEN\Backend\env\Lib\site-packages\django\core\handlers\base.py", line 198, in _get_response
    response = wrapped_callback(request, *callback_args, **callback_kwargs)
               ^^^^^^^^^^^^^^^^^^^^^^^^^^^^^^^^^^^^^^^^^^^^^^^^^^^^^^^^^^^^
  File "C:\Users\SHAHEEM\OneDrive\Desktop\IMPORTANT\BRO\WEEK24\KAAIZEN\Backend\env\Lib\site-packages\django\views\decorators\csrf.py", line 65, in _view_wrapper
    return view_func(request, *args, **kwargs)
           ^^^^^^^^^^^^^^^^^^^^^^^^^^^^^^^^^^^
  File "C:\Users\SHAHEEM\OneDrive\Desktop\IMPORTANT\BRO\WEEK24\KAAIZEN\Backend\env\Lib\site-packages\django\views\generic\base.py", line 106, in view
    return self.dispatch(request, *args, **kwargs)
           ^^^^^^^^^^^^^^^^^^^^^^^^^^^^^^^^^^^^^^^
  File "C:\Users\SHAHEEM\OneDrive\Desktop\IMPORTANT\BRO\WEEK24\KAAIZEN\Backend\env\Lib\site-packages\rest_framework\views.py", line 515, in dispatch
    response = self.handle_exception(exc)
               ^^^^^^^^^^^^^^^^^^^^^^^^^^
  File "C:\Users\SHAHEEM\OneDrive\Desktop\IMPORTANT\BRO\WEEK24\KAAIZEN\Backend\env\Lib\site-packages\rest_framework\views.py", line 475, in handle_exception
    self.raise_uncaught_exception(exc)
  File "C:\Users\SHAHEEM\OneDrive\Desktop\IMPORTANT\BRO\WEEK24\KAAIZEN\Backend\env\Lib\site-packages\rest_framework\views.py", line 486, in raise_uncaught_exception
    raise exc
  File "C:\Users\SHAHEEM\OneDrive\Desktop\IMPORTANT\BRO\WEEK24\KAAIZEN\Backend\env\Lib\site-packages\rest_framework\views.py", line 512, in dispatch
    response = handler(request, *args, **kwargs)
               ^^^^^^^^^^^^^^^^^^^^^^^^^^^^^^^^^
  File "C:\Users\SHAHEEM\OneDrive\Desktop\IMPORTANT\BRO\WEEK24\KAAIZEN\Backend\clients\views.py", line 22, in get
    profile = self.get_profile(request.user)
              ^^^^^^^^^^^^^^^^^^^^^^^^^^^^^^
  File "C:\Users\SHAHEEM\OneDrive\Desktop\IMPORTANT\BRO\WEEK24\KAAIZEN\Backend\clients\views.py", line 19, in get_profile
    return ClientProfile.objects.filter(user=user).first()
           ^^^^^^^^^^^^^^^^^^^^^^^^^^^^^^^^^^^^^^^
  File "C:\Users\SHAHEEM\OneDrive\Desktop\IMPORTANT\BRO\WEEK24\KAAIZEN\Backend\env\Lib\site-packages\django\db\models\manager.py", line 87, in manager_method
    return getattr(self.get_queryset(), name)(*args, **kwargs)
           ^^^^^^^^^^^^^^^^^^^^^^^^^^^^^^^^^^^^^^^^^^^^^^^^^^^
  File "C:\Users\SHAHEEM\OneDrive\Desktop\IMPORTANT\BRO\WEEK24\KAAIZEN\Backend\env\Lib\site-packages\django\db\models\query.py", line 1542, in filter
    return self._filter_or_exclude(False, args, kwargs)
           ^^^^^^^^^^^^^^^^^^^^^^^^^^^^^^^^^^^^^^^^^^^^
  File "C:\Users\SHAHEEM\OneDrive\Desktop\IMPORTANT\BRO\WEEK24\KAAIZEN\Backend\env\Lib\site-packages\django\db\models\query.py", line 1560, in _filter_or_exclude
    clone._filter_or_exclude_inplace(negate, args, kwargs)
  File "C:\Users\SHAHEEM\OneDrive\Desktop\IMPORTANT\BRO\WEEK24\KAAIZEN\Backend\env\Lib\site-packages\django\db\models\query.py", line 1570, in _filter_or_exclude_inplace
    self._query.add_q(Q(*args, **kwargs))
  File "C:\Users\SHAHEEM\OneDrive\Desktop\IMPORTANT\BRO\WEEK24\KAAIZEN\Backend\env\Lib\site-packages\django\db\models\sql\query.py", line 1671, in add_q
    clause, _ = self._add_q(q_object, can_reuse)
                ^^^^^^^^^^^^^^^^^^^^^^^^^^^^^^^^
  File "C:\Users\SHAHEEM\OneDrive\Desktop\IMPORTANT\BRO\WEEK24\KAAIZEN\Backend\env\Lib\site-packages\django\db\models\sql\query.py", line 1703, in _add_q
    child_clause, needed_inner = self.build_filter(
                                 ^^^^^^^^^^^^^^^^^^
  File "C:\Users\SHAHEEM\OneDrive\Desktop\IMPORTANT\BRO\WEEK24\KAAIZEN\Backend\env\Lib\site-packages\django\db\models\sql\query.py", line 1613, in build_filter
    condition = self.build_lookup(lookups, col, value)
                ^^^^^^^^^^^^^^^^^^^^^^^^^^^^^^^^^^^^^^
  File "C:\Users\SHAHEEM\OneDrive\Desktop\IMPORTANT\BRO\WEEK24\KAAIZEN\Backend\env\Lib\site-packages\django\db\models\sql\query.py", line 1440, in build_lookup
    lookup = lookup_class(lhs, rhs)
             ^^^^^^^^^^^^^^^^^^^^^^
  File "C:\Users\SHAHEEM\OneDrive\Desktop\IMPORTANT\BRO\WEEK24\KAAIZEN\Backend\env\Lib\site-packages\django\db\models\lookups.py", line 35, in __init__
    self.rhs = self.get_prep_lookup()
               ^^^^^^^^^^^^^^^^^^^^^^
  File "C:\Users\SHAHEEM\OneDrive\Desktop\IMPORTANT\BRO\WEEK24\KAAIZEN\Backend\env\Lib\site-packages\django\db\models\fields\related_lookups.py", line 113, in get_prep_lookup
    self.rhs = target_field.get_prep_value(self.rhs)
               ^^^^^^^^^^^^^^^^^^^^^^^^^^^^^^^^^^^^^
  File "C:\Users\SHAHEEM\OneDrive\Desktop\IMPORTANT\BRO\WEEK24\KAAIZEN\Backend\env\Lib\site-packages\django\db\models\fields\__init__.py", line 2750, in get_prep_value
    return self.to_python(value)
           ^^^^^^^^^^^^^^^^^^^^^
  File "C:\Users\SHAHEEM\OneDrive\Desktop\IMPORTANT\BRO\WEEK24\KAAIZEN\Backend\env\Lib\site-packages\django\db\models\fields\__init__.py", line 2768, in to_python
    raise exceptions.ValidationError(
django.core.exceptions.ValidationError: ['“AnonymousUser” is not a valid UUID.']
ERROR 2026-01-19 20:50:44,412 django.server "GET /api/client/me/profile/ HTTP/1.1" 500 27486
ERROR 2026-01-19 20:50:44,412 django.server "GET /api/client/me/profile/ HTTP/1.1" 500 27486
INFO 2026-01-19 20:54:39,518 django.utils.autoreload C:\Users\SHAHEEM\OneDrive\Desktop\IMPORTANT\BRO\WEEK24\KAAIZEN\Backend\nutrition\models.py changed, reloading.
INFO 2026-01-19 20:54:39,518 django.utils.autoreload C:\Users\SHAHEEM\OneDrive\Desktop\IMPORTANT\BRO\WEEK24\KAAIZEN\Backend\nutrition\models.py changed, reloading.
INFO 2026-01-19 20:54:45,252 django.utils.autoreload Watching for file changes with StatReloader
INFO 2026-01-19 20:54:45,252 django.utils.autoreload Watching for file changes with StatReloader
INFO 2026-01-19 20:54:45,907 clients.serializers.client_profile from client profile serializer
INFO 2026-01-19 20:55:02,183 django.utils.autoreload C:\Users\SHAHEEM\OneDrive\Desktop\IMPORTANT\BRO\WEEK24\KAAIZEN\Backend\nutrition\models.py changed, reloading.
INFO 2026-01-19 20:55:02,183 django.utils.autoreload C:\Users\SHAHEEM\OneDrive\Desktop\IMPORTANT\BRO\WEEK24\KAAIZEN\Backend\nutrition\models.py changed, reloading.
INFO 2026-01-19 20:55:04,129 django.utils.autoreload Watching for file changes with StatReloader
INFO 2026-01-19 20:55:04,129 django.utils.autoreload Watching for file changes with StatReloader
INFO 2026-01-19 20:55:06,760 django.utils.autoreload C:\Users\SHAHEEM\OneDrive\Desktop\IMPORTANT\BRO\WEEK24\KAAIZEN\Backend\nutrition\models.py changed, reloading.
INFO 2026-01-19 20:55:06,760 django.utils.autoreload C:\Users\SHAHEEM\OneDrive\Desktop\IMPORTANT\BRO\WEEK24\KAAIZEN\Backend\nutrition\models.py changed, reloading.
INFO 2026-01-19 20:55:08,136 django.utils.autoreload Watching for file changes with StatReloader
INFO 2026-01-19 20:55:08,136 django.utils.autoreload Watching for file changes with StatReloader
INFO 2026-01-19 20:55:08,479 clients.serializers.client_profile from client profile serializer
WARNING 2026-01-19 20:58:18,187 django.request Unauthorized: /api/auth/me/
WARNING 2026-01-19 20:58:18,187 django.request Unauthorized: /api/auth/me/
WARNING 2026-01-19 20:58:18,190 django.server "GET /api/auth/me/ HTTP/1.1" 401 28
WARNING 2026-01-19 20:58:18,190 django.server "GET /api/auth/me/ HTTP/1.1" 401 28
INFO 2026-01-19 20:58:27,717 django.server "POST /api/auth/refresh/ HTTP/1.1" 200 28
INFO 2026-01-19 20:58:27,717 django.server "POST /api/auth/refresh/ HTTP/1.1" 200 28
INFO 2026-01-19 20:58:27,925 django.server "GET /api/auth/me/ HTTP/1.1" 200 65
INFO 2026-01-19 20:58:27,925 django.server "GET /api/auth/me/ HTTP/1.1" 200 65
INFO 2026-01-19 20:58:28,081 django.server "GET /api/nutrition/daily-summary/2026-01-19/ HTTP/1.1" 200 107
INFO 2026-01-19 20:58:28,081 django.server "GET /api/nutrition/daily-summary/2026-01-19/ HTTP/1.1" 200 107
INFO 2026-01-19 20:58:28,200 django.server "GET /api/client/me/profile/ HTTP/1.1" 200 472
INFO 2026-01-19 20:58:28,200 django.server "GET /api/client/me/profile/ HTTP/1.1" 200 472
INFO 2026-01-19 20:58:28,275 django.server "GET /api/nutrition/daily-summary/2026-01-19/ HTTP/1.1" 200 107
INFO 2026-01-19 20:58:28,275 django.server "GET /api/nutrition/daily-summary/2026-01-19/ HTTP/1.1" 200 107
INFO 2026-01-19 20:58:29,753 django.server "GET /api/nutrition/daily-summary/2026-01-19/ HTTP/1.1" 200 107
INFO 2026-01-19 20:58:29,753 django.server "GET /api/nutrition/daily-summary/2026-01-19/ HTTP/1.1" 200 107
INFO 2026-01-19 20:58:29,758 django.server "GET /api/nutrition/meal-entries/2026-01-19/ HTTP/1.1" 200 1474
INFO 2026-01-19 20:58:29,758 django.server "GET /api/nutrition/meal-entries/2026-01-19/ HTTP/1.1" 200 1474
INFO 2026-01-19 20:58:32,760 django.server "GET /api/client/meal-allocations/ HTTP/1.1" 200 349
INFO 2026-01-19 20:58:32,760 django.server "GET /api/client/meal-allocations/ HTTP/1.1" 200 349
INFO 2026-01-19 20:58:57,809 django.server "OPTIONS /api/nutrition/meal-entries/ HTTP/1.1" 200 0
INFO 2026-01-19 20:58:57,809 django.server "OPTIONS /api/nutrition/meal-entries/ HTTP/1.1" 200 0
DEBUG 2026-01-19 20:58:58,377 urllib3.connectionpool Starting new HTTPS connection (1): api.edamam.com:443
DEBUG 2026-01-19 20:59:00,093 urllib3.connectionpool https://api.edamam.com:443 "POST /api/nutrition-details?app_id=e9506ce1&app_key=818534556d1d6a5e8d705614b79cb415 HTTP/1.1" 200 None
INFO 2026-01-19 20:59:00,216 django.server "POST /api/nutrition/meal-entries/ HTTP/1.1" 201 383
INFO 2026-01-19 20:59:00,216 django.server "POST /api/nutrition/meal-entries/ HTTP/1.1" 201 383
INFO 2026-01-19 20:59:00,379 django.server "GET /api/nutrition/meal-entries/2026-01-19/ HTTP/1.1" 200 1858
INFO 2026-01-19 20:59:00,379 django.server "GET /api/nutrition/meal-entries/2026-01-19/ HTTP/1.1" 200 1858
INFO 2026-01-19 20:59:00,379 django.server "GET /api/nutrition/daily-summary/2026-01-19/ HTTP/1.1" 200 106
INFO 2026-01-19 20:59:00,379 django.server "GET /api/nutrition/daily-summary/2026-01-19/ HTTP/1.1" 200 106
INFO 2026-01-19 20:59:21,377 django.server "GET /api/nutrition/daily-summary/2026-01-19/ HTTP/1.1" 200 106
INFO 2026-01-19 20:59:21,377 django.server "GET /api/nutrition/daily-summary/2026-01-19/ HTTP/1.1" 200 106
INFO 2026-01-19 20:59:21,453 django.server "GET /api/nutrition/daily-summary/2026-01-19/ HTTP/1.1" 200 106
INFO 2026-01-19 20:59:21,453 django.server "GET /api/nutrition/daily-summary/2026-01-19/ HTTP/1.1" 200 106
INFO 2026-01-19 20:59:52,863 django.server "GET /api/nutrition/daily-summary/2026-01-19/ HTTP/1.1" 200 106
INFO 2026-01-19 20:59:52,863 django.server "GET /api/nutrition/daily-summary/2026-01-19/ HTTP/1.1" 200 106
INFO 2026-01-19 20:59:52,995 django.server "GET /api/nutrition/daily-summary/2026-01-19/ HTTP/1.1" 200 106
INFO 2026-01-19 20:59:52,995 django.server "GET /api/nutrition/daily-summary/2026-01-19/ HTTP/1.1" 200 106
INFO 2026-01-19 21:01:07,187 django.server "GET /api/nutrition/daily-summary/2026-01-19/ HTTP/1.1" 200 106
INFO 2026-01-19 21:01:07,187 django.server "GET /api/nutrition/daily-summary/2026-01-19/ HTTP/1.1" 200 106
INFO 2026-01-19 21:01:07,258 django.server "GET /api/nutrition/daily-summary/2026-01-19/ HTTP/1.1" 200 106
INFO 2026-01-19 21:01:07,258 django.server "GET /api/nutrition/daily-summary/2026-01-19/ HTTP/1.1" 200 106
INFO 2026-01-19 21:09:53,546 django.utils.autoreload C:\Users\SHAHEEM\OneDrive\Desktop\IMPORTANT\BRO\WEEK24\KAAIZEN\Backend\nutrition\models.py changed, reloading.
INFO 2026-01-19 21:09:53,546 django.utils.autoreload C:\Users\SHAHEEM\OneDrive\Desktop\IMPORTANT\BRO\WEEK24\KAAIZEN\Backend\nutrition\models.py changed, reloading.
INFO 2026-01-19 21:09:55,504 django.utils.autoreload Watching for file changes with StatReloader
INFO 2026-01-19 21:09:55,504 django.utils.autoreload Watching for file changes with StatReloader
INFO 2026-01-19 21:09:55,932 clients.serializers.client_profile from client profile serializer
INFO 2026-01-19 21:19:49,521 django.utils.autoreload C:\Users\SHAHEEM\OneDrive\Desktop\IMPORTANT\BRO\WEEK24\KAAIZEN\Backend\workouts\models.py changed, reloading.
INFO 2026-01-19 21:19:49,521 django.utils.autoreload C:\Users\SHAHEEM\OneDrive\Desktop\IMPORTANT\BRO\WEEK24\KAAIZEN\Backend\workouts\models.py changed, reloading.
INFO 2026-01-19 21:19:52,081 django.utils.autoreload Watching for file changes with StatReloader
INFO 2026-01-19 21:19:52,081 django.utils.autoreload Watching for file changes with StatReloader
INFO 2026-01-19 21:19:52,517 clients.serializers.client_profile from client profile serializer
INFO 2026-01-19 21:29:56,364 django.utils.autoreload C:\Users\SHAHEEM\OneDrive\Desktop\IMPORTANT\BRO\WEEK24\KAAIZEN\Backend\nutrition\models.py changed, reloading.
INFO 2026-01-19 21:29:56,364 django.utils.autoreload C:\Users\SHAHEEM\OneDrive\Desktop\IMPORTANT\BRO\WEEK24\KAAIZEN\Backend\nutrition\models.py changed, reloading.
INFO 2026-01-19 21:29:58,947 django.utils.autoreload Watching for file changes with StatReloader
INFO 2026-01-19 21:29:58,947 django.utils.autoreload Watching for file changes with StatReloader
INFO 2026-01-19 21:30:31,779 django.utils.autoreload C:\Users\SHAHEEM\OneDrive\Desktop\IMPORTANT\BRO\WEEK24\KAAIZEN\Backend\nutrition\models.py changed, reloading.
INFO 2026-01-19 21:30:31,779 django.utils.autoreload C:\Users\SHAHEEM\OneDrive\Desktop\IMPORTANT\BRO\WEEK24\KAAIZEN\Backend\nutrition\models.py changed, reloading.
INFO 2026-01-19 21:30:33,119 django.utils.autoreload Watching for file changes with StatReloader
INFO 2026-01-19 21:30:33,119 django.utils.autoreload Watching for file changes with StatReloader
INFO 2026-01-19 21:30:42,281 django.utils.autoreload C:\Users\SHAHEEM\OneDrive\Desktop\IMPORTANT\BRO\WEEK24\KAAIZEN\Backend\nutrition\models.py changed, reloading.
INFO 2026-01-19 21:30:42,281 django.utils.autoreload C:\Users\SHAHEEM\OneDrive\Desktop\IMPORTANT\BRO\WEEK24\KAAIZEN\Backend\nutrition\models.py changed, reloading.
INFO 2026-01-19 21:30:43,610 django.utils.autoreload Watching for file changes with StatReloader
INFO 2026-01-19 21:30:43,610 django.utils.autoreload Watching for file changes with StatReloader
INFO 2026-01-19 21:31:01,282 django.utils.autoreload C:\Users\SHAHEEM\OneDrive\Desktop\IMPORTANT\BRO\WEEK24\KAAIZEN\Backend\nutrition\models.py changed, reloading.
INFO 2026-01-19 21:31:01,282 django.utils.autoreload C:\Users\SHAHEEM\OneDrive\Desktop\IMPORTANT\BRO\WEEK24\KAAIZEN\Backend\nutrition\models.py changed, reloading.
INFO 2026-01-19 21:31:03,352 django.utils.autoreload Watching for file changes with StatReloader
INFO 2026-01-19 21:31:03,352 django.utils.autoreload Watching for file changes with StatReloader
INFO 2026-01-19 21:31:04,877 django.utils.autoreload C:\Users\SHAHEEM\OneDrive\Desktop\IMPORTANT\BRO\WEEK24\KAAIZEN\Backend\nutrition\models.py changed, reloading.
INFO 2026-01-19 21:31:04,877 django.utils.autoreload C:\Users\SHAHEEM\OneDrive\Desktop\IMPORTANT\BRO\WEEK24\KAAIZEN\Backend\nutrition\models.py changed, reloading.
INFO 2026-01-19 21:31:06,157 django.utils.autoreload Watching for file changes with StatReloader
INFO 2026-01-19 21:31:06,157 django.utils.autoreload Watching for file changes with StatReloader
INFO 2026-01-19 21:31:06,723 clients.serializers.client_profile from client profile serializer
INFO 2026-01-19 21:37:56,911 django.utils.autoreload C:\Users\SHAHEEM\OneDrive\Desktop\IMPORTANT\BRO\WEEK24\KAAIZEN\Backend\nutrition\views.py changed, reloading.
INFO 2026-01-19 21:37:56,911 django.utils.autoreload C:\Users\SHAHEEM\OneDrive\Desktop\IMPORTANT\BRO\WEEK24\KAAIZEN\Backend\nutrition\views.py changed, reloading.
INFO 2026-01-19 21:37:58,781 django.utils.autoreload Watching for file changes with StatReloader
INFO 2026-01-19 21:37:58,781 django.utils.autoreload Watching for file changes with StatReloader
INFO 2026-01-19 21:37:59,253 clients.serializers.client_profile from client profile serializer
INFO 2026-01-20 11:52:59,441 clients.serializers.client_profile from client profile serializer
INFO 2026-01-20 11:54:35,692 clients.serializers.client_profile from client profile serializer
INFO 2026-01-20 11:55:14,655 clients.serializers.client_profile from client profile serializer
INFO 2026-01-20 11:56:20,429 clients.serializers.client_profile from client profile serializer
INFO 2026-01-20 11:56:36,639 clients.serializers.client_profile from client profile serializer
INFO 2026-01-20 11:56:49,454 django.utils.autoreload Watching for file changes with StatReloader
INFO 2026-01-20 11:56:49,454 django.utils.autoreload Watching for file changes with StatReloader
INFO 2026-01-20 11:56:49,718 clients.serializers.client_profile from client profile serializer
